htid,year,bib_fmt,stratum,title,description
uc1.$b174456,1944,BK,book,"""And pass the ammunition,"" by Chaplain Howell M. Forgy ... edited by Jack S. McDowell.",
mdp.39015026651730,1965,BK,book,"""I saw you from afar""; a visit to the Bushmen of the Kalahari Desert / [by] Carol Morse Perkins and Marlin Perkins.",
uc1.$b326480,1965,BK,book,"""I saw you from afar""; a visit to the Bushmen of the Kalahari Desert / [by] Carol Morse Perkins and Marlin Perkins.",
txu.059173026932970,1971,BK,book,"""With his pistol in his hand"", a border ballad and its hero / by Américo Paredes.",
mdp.39015020715093,1958,BK,book,"""With his pistol in his hand,"" : a border ballad and its hero.",
txu.059173026932960,1958,BK,book,"""With his pistol in his hand,"" : a border ballad and its hero.",
txu.059173026932959,1958,BK,book,"""With his pistol in his hand,"" : a border ballad and its hero.",
txu.059173006126527,1958,BK,book,"""With his pistol in his hand,"" : a border ballad and its hero.",
txu.059172013118848,1958,BK,book,"""With his pistol in his hand,"" : a border ballad and its hero.",
uc1.b3773893,1958,BK,book,"""With his pistol in his hand,"" : a border ballad and its hero.",
coo.31924002886079,1953,BK,book,1. Some factors for the development of color in potato chips. 2. Some observations on the browning reaction at a relatively extreme temperature.,
uc1.b3179423,1978,BK,book,"20th-century foreign women writers / Martha O'Nan, ed. ; articles by Evelyne Accad ... [et al.] ; poems by Edith Södergran, Barbara Clarke Mossberg.",
uc1.32106005768525,1952,BK,book,"3: This gun for hire, The confidential agent, The ministry of fear.",
uiug.30112029124283,1959,BK,book,"4 from the circle : short stories and poems : reprinted from Der Kreis (The Circle), Zurich / original drawings by J. Colton.",
pst.000029169429,1974,BK,book,"75 years with the shotgun : an expert hunter and trapshooter shares experiences of a lifetime / by C. T. ""Buck"" Buckman.",
mdp.39015030947769,1974,BK,book,A Browning calendar / edited by Constance M. Spender.,
mdp.39015024865670,1935,BK,book,A Browning handbook / by William Clyde DeVane.,
mdp.39015000225733,1955,BK,book,A Browning handbook.,
mdp.39015002240292,1955,BK,book,A Browning handbook.,
uc1.b3489664,1955,BK,book,A Browning handbook.,(copy 1)
mdp.39015047545184,1970,BK,book,A Browning primer / With an introd. by F. J. Furnivall.,
uc1.$b112665,1937,BK,book,"A Christmas book from the Department of English, Hunter College of the city of New York. Edited by Blanche Colton Williams, head of the department.",
nyp.33433112018134,1937,BK,book,"A Christmas book from the Department of English, Hunter College of the city of New York. Edited by Blanche Colton Williams, head of the department.",---
mdp.39015031307401,1940,BK,book,A Tennyson Browning association book / by J. Christian Bay.,
nyp.33433044912586,1961,BK,book,A beginner's book of sporting guns and hunting.,
mdp.39015011819441,1967,BK,book,A bibliography of Elizabeth Barrett Browning.,
uc1.$b141137,1970,BK,book,"A bibliography of dissertations in geography, 1901 to 1969: American and Canadian universities [by] Clyde E. Browning.",
uiug.30112106624940,1970,BK,book,"A carbon dioxide reduction unit using Bosch reaction and expendable catalyst cartridges, by R.F. Holmes, E.E. Keller, and C.D. King.",
inu.32000014447231,1974,BK,book,"A ceremonial cave in the Winchester Mountains, Arizona. [by] William Shirley Fulton.  Dragoon, Arizona, The Amerind Foundation, 1941.",
dul1.ark:/13960/t3qv6bg3w,1953,BK,book,"A church history, by Charles Jerome Huneycutt; and, A fragmentary history of Pleasant Green Methodist Episcopal Church, South, Durham Circuit, Durham District, North Carolina Conference, by Alan Browning.",
mdp.39015023930590,1964,BK,book,A classified bibliography of argumentation and debate / by Arthur N. Kruger.,
mdp.39015034563588,1964,BK,book,A classified bibliography of argumentation and debate / by Arthur N. Kruger.,
uc1.$b680080,1964,BK,book,A classified bibliography of argumentation and debate / by Arthur N. Kruger.,
uc1.b4456988,1964,BK,book,A classified bibliography of argumentation and debate / by Arthur N. Kruger.,
mdp.39015004693787,1966,BK,book,A commentary upon Browning's The ring and the book / by A.K. Cook.,
mdp.39015002197740,1966,BK,book,A commentary upon Browning's The ring and the book / by A.K. Cook.,
mdp.39015004730175,1966,BK,book,A commentary upon Browning's The ring and the book / by A.K. Cook.,
umn.319510016040689,1966,BK,book,A commentary upon Browning's The ring and the book / by A.K. Cook.,
uc1.32106001926390,1976,BK,book,"A critical edition of Robert Browning's ""Bishop Blougram's Apology"" / by Frank Charles Allen.",
uc1.31822011582673,1977,BK,book,A day with Elizabeth Barrett Browning / by May Byron,
mdp.49015000545575,1970,BK,book,"A deal in wheat, and other stories of the new and old West / Illustrated by Remington [and others] New York, Doubleday, Page, 1903.",
mdp.39015064857389,1942,BK,book,A dramatic arrangement of Browning's Paracelsus.,
osu.32435021937891,1942,BK,book,A dramatic arrangement of Browning's Paracelsus.,v.45:no.1 1942
ien.35556021319082,1964,BK,book,A framework for balanced transportation planning in metropolitan regions / by Pieter Willem Bingle Kruger.,
mdp.39015014855665,1967,BK,book,A group of English essayists of the early nineteenth century / by C.T. Winchester.,
mdp.49015000554353,1967,BK,book,A group of English essayists of the early nineteenth century / by C.T. Winchester.,
uc1.b4306513,1967,BK,book,A group of English essayists of the early nineteenth century / by C.T. Winchester.,
uc1.b3970931,1966,BK,book,A guide to reading in American history; the unit approach [by] Herbert Herskowitz and Bernard Marlin.,
uc1.$b451592,1972,BK,book,"A gun play; a play, by Yale M. Udoff.",
inu.32000007704671,1969,BK,book,A handbook to the works of Robert Browning / by Mrs. Sutherland Orr.,
umn.31951000792477l,1942,BK,book,A history of Browning guns from 1831.,
uc1.31175006806882,1965,BK,book,"A history of Spanish firearms, by James D. Lavin.",
mdp.39015046330349,1936,BK,book,A history of firearms / by Major H. B. C. Pollard ... with forty-one half-tone and line plates.,
mdp.39015000947021,1955,BK,book,"A history of firearms, from earliest times to 1914.",
uva.x001607978,1947,BK,book,"A history of the Presbytery of Winchester (Synod of Virginia): its rise and growth, ecclesiastical relations, institutions and agencies, churches and ministers, 1719-1945. / Based on official documents. ; By Robert Bell Woodworth, D.Sc.",
wu.89067534065,1947,BK,book,"A history of the Presbytery of Winchester (Synod of Virginia): its rise and growth, ecclesiastical relations, institutions and agencies, churches and ministers, 1719-1945. / Based on official documents. ; By Robert Bell Woodworth, D.Sc.",
mdp.39015000063944,1971,BK,book,A history of the modern world / [by] R. R. Palmer [and] Joel Colton.,
mdp.39015007180493,1965,BK,book,A history of the modern world / by R. R. Palmer and Joel Colton.,
mdp.39015025029060,1971,BK,book,A history of the modern world since 1815 / [by] R. R. Palmer [and] Joel Colton.,
wu.89031315195,1970,BK,book,"A horse named Kelso, by Pat Johnson and Walter D. Osborne.  Introd. by Mrs. Richard C. Dupont. Illustrated with Richard Stone Reeves'  paintings.",
mdp.39015079889120,1967,BK,book,"A list of doctoral dissertations on Australia, covering 1933/34 through 1964/65; Canada, covering 1933/34 through 1964/65; New Zealand, covering 1933/34 through 1964/65 / Compiled by Doris M. Cruger.",
inu.32000003250869,1971,BK,book,"A phrase book from the poetic and dramatic works of Robert Browning, to which is added an index containing the significant words not elsewhere noted.",
wu.89001267681,1970,BK,book,"A primer on Browning, by F. Mary Wilson.",
uva.x000212633,1976,BK,book,A season in the life of Emmanuel / Marie-Claire Blais. Translated from the French by Derek Coltman. Introduction by Edmund Wilson.,
mdp.39015031305710,1971,BK,book,A study of Browning's The ring and the book / by James Cassidy (E. M. Story),
umn.31951d01549911a,1978,BK,book,A study of owners of small timber tracts in Louisiana / Clifton B. Marlin.,
uiug.30112019600730,1978,BK,book,A study of owners of small timber tracts in Louisiana / Clifton B. Marlin.,v.710(1978)
coo.31924004439331,1944,BK,book,A study of specifications of a factory to manufacture ten thousand .50 caliber machine-gun mountings per month.,
uiug.30112113048893,1979,BK,book,A study of the applicability of batch reactor wastewater treatment for areas of intermittent loading / by James E. Alleman and Joanne S. Colt.,
umn.31951001986557n,1950,BK,book,A study of the browning of bread on storage.,
coo.31924014098606,1943,BK,book,A study of the experimental neurosis in dogs. A. The identification of gun-shyness with the experimental neurosis. B. The effect of denervation of the adrenal glands on the manifestations of experimental neurosis.,
coo.31924004701250,1959,BK,book,A study of the thermionic point filament electron gun.,
coo.31924004105999,1951,BK,book,A study of two high current electron guns.,
mdp.39015039925329,1980,BK,book,A variorum edition of Elizabeth Barrett Browning's Sonnets from the Portuguese / by Miroslava Wein Dow.,
uva.x004211040,1964,BK,book,"A working model of the generating electric field meter : a technical progress report / submitted to Harry Diamond Laboratories, submitted by Harold D. Browning.",
mdp.39015000539471,1935,BK,book,About the murder of a startled lady : a Thatcher Colt detective mystery / by Anthony Abbot.,
uc1.$b104074,1935,BK,book,About the murder of a startled lady : a Thatcher Colt detective mystery / by Anthony Abbot.,
mdp.39015000539513,1933,BK,book,About the murder of the clergyman's mistress / by Anthony Abbot [pseudonym]; a Thatcher Colt detective mystery.,
nnc1.ar00006912,1960,BK,book,"Accessions, 1960 : exhibition, December 21, 1960 to February 18, 1961 / by the Wintherthur Corporation for the Corbit House, the Henry Francis Du Pont Winterthur Museum, the Waldron Phoenix Belknap, Jr. Research Library of American Painting ; [catalogue and exhibition designed by Donald D. MacMillan",
mdp.39015003712455,1950,BK,book,"Acetylene, homologs and derivatives / by Pierre Piganiol. Preface by G. Dupont. Translated from the 2d rev. ed. by Frederick A. Hessel and John B. Rust.",
umn.31951d00635783k,1940,BK,book,Advanced gunsmithing.,
uiug.30112050047825,1940,BK,book,"Advanced gunsmithing; a manual of instruction in the manufacture, alteration and repair of firearms in-so-far as the necessary metal work with hand and machine tools is concerned, with chapters on the boring, rifling and chambering of barrels, for amateur and professional gunsmiths, by W. F. Vickery",
osu.32437122129857,1979,BK,book,"Advancing your citizenship : an advocacy manual for persons with disabilities / Anita Crosson, Philip Browning, Robert E. Krambs.",
osu.32437122180371,1980,BK,book,"Advancing your citizenship : an annotated bibliography on consumerism/advocacy for persons with disabilities / Philip Browning, Cindy Rhoades, Anita Crosson.",
osu.32437122131465,1980,BK,book,"Advancing your citizenship : essays on consumer involvement of the handicapped / Philip Browning, Cindy Rhoades, Anita Crosson.",
mdp.39015000520398,1968,BK,book,"Adversity and grace; studies in recent American literature / by Preston M. Browning, Jr. [and others] Edited by Nathan A. Scott, Jr.",
mdp.39015005388080,1976,BK,book,Aeolian harps : essays in literature in honor of Maurice Browning Cramer / edited by Donna G. Fricke and Douglas C. Fricke.,
mdp.39015020847771,1945,BK,book,"Against these three : a biography of Paul Kruger, Cecil Rhodes, and Lobengula, last king of the Matabele / Stuart Cloete ; illustrated with maps and ports. by Roland Cosimini.",
uc1.$b303759,1945,BK,book,"Against these three : a biography of Paul Kruger, Cecil Rhodes, and Lobengula, last king of the Matabele / Stuart Cloete ; illustrated with maps and ports. by Roland Cosimini.",
ufl.31262001451250,1945,BK,book,"Against these three, a biography of Paul Kruger, Cecil Rhodes, and Lobengula, last king of the Matabele illustrated with maps and portraits by Roland Cosimini.",
mdp.39076005656116,1947,BK,book,"Against these three, a biography of Paul Kruger, Cecil Rhodes, and Lobengula, last king of the Matabele.",
uva.x000157445,1974,BK,book,Aging in America / Bert Kruger Smith.,
uiug.30112101465059,1956,BK,book,Air-guns and air-pistols.,
mdp.39015002250275,1975,BK,book,Alexander Bestuzhev-Marlinsky / by Lauren G. Leighton.,
mdp.39015051361478,1941,BK,book,"Alfred I. DuPont, the family rebel / by Marquis James ...",
uc1.b4986950,1941,BK,book,"Alfred I. DuPont, the family rebel / by Marquis James ...",
mdp.39015041025902,1943,BK,book,"All-out Arlene, a story of the girls behind the boys behind the guns / with pictures by Herbert Roese.",
wu.89066129784,1976,BK,book,America's religious treasures : a spiritual heritage travel guide / text by Marion Rawson Vuilleumier ; ill. by Pierre DuPont Vuilleumier.,
nyp.33433009108980,1947,BK,book,"American firearms : an histology of American gunsmiths, arms manufacturers & patentees with detailed description of their arms / by Stephen Van Rensselaer.",
nyp.33433009108857,1947,BK,book,"American firearms : an histology of American gunsmiths, arms manufacturers & patentees with detailed description of their arms / by Stephen Van Rensselaer.",suppl.
uc1.l0068308584,1962,BK,book,American firearms and the changing frontier. Written for the Eastern Washington State Historical Society. Drawings by Ronald Kuhler.,
mdp.39015021651719,1953,BK,book,"American firearms makers : when, where, and what they made, from the Colonial period to the end of the nineteenth century / A. Merwyn Carey.",
uiug.30112066316800,1939,BK,book,"American furniture & English pieces : Remington bronze : Mounted trapper : America historical chintzes, paintings and prints : Staffordshire, Oriental Lowestoft, Chelsea and other English porcelains : property of Mrs. Joseph H. Holmes ; Mrs. Alexander Moro ; a New York private collector and other ow",
mdp.39015031700001,1952,BK,book,"American furniture, Queen Anne and Chippendale periods, in the Henry Francis du Pont Winterthur Museum / by Joseph Downs. Foreword by Henry Francis du Pont.",
uva.x006146640,1978,BK,book,"American furniture, the Federal period : in the Henry Francis du Pont Winterthur Museum / by Charles F. Montgomery ; foreword by Henry Francis du Pont ; with photos. by Gilbert Ask.",
mdp.39015031700266,1966,BK,book,"American furniture, the Federal period, in the Henry Francis du Pont Winterthur Museum / by Charles F. Montgomery. Foreword by Henry Francis du Pont. With photos. by Gilbert Ask.",
mdp.49015001227405,1966,BK,book,"American furniture, the Federal period, in the Henry Francis du Pont Winterthur Museum / by Charles F. Montgomery. Foreword by Henry Francis du Pont. With photos. by Gilbert Ask.",
inu.30000001706724,1966,BK,book,"American furniture, the Federal period, in the Henry Francis du Pont Winterthur Museum / by Charles F. Montgomery. Foreword by Henry Francis du Pont. With photos. by Gilbert Ask.",
osu.32435077073567,1963,BK,book,"American paintings and drawings : Calder, Davis, Evergood, Glackens, Gwathmey, Inness, Kline, Kuniyoshi, Lawson, Luks, Marsh, Matta, Motherwell, Remington, Rice-Pereria, Shinn, M. and R. Soyer, Tamayo, Twachtman  : sculptures by Baker, Gross and Hebald : public auction, Wednesday, October 9.",
pst.000029330164,1978,BK,book,American pistol & revolver design and performance / L. R. Wallack.,
pst.000029330607,1977,BK,book,American rifle design and performance / L. R. Wallack.,
uiug.30112061061146,1970,BK,book,"Ammunition production for Vietnam: impact on southeast Kansas; final report, by Bruce W. Macy, Robert E. Roberts [and] Patricia Quinlan.",
mdp.39015013353613,1970,BK,book,"Ammunition production for Vietnam: impact on southeast Kansas; final report, by Bruce W. Macy, Robert E. Roberts [and] Patricia Quinlan.",
uc1.b4498349,1943,BK,book,"Ammunition; its history, development and use, 1600 to 1943 -.22 BB cap to 20 mm. shell, by Melvin M. Johnson and Charles T. Haven.",
mdp.39015051363466,1973,BK,book,An Elizabeth Barrett Browning concordance / compiled by Gladys W. Hudson.,v.1
mdp.39015051363458,1973,BK,book,An Elizabeth Barrett Browning concordance / compiled by Gladys W. Hudson.,v.2
mdp.39015051363441,1973,BK,book,An Elizabeth Barrett Browning concordance / compiled by Gladys W. Hudson.,v.3
mdp.39015051363433,1973,BK,book,An Elizabeth Barrett Browning concordance / compiled by Gladys W. Hudson.,v.4
coo.31924029642323,1938,BK,book,"An account of Browning Room at Baylor University, Waco, Texas.",
mdp.39015012563295,1977,BK,book,"An analysis of health care delivery / James M. Rosser, Howard E. Mossberg.",
coo.31924013009034,1940,BK,book,An analysis of pupil transportation problems in Pennsylvania with a view to establishing a more adequate system of transportation records / by George Marlin Spaid.,
ufl.31262041597476,1973,BK,book,An archaeological and historical survey of the Florida Power and Light Company Manatee power plant / William D. Browning.,
ufl.31262041597492,1975,BK,book,"An archaeological and historical survey of the International Mineral and Chemical Company [sic] Kingsford plant in Hillsborough County, Florida / William D. Browning.",
mdp.39015007415469,1968,BK,book,"An atlas and dissection manual of Rhesus monkey anatomy / by Orville M. Berringer, Jr., Freddie M. Browning [and] Charles R. Schroeder.",
mdp.39015077923012,1940,BK,book,An introduction to abstract algebra / by Cyrus Colton MacDuffee.,
uc1.$b531899,1947,BK,book,An introduction to abstract algebra / by Cyrus Colton MacDuffee.,
uva.x000086523,1970,BK,book,An introduction to the study of Browning.,
mdp.39015000672017,1970,BK,book,An introduction to the study of Robert Browning's poetry / by Hiram Corson.,
uc1.c2933025,1957,BK,book,An investigation of low-noise electron guns for backward-wave amplifiers / by William Bruce Bridges.,
uc1.b3132092,1938,BK,book,"An outline of statistical methods as applied to economics, business, education, social and physical sciences, etc. / Herbert Arkin, Raymond R. Colton ; with a preface by Justin H. Moore.",
uva.x030759240,1934,BK,book,"An outline of statistical methods as applied to economics, business, education, social and physical sicences, etc. / Herbert Arkin, Raymond R. Colton ; with a preface by Justin H. Moore.",
umn.319510001332716,1950,BK,book,"An outline of statistical methods as applied to economics, business, psychology, education and biology / Herbert Arkin, Raymond R. Colton.",
mdp.35128000434165,1938,BK,book,"An outline of statistical methods, as applied to economics, business, education, social and physical sciences, etc. / [by] Herbert Arkin...and Raymond R. Colton ...with a preface by Justin H. Moore.",
wu.89033916123,1950,BK,book,"An outline of statistical methods, as applied to economics, business, education, social and physical sciences, etc. [by] Herbert Arkin ... and Raymond R. Colton ... [with a preface by Justin H. Moore] ...",
uc1.b4586703,1977,BK,book,Analysis of paper / B. L. Browning.,
mdp.39015010634585,1969,BK,book,Analysis of paper / [by] B. L. Browning.,
uc1.b4405957,1980,BK,book,Analytic theory of partial differential equations / David L. Colton.,
mdp.39015010768292,1970,BK,book,Angkor; an essay on art and imperialism / [by] Jan Myrdal and Gun Kessle. Translated from the Swedish by Paul Britten Austin.,
uc1.b4097614,1952,BK,book,"Annie get your gun, as a straight play without music. Based on the original musical play; music and lyrics by Irving Berlin; book by Dorothy and Herbert Fields; original version produced on Broadway by Richard Rodgers and Oscar Hammerstein II.",
nyp.33433016123055,1952,BK,book,Annie get your gun; a musical play in two acts. Music and lyrics by Irving Berlin; book by Herbert and Dorothy Fields.,
uva.x001496801,1960,BK,book,Antique guns / by Hank Wieand Bowman ; edited by Lucian Cary.,
mdp.39015001052805,1953,BK,book,Antique guns / by Hank Wieand Bowman and Lucian Cary.,
mdp.39076005891598,1977,BK,book,"Antique guns in color, to 1865 / Robert Wilkinson-Latham ; special photography by John Searle Austin ; color paintings and line drawings by Peter Sarson and Tony Bryan.",
ufl.31262072527806,1975,BK,book,"Archaeological investigation at the Rocky Point 2 site, 8Mt33 / William D. Browning.",
ufl.31262041598193,1975,BK,book,"Archaeological salvage excavations at four sites in the Argyle Forest phase I development, Duval County / William D. Browning, field archaeologist.",
mdp.39015034712185,1975,BK,book,Argumentation and debate: a classified bibliography / by Arthur N. Kruger.,
uc1.b4518867,1965,BK,book,"Arrest; the decision to take a suspect into custody, by Wayne R. LaFave. Frank J. Remington, editor.",
umn.31951d00527124r,1934,BK,book,Art for the schools of the Southwest / Mary-Russell F. Colton.,
uiug.30112113418088,1941,BK,book,"Artillery ammunition manufacture, by Arthur B. Guise and J.S. Slicer, Jr. ...",
mdp.39015051364712,1940,BK,book,As a flame springs; the romance of Robert and Elizabeth Barrett Browning / by James Patton McCormick.,
mdp.39015072104816,1966,BK,book,Atonement and psychotherapy / by Don S. Browning.,
coo.31924010482010,1979,BK,book,"Aurora Leigh : a poem : from the last London edition, corrected by the author / Elizabeth Barrett Browning ; with a new introd. by Gardner B. Taplin.",
umn.31951000486017q,1958,BK,book,Automatic and repeating shotguns.,
uc1.c086241893,1937,BK,book,"Automatic pistol marksmanship, by William Reichenbach; illustrations by Richard Kroth and Edwin Bender.",
umn.319510009309824,1936,BK,book,Automotive money-saving facts / by J. F. Winchester.,
uiug.30112106688481,1967,BK,book,"Ballistic limit of aluminum plates determined by an exploding foil gun technique / Emilio Alfaro-Bou, Robert G. Thomson.",
uc1.b4498348,1946,BK,book,"Ballistics of the future : with special reference to the dynamical and physical theory of the rocket weapons / J.M.J. Kooy, J.W.H. Uytenbogaart.",
mdp.39015054103166,1967,BK,book,Balzac and his world / Translated from the French by Derek Coltman.,
inu.30000087983098,1957,BK,book,Bankruptcy / [by] Martin R. Browning [and] Herbert A. Eggie.,
uc1.b4307687,1975,BK,book,"Bankruptcy practice and procedure / Lewis Kruger, program chairman ; Henry W. Enberg II, staff editor",
uc1.b4307550,1978,BK,book,"Bankruptcy reform act of 1978 / Lewis Kruger, Patrick A. Murphy, Arnold M. Quittner, cochairmen",
uc1.b4307696,1977,BK,book,"Bankruptcy, practice and procedure / Lewis Kruger, chairman",
inu.30000087980151,1978,BK,book,"Bankruptcy, practice and procedure, 1978 /Lewis Kruger, chairman.",
inu.39000007796423,1968,BK,book,"Barton's Federal tax laws correlated; the Federal income, estate, and gift tax laws, from the Revenue act of 1913 to the Internal revenue code of 1954, as amended, by Walter E. Barton and Carroll W. Browning.",
inu.39000007796431,1968,BK,book,"Barton's Federal tax laws correlated; the Federal income, estate, and gift tax laws, from the Revenue act of 1913 to the Internal revenue code of 1954, as amended, by Walter E. Barton and Carroll W. Browning.",
inu.39000007796449,1968,BK,book,"Barton's Federal tax laws correlated; the Federal income, estate, and gift tax laws, from the Revenue act of 1913 to the Internal revenue code of 1954, as amended, by Walter E. Barton and Carroll W. Browning.",
inu.39000007796456,1968,BK,book,"Barton's Federal tax laws correlated; the Federal income, estate, and gift tax laws, from the Revenue act of 1913 to the Internal revenue code of 1954, as amended, by Walter E. Barton and Carroll W. Browning.",
uva.x000563966,1979,BK,book,"Basic education for children with learning disabilities / Wineva Grzynkowicz, with contributions by Diane Spurgeon Wirtz and Frances Marling.",
cub.p105212410002,1931,BK,book,Baylor University Browning interests : Second series / edited by A. Joseph Armstrong.,
mdp.39015037390997,1931,BK,book,Baylor university Browning interests. 2d ser. / edited by A. Joseph Armstrong.,
coo.31924002899221,1968,BK,book,Bayou backwaters [by] Allan W. Eckert. With an introd. by Marlin Perkins. Illustrated by Joseph Cellini.,
mdp.39015000625627,1978,BK,book,Before the revolution : a view of Russia under the last Tsar / [compiled by] Kyril Fitzlyon and Tatiana Browning.,
mdp.39015056438255,1979,BK,book,"Beginnings, a university art museum collects : inaugural exhibition/the University of Kentucky Art Museum / introduction by Priscilla Colt ; introductory notes on the collections by Bruce Weber.",
mdp.39015016217799,1971,BK,book,Behavior modification in child treatment; an experimental and clinical approach / [by] Robert M. Browning and Donald O. Stover.,
mdp.39015016217781,1971,BK,book,Behavior modification in child treatment; an experimental and clinical approach / [by] Robert M. Browning and Donald O. Stover.,
mdp.39015072261145,1971,BK,book,Behavior modification in child treatment; an experimental and clinical approach / [by] Robert M. Browning and Donald O. Stover.,cop. 4
uc1.b4529023,1971,BK,book,Behavior modification in child treatment; an experimental and clinical approach / [by] Robert M. Browning and Donald O. Stover.,
mdp.39015019966160,1972,BK,book,Behind the glass / Translated by Derek Coltman.,
uva.x000176220,1977,BK,book,Ben Ritter's Guide to the microfilmed Frederick County-Winchester (Virginia) census of 1850 : population schedules of the seventh census of the United States : National Archives microfilm publications.,
uva.x001240484,1957,BK,book,"Ben Thompson, man with a gun. With an introd. by William F. Kelleher.",
wu.89059496869,1964,BK,book,"Bible in pocket, gun in hand; the story of frontier religion.",
mdp.39015027952566,1972,BK,book,"Bible in pocket, gun in hand; the story of frontier religion.",
inu.30000011359266,1952,BK,book,"Big Bend, a homesteader's story, by J.O. Langford with Fred Gipson.  Photos by Henry B. Du Pont and Joe W. Langford, drawings by Hal Story.",
uva.x000015417,1973,BK,book,"Big Bend; a homesteader's story, by J. O. Langford, with Fred Gipson. Photos. by Henry B. Du Pont and Joe W. Langford. Drawings by Hal Story.",
uva.x000175317,1980,BK,book,"Big gun monitors : the history of the design, construction, and operation of the Royal Navy's monitors / Ian Buxton.",
mdp.39015002613183,1980,BK,book,"Biography in the 18th century / J. D. Browning, editor in chief.",
uva.x000170865,1980,BK,book,"Biography in the 18th century / J. D. Browning, editor in chief.",
uc1.b4315350,1980,BK,book,"Biography in the 18th century / J. D. Browning, editor in chief.",
mdp.39015001915670,1969,BK,book,Biology and its relation to mankind / [by] A. M. Winchester. With photographic illus. by the author.,
mdp.39015071240124,1979,BK,book,"Bitter harvest : hunting in America. Book 1, The guns of Gaylord / by John G. Mitchell.",
wu.89058291402,1980,BK,book,"Blackfeet heritage, 1907-1908 : Blackfeet Indian Reservation, Browning, Montana / edited by Roxanne DeMarce.",
mdp.39015030939097,1974,BK,book,Blast-power & ballistics : concepts of force and energy in the ancient world / Jack Lindsay.,
uc1.$b808866,1969,BK,book,"Blind man with a pistol, by Chester Himes.",
mdp.39015020751197,1969,BK,book,"Blind man with a pistol, by Chester Himes.",
wu.89067603878,1956,BK,book,Block Island : lore and legends / by Ethel Colt Ritchie.,
mdp.39015009374706,1980,BK,book,Blood relations : the rise & fall of the du Ponts of Delaware / Leonard Mosley.,
pst.000027384688,1967,BK,book,Book of shotgun sports / by the editors of Sports illustrated. [Text by Virginia Kraft.,
coo.31924002874711,1939,BK,book,Boron nutrition of cauliflower in relation to browning.,
coo.31924001517386,1980,BK,book,"Brain and learning : directions in early childhood education / Marlin Languis, Tobie Sanders, Steven Tipps ; [photos, Betty C. Ford ... et al.].",
mdp.39015004522952,1977,BK,book,"Brassey's artillery of the world : guns, howitzers, mortars, guided weapons, rockets, and ancillary equipment in service with the regular and reserve forces of all nations / editor, Brigadier Shelford Bidwell ; co-authors, compilers, and consultants, Brian Blunt, Tolley Taylor.",
mdp.39015064568374,1945,BK,book,Brawn and brains; the adventures of an international contractor / by Franklin Remington.,
wu.89038750105,1945,BK,book,Brawn and brains; the adventures of an international contractor / by Franklin Remington.,
mdp.39015003491274,1969,BK,book,"British dramatists from Dryden to Sheridan / edited by George H. Nettleton and Arthur E. Case. Rev. by George Winchester Stone, Jr.",
osu.32435009104431,1977,BK,book,Browning / by Sir Frank T. Marzials.,
mdp.39015025114086,1952,BK,book,Browning and America.,
coo.31924014151264,1965,BK,book,Browning and the dramatic monologue; nature and interpretation of an overlooked form of literature.,
mdp.39015002242678,1969,BK,book,Browning as the poet of immortality and love; a paper read to the Poetry Society on the fiftieth anniversary of the death of Robert Browning.,
uc1.31822013022298,1973,BK,book,Browning music; a descriptive catalog of the music related to Robert Browning and Elizabeth Barrett Browning in the Armstrong Browning Library: 1972,
uc1.x28145,1965,BK,book,Browning of white wines.,
uc1.c2891774,1956,BK,book,Browning rates and equilibrium vapor pressures of white potatoes in later stages of dehydration / by Carl Ernest Hendel.,
mdp.39015064857397,1933,BK,book,"Browning the world over; being Baylor university Browning interests, series six, Browning's international influence, and series seven, A bibliography of foreign Browningiana / by A. Joseph Armstrong ...",
mdp.39015081564240,1972,BK,book,Browning's Old schoolfellow; the artistic relationship of two Robert Brownings / by Jack Herring.,
mdp.39015008184890,1964,BK,book,Browning's Parleyings; the autobiography of a mind.,
uc1.b4937890,1972,BK,book,"Browning's Ring metaphor and truth, by Paul A. Cundiff.",
mdp.39015008163951,1972,BK,book,"Browning's Ring metaphor and truth, by Paul A. Cundiff.",
mdp.39015001345621,1968,BK,book,"Browning's Roman murder story; a reading of The ring and the book / [by] Richard D. Altick and James F. Loucks, II.",
uc1.$b387463,1969,BK,book,Browning's analysis of a murder; a case for The inn album.,
mdp.49015001006486,1961,BK,book,Browning's characters; a study in poetic technique.,
mdp.39015000225485,1961,BK,book,Browning's characters; a study in poetic techniques.,
mdp.39015009046544,1948,BK,book,Browning's essay on Chatterton / ed. with introductory chapters and notes by Donald Smalley; with a foreword by William C. De Vane.,
uc1.$b683254,1948,BK,book,Browning's essay on Chatterton / ed. with introductory chapters and notes by Donald Smalley; with a foreword by William C. De Vane.,c.2
mdp.39015000225519,1975,BK,book,"Browning's later poetry, 1871-1889 / Clyde de L. Ryals.",
mdp.49015001004861,1968,BK,book,Browning's mind and art / [by] Richard D. Altick [and others] Essays edited by Clarence Tracy.,
uc1.b4937895,1968,BK,book,Browning's poetry of reticence.,
uc1.b4582044,1965,BK,book,Browning's star-imagery; the study of a detail in poetic design,
mdp.49015001007625,1965,BK,book,Browning's star-imagery; the study of a detail in poetic design,
uc1.b4582177,1979,BK,book,"Browning's trumpeter : the correspondence of Robert Browning and Frederick J. Furnivall, 1872-1889 / edited by William S. Peterson.",
mdp.39015013346435,1979,BK,book,"Browning's trumpeter : the correspondence of Robert Browning and Frederick J. Furnivall, 1872-1889 / edited by William S. Peterson.",
uc1.b4937897,1977,BK,book,Browning's youth / John Maynard.,
mdp.39076005235853,1977,BK,book,Browning's youth / John Maynard.,
mdp.39015010529447,1932,BK,book,"Browning, background and conflict / [by] F. R. G. Duckworth, with a prefatory word by William Lyon Phelps.",
nyp.33333219776040,1961,BK,book,"Browning, world's greatest gunmaker. With sketches by the author.",
inu.32000006218525,1960,BK,book,"Browning. Selected, with an introd. and notes, by Reed Whittemore.",
mdp.39015000350515,1966,BK,book,Browning: background and conflict / [by] F.R.G. Duckworth. With a prefatory word by William Lyon Phelps.,
mdp.39015001449878,1970,BK,book,Browning: the critical heritage / Edited by Boyd Litzinger and Donald Smalley.,
wu.89038491783,1975,BK,book,"Build your own playground! A sourcebook of play sculptures, designs, and concepts from the work of Jay Beckwith. Photos. by Suzanne Arms. Drawings by Susan Colton.",
mdp.39015030947066,1960,BK,book,Burma rifles; a story of Merrill's Marauders.,
nyp.33433062537422,1951,BK,book,"Canby, Shipley, Lea, Roberts, Price, Bradford, Du Pont, Boden, Newkirk.",
uc1.$b727315,1940,BK,book,"Captain Lee Hall of Texas, by Dora Neill Raymond; with illus. by Louis Lundean and Frederic Remington.",
mdp.39015002418278,1975,BK,book,"Cardiac arrhythmias : the modern electrophysiological approach / edited by Dennis M. Krikler, John F. Goodwin ; contributors, J. Coltart [and others].",
mdp.39015028123738,1976,BK,book,Carl H. Milam and the United Nations Library / edited and with an introd. by Doris Cruger Dale.,
mdp.39015036878174,1976,BK,book,Carl H. Milam and the United Nations Library / edited and with an introd. by Doris Cruger Dale.,
nyp.33433009109145,1950,BK,book,"Cartridge identification, by Henry P. White and Burton D. Munhall; drawings by Henry P. White.",
pst.000044813390,1967,BK,book,Cartridges for collectors / by Fred A. Datig.,v.1
pst.000044813413,1967,BK,book,Cartridges for collectors / by Fred A. Datig.,v.2
pst.000044813383,1967,BK,book,Cartridges for collectors / by Fred A. Datig.,v.3
nyp.33433006950129,1948,BK,book,"Cartridges, a pictorial digest of small arms ammunition, by Herschel C. Logan.",
mdp.39015008462114,1977,BK,book,Casa Guidi windows / Elizabeth Barrett Browning ; edited with an introd. by Julia Markus.,
uc1.$b100455,1969,BK,book,"Cases and materials on criminal law and its procedures, by Frank J. Remington",
mdp.39015005375046,1968,BK,book,Cataloging nonprint materials in the Alexis I. duPont Special School District / [by] Kathryn S. Howie [and others].,
mdp.39015030948171,1966,BK,book,Catalogue of the Browning collection / compiled by Warner Barnes.,
coo.31924032876173,1965,BK,book,"Cavalry tactics : single rank formations and skirmish drill for mounted rifles. For the instruction of the forces of the Confederate States, in the Department of Indian Territory.",
umn.31951t00251349k,1948,BK,book,Center fire metric pistol and revolver cartridges / by Henry P. White and Burton D. Munhall ; drawings by Henry P. White.,
uc1.31822031143704,1969,BK,book,"Ceramic nuclear fuels; [proceedings of the] international symposium, May 3-8, 1969, Washington, D.C., sponsored by the Nuclear Division of the American Ceramic Society. Edited by Owen L. Kruger [and] Alexis I. Kaznoff",
uva.x000129338,1974,BK,book,Challenge of youth / Friedrich Heer ; [translated from the German by Geoffrey Skelton ; picture research by Gun Brinson].,
umn.31951001836141j,1974,BK,book,Challenge of youth / Friedrich Heer ; [translated from the German by Geoffrey Skelton ; picture research by Gun Brinson].,
uiug.30112107183425,1961,BK,book,"Championship debating; West Point national debate tournament, final-round debates and critiques, 1949-60. Edited by: Russel R. Windes [and] Arthur N. Kruger.",
uc1.x28662,1959,BK,book,Characteristics of browning enzymes in Fay Elberta freestone peaches.,
uiug.30112122615096,1980,BK,book,Characteristics of shotgun shells used for hunting ducks in Illinois / William L. Anderson.,
uc1.x28526,1961,BK,book,Characteristics of the polyphenoloxidase system in browning of Bartlett pears.,
uc1.b4347320,1975,BK,book,Chasin' the Trane : the music and mystique of John Coltrane / J. C. Thomas.,(copy 1)
mdp.39015064146387,1976,BK,book,Chasin' the Trane : the music and mystique of John Coltrane / J.C. Thomas.,
mdp.39015019053704,1979,BK,book,"China notebook, 1975-1978 / Jan Myrdal ; photos. by Gun Kessle ; translated from the Swedish by Rolf vom Dorp.",
mdp.39015008805841,1970,BK,book,China: the revolution continued / [by] Jan Myrdal and Gun Kessle. Translated from the rev. Swedish ed. by Paul Britten Austin.,
uc1.$b592505,1970,BK,book,China: the revolution continued / [by] Jan Myrdal and Gun Kessle. Translated from the rev. Swedish ed. by Paul Britten Austin.,
ien.35556002084887,1970,BK,book,China: the revolution continued / [by] Jan Myrdal and Gun Kessle. Translated from the rev. Swedish ed. by Paul Britten Austin.,
mdp.39015002628660,1965,BK,book,"Chinese journey / Photos, by Gun Kessle. Text by Jan Myrdal.",
mdp.39015070418143,1965,BK,book,"Chinese journey / Photos, by Gun Kessle. Text by Jan Myrdal.",cop.2
uc1.31822014407787,1970,BK,book,"Church silver of Colonial Virginia. An exhibition organized by the Virginia Museum, February 2-March 8, 1970; [catalogue. George A. Cruger, ed",
wu.89065991861,1974,BK,book,"Churches on Cape Cod / by Marion Rawson Vuilleumier ; ill., Pierre Du Pont Vuilleumier.",
pst.000051340674,1955,BK,book,Churchill's shotgun book : a guide to the successful use of the smooth-bored game gun / by Robert Churchill ; foreword by MacDonald Hastings.,
uva.x000748355,1969,BK,book,"Civil War battles in Winchester and Frederick County, Virginia, 1861-1865.",
mdp.39076006566942,1962,BK,book,"Civil War guns; the complete story of Federal and Confederate small arms: design, manufacture, identification, procurement, issue, employment, effectiveness, and postwar disposal.",
mdp.39015001659252,1941,BK,book,"Clara Barton, daughter of destiny / by Blanche Colton Williams ... 31 illustrations.",
uc1.b4087783,1941,BK,book,"Clara Barton, daughter of destiny / by Blanche Colton Williams ... 31 illustrations.",
uva.x006029424,1975,BK,book,Climate and the affairs of men / Nels Winkless III and Iben Browning.,
inu.39000008104528,1975,BK,book,Climate and the affairs of men / Nels Winkless III and Iben Browning.,
nnc2.ark:/13960/t0zp8q55r,1939,BK,book,Co-operation with thirty countries : why how where : the international service of the North American Young Men's Christian Associations / by E.T. Colton.,
uc1.b4415070,1969,BK,book,"Collective bargaining in the public service. Edited by Daniel H. Kruger [and] Charles T. Schmidt, Jr.",
mdp.39015065682877,1969,BK,book,"Collective bargaining in the public service. Edited by Daniel H. Kruger [and] Charles T. Schmidt, Jr.",
inu.39000005874727,1961,BK,book,Collectors & collections : the Antiques anniversary book  / Edited by Alice Winchester and the staff of Antiques magazine.,
uva.x006119640,1979,BK,book,"Colleen Browning : recent paintings. From January 31 to February 17, 1979.",
mdp.35128000300036,1975,BK,book,"College professoring : or, Through academia with gun and camera / by Oliver P. Kolstoe ; illustrated by Don Paul Benjamin.",
mdp.39015007213559,1964,BK,book,Colonial grandeur in Philadelphia; the house and furniture of General John Cadwalader / by Nicholas B. Wainwright. Foreword by Henry Francis du Pont.,
mdp.39015034657364,1959,BK,book,"Colt : a collection of letters and photographs about the man, the arms, the company.",
mdp.39076002227879,1950,BK,book,Colt of destiny : a story of the California missions / by Alida Malkus ; illustrations by Manning de V. Lee.,
wu.89031312499,1956,BK,book,"Colt sense, colt training / by Bob A. Carson.",
uc1.31822001316520,1956,BK,book,"Colton : the Spanish fringe, 1772-1873 / by Clark Harding Jones.  The August 1956 newsletter of the Archeological Survey Association of Southern California. Report of Museum Association activities",
mdp.39076005084988,1936,BK,book,Colts of Pegasus / compiled and edited by Frances Coffin Boaz; Beth Whatley Robertson: preface; Mary Eleanor Witherspoon: jacket design.,
mdp.39015016757042,1960,BK,book,Column south: with the Fifteenth Pennsylvania Cavalry from Antietam to the capture of Jefferson Davis / Compiled by Suzanne Colton Wilson. Edited by J. Ferrell Colton and Antoinette G. Smith. Drawings by Barton A. Wright.,
mdp.39015020751874,1979,BK,book,"Commissars, commanders, and civilian authority : the structure of Soviet military politics / Timothy J. Colton.",
uiug.30112129280407,1946,BK,book,Commonsense shotgun shooting with Fred Etchen; an introduction by Nash Buckingham.,
pst.000018146783,1970,BK,book,"Complete book of the air gun / [by] George C. Nonte, Jr.",
wu.89102032919,1937,BK,book,"Complete guide to handloading; a treatise on handloading for pleasure, economy, and utility, by Philip B. Sharpe.",
nyp.33433008594230,1940,BK,book,"Complete tactics, infantry rifle battalion; consisting of the entire new infantry field manual (FM 7-5) together with the tactical portions of new basic field manuals on individual infantry weapons and the new tables of organization.",
mdp.39015009054944,1979,BK,book,Concealed weapons and firearms laws.,
uva.x000221440,1969,BK,book,Concerning Vatican Council II  / by Karl Rahner; translated by Karl-H. and Boniface Kruger.,v.6
uva.x000412545,1969,BK,book,Concerning Vatican Council II  / by Karl Rahner; translated by Karl-H. and Boniface Kruger.,v.6
coo.31924003565391,1952,BK,book,"Contributions of browning research to ration item stability; a conference on the status of browning reaction research and a review of its contributions to stabilized packaged rations, held 1 February 1952 at the Quartermaster Food and Container Institute for the Armed Forces, Chicago, Illinois, Rese",
cub.p102320907002,1953,BK,book,Corporate finance : principles and practice / Editors: Herbert Arkin [and] Raymond R. Colton.,
uiug.30112060748354,1965,BK,book,"County government in North Carolina, by Robert G. Byrd [and others] George A. Coltrane, editor.",
chi.20873023,1969,BK,book,"Crooked trails, written and illustrated by Frederic Remington.",
uc1.32106001059697,1976,BK,book,Current perspectives in Latin American urban research : [papers] / edited by Alejandro Portes and Harley L. Browning.,
txu.059173026798095,1976,BK,book,Current perspectives in Latin American urban research : [papers] / edited by Alejandro Portes and Harley L. Browning.,
txu.059173026798109,1976,BK,book,Current perspectives in Latin American urban research : [papers] / edited by Alejandro Portes and Harley L. Browning.,
rul.39030016346092,1955,BK,book,Custom built rifles.,
uc1.b4931236,1979,BK,book,"David Garrick, a critical biography / by George Winchester Stone, Jr. and George M. Kahrl.",
mdp.49015000876483,1979,BK,book,"David Garrick, a critical biography / by George Winchester Stone, Jr. and George M. Kahrl.",
mdp.39015007702809,1961,BK,book,"David Garrick, director / [by] Kalman A. Burnim. With a foreword by Geo. Winchester Stone, Jr.",
mdp.39015005266211,1961,BK,book,"David Garrick, director / with a foreword by Geo. Winchester Stone, Jr.",
uc1.32106001686234,1961,BK,book,"David Garrick, director / with a foreword by Geo. Winchester Stone, Jr.",
mdp.39015010530692,1968,BK,book,De Staël Du Pont letters; correspondence of Madame de Staël and Pierre Samuel Du Pont de Nemours and of other members of the Necker and Du Pont families / Edited and translated by James F. Marshall.,
uc1.$b713439,1968,BK,book,De Staël Du Pont letters; correspondence of Madame de Staël and Pierre Samuel Du Pont de Nemours and of other members of the Necker and Du Pont families / Edited and translated by James F. Marshall.,
mdp.39015012886456,1970,BK,book,"Dear John, dear Coltrane / poems by Michael S. Harper.",
uiug.30112014285180,1970,BK,book,Dearest Isa; Robert Browning's letters to Isabella Blagden. Edited and with an introd. by Edward C. McAleer.,
pst.000027679418,1973,BK,book,Deer hunting : tactics and guns for hunting all North American deer.,
coo.31924000572879,1976,BK,book,"Deer production in the United States, 1969-1973 : analysis and interpretation of data relating to deer and deer hunters, including pre- and post-hunt estimates by species, bow and firearms hunter numbers, and the dollar value of the deer meat taken in all of the 50 states / by Sidney W. Wilcox.",
wu.89091239095,1978,BK,book,Deletion mutants in the region of the origin of replication of bacteriophage lambda : construction and functional analysis / by Kelly Kruger.,
mdp.39015004741776,1939,BK,book,"Deplorable and impious homicide committed by Guido Franceschini against Pietro Comparini, Violante Comparini and Pompilia their accredited daughter / translated by E.H. Yarrill...with an introduction by William O. Raymond...Being Baylor University's Browning interests, series eleven.",no.11
uc1.c2933178,1958,BK,book,Design and control of strip-beam electron guns / by Kenneth Charles Tucker.,
uiug.30112106609701,1970,BK,book,"Developing the critical combat performance required of the infantry rifle platoon leader, by Frank L. Brown and T.O. Jacobs.",70-5 (Apr. 1970)
uc1.31822031033350,1967,BK,book,Devil man with a gun / by Art H. Watson,
mdp.39015046287382,1978,BK,book,Dictionary of twentieth century Italian violin makers / by Marlin Brinser.,
wu.89093697647,1941,BK,book,Differences in Marlins based on weights and measurements / J.T. Nichols and Francesca R. LaMonte.,
mdp.39015000888183,1977,BK,book,Differential treatment of drug and alcohol abusers / edited by Carl S. Davis and Marlin Ruth Schmidt ; written by Herbert Cross [and others].,
mdp.39015072146668,1970,BK,book,Dimensions of nutrition : Proceedings of a conference held at Colorado State University by the Colorado Dietetic Association to commemorate its 40th anniversary / Edited by Jacqueline Dupont.,
ncs1.ark:/13960/t6f19m74r,1950,BK,book,"Direct colors on cotton / E.I. du Pont de Nemours & Company, Organic Chemicals Department, Dyestuffs Division.",1900
uiug.30112057304245,1955,BK,book,Dirt and doughfeet; combat experiences of a rifle-platoon leader.,
uva.x030765411,1939,BK,book,Doctor Two-Guns / by Peter Field.,
nyp.33433093140642,1972,BK,book,"Donaldson. [Genealogical notes on the Donaldson family and its maternal lines, Macfarland, Winchester, Johnston and Dorsey.]",v. 2
mdp.39015027228421,1972,BK,book,Downtown is / by Dawn C. Thomas. Paintings by Colleen Browning.,
mdp.39015071650233,1931,BK,book,Dry law facts not fiction : 1890 - comparative facts - 1931 : sensational dry raid facts : Delaware fact finder facts / by Harold D. (Three gun) Wilson.,
uc1.b3437881,1977,BK,book,"Du Pont de Nemours : apostle of liberty and the promised land / by Pierre Jolly ; translated from the French with some additional paragraphs concerning the historical personages and the happenings mentioned therein composed by the translator, Elise Du Pont Elrick.",
mdp.39015084454423,1952,BK,book,"Du Pont, the autobiography of an American enterprise; the story of E. I. du Pont de Nemours & Company, published in commemoration of the 150th anniversary of the founding of the company on July 19, 1802.",
umn.319510007160189,1952,BK,book,"Du Pont, the autobiography of an American enterprise; the story of E. I. du Pont de Nemours & Company, published in commemoration of the 150th anniversary of the founding of the company on July 19, 1802.",
cub.p101171302003,1952,BK,book,"Du Pont, the autobiography of an American enterprise; the story of E. I. du Pont de Nemours & Company, published in commemoration of the 150th anniversary of the founding of the company on July 19, 1802.",
mdp.39076005592055,1972,BK,book,Du Pont--the story of a company town / by May G. Munyan. Introd. by Frank L. Green.,
mdp.39015010681297,1942,BK,book,Du Pont; one hundred and forty years / by William S. Dutton.,
mdp.39015077928805,1942,BK,book,Du Pont; one hundred and forty years / by William S. Dutton.,
wu.89059301747,1942,BK,book,Du Pont; one hundred and forty years / by William S. Dutton.,
pst.000050817870,1942,BK,book,Du Pont; one hundred and forty years / by William S. Dutton.,
coo.31924002464042,1951,BK,book,Du Pont; one hundred and forty years.,
uva.x004623169,1967,BK,book,"Dupont Circle, Washington, D.C., by George J. Olszewski.",
uiug.30112000643640,1952,BK,book,"Dupont, the autobiography of an American enterprise.",
mdp.39015004068675,1966,BK,book,"Earthly paradise; an autobiography / drawn from her lifetime writings by Robert Phelps. Translated by Herma Briffault, Derek Coltman, and others.",
mdp.39015011239970,1966,BK,book,"Earthly paradise; an autobiography / drawn from her lifetime writings by Robert Phelps. Translated by Herma Briffault, Derek Coltman, and others.",
uc1.31822008702953,1979,BK,book,"Ecology and growth of juvenile California spiny lobster, 'Panulirus interruptus' (Randall) / by John Marlin Engle",
uva.x001176364,1938,BK,book,Ed McGivern's book on fast and fancy revolver shooting and police training.,
mdp.39015007901021,1968,BK,book,Edgard Varèse / Translated from the French by Derek Coltman.,
pst.000031636049,1970,BK,book,Effective speaking : a complete course / [by] Arthur N. Kruger.,
uc1.x30835,1971,BK,book,Effects of electrode alignment of a Pierce gun on its current distribution.,
msu.31293100632235,1979,BK,book,Effects of modern technology on firearms identification / by Terrance A. LaVoy.,
uc1.31210018662138,1979,BK,book,"Effects of point-source discharges and other inputs on water quality in Budd Inlet, Washington / by Dan M. Kruger.",
uc1.31822010662419,1979,BK,book,Eleatic and Platonic semantics / by Eve Anne Browning,
uiug.30112089512211,1949,BK,book,Electron guns for an 80 mev. synchrotron / [by] J.M. Lafferty and H.C. Pollock.,
mdp.49015000999921,1972,BK,book,Elizabeth Barrett Browning / by Virginia L. Radley.,
inu.30000011901216,1952,BK,book,"Elizabeth Barrett Browning, a life.",
mdp.39015008883749,1952,BK,book,"Elizabeth Barrett Browning, a life.",
uc1.b3553520,1973,BK,book,"Elizabeth Barrett and the ""Centurion"" : the background to an addition to the Elizabeth Barrett Browning canon / by Robert W. Gladish",
uc1.b4105488,1955,BK,book,Elizabeth Barrett to Mr. Boyd; unpublished letters of Elizabeth Barrett Browning to Hugh Stuart Boyd. Introduced and edited by Barbara P. McCarthy.,
uc1.31822043192152,1936,BK,book,"Ellen Browning Scripps, 1836-1936",
mdp.39015076386500,1959,BK,book,"Ellen Browning Scripps, woman of vision.",
mdp.39015025921902,1964,BK,book,"En souvenir: the Du Pont family during an era of transition, 1763-1826.",
uc1.31822007555758,1959,BK,book,"Encyclopaedia of modern firearms, parts & assembly. Editor and publisher: F. R. ""Bob"" Brownell. Technical measurements: Wayne Fleming. Original art and photography: James B. Meek. Editorial assistants: Louis M. Brownell [and] Frank R. Brownell, III.",v.1
uc1.b4476075,1964,BK,book,Encyclopedia of firearms / edited by Harold L. Peterson,
mdp.39015015428207,1964,BK,book,Encyclopedia of firearms / edited by Harold L. Peterson,
coo.31924014066348,1945,BK,book,"English domestic needlework of the XVI, XVII, and XVIII centuries, by Preston Remington, curator of renaissance and modern art.",
uc1.c038621633,1938,BK,book,English pistols and revolvers; an historical outline of the development and design of English hand firearms from the seventeenth century to the present day.,
uc1.31158006479538,1973,BK,book,English poetry from Blake to Browning.,
mdp.39015011369173,1954,BK,book,"English, Irish, and Scottish firearms makers : when, where, and what they made, from the middle of the sixteenth century to the end of the nineteenth century.",
uc1.b4147851,1974,BK,book,"Environmental steel; pollution in the iron and steel industry, researched and written by James S. Cannon. Edited by Jean M. Halloran. Assisted by Joseph Adams. Advisors: Alice Tepper Marlin [and] Stephen Moody.",
uc1.x28766,1966,BK,book,Enzymic browning in peaches.,
mdp.39015070517985,1955,BK,book,European firearms / by J. F. Hayward.,
mdp.39015035564148,1970,BK,book,Every man heart lay down / by Lorenz Graham. Pictures by Colleen Browning.,
uc1.31822025848912,1966,BK,book,Excavation of two northwestern California coastal sites / Albert B. Elsasser and Robert F. Heizer.  The Pistol River site of Southwest Oregon / Eugene Heflin,
dul1.ark:/13960/s2gfw530xnn,1962,BK,book,"Excavations at Nessana [conducted by Harris Dunscombe Colt, Jr.]",III
dul1.ark:/13960/s2m2fwd2fhd,1962,BK,book,"Excavations at Nessana [conducted by Harris Dunscombe Colt, Jr.]",II
dul1.ark:/13960/s2b4tpq0rmp,1962,BK,book,"Excavations at Nessana [conducted by Harris Dunscombe Colt, Jr.]",I
mdp.39015010705179,1962,BK,book,"Excavations at Nessana [conducted by Harris Dunscombe Colt, Jr.]",P.Ness. II
uiug.30112106774752,1966,BK,book,Experimental and theoretical performance of coaxial plasma guns / Charles J. Michels and Albert E. Johansen.,v.3469
uc1.31175027796518,1976,BK,book,Experimental facilities for the conduct of bioassay and growth studies for fish and other aquatic animals / by John Colt and George Tchobanoglous.,
mdp.39015015178323,1980,BK,book,"Experimental organic chemistry / H. Dupont Durst, George W. Gokel.",
wu.89038762522,1972,BK,book,Experiments and principles of systems engineering. Edited by Marlin H. Mickle [and others],
uc1.$b74136,1938,BK,book,"Exterior ballistics; a reprint of chapter x, Exterior ballistics, and chapter XII, Bombing from airplanes, from Elements of ordnance, prepared under the direction of Lieutenant Colonel Thomas J. Hayes ...",
uc1.c2944481,1962,BK,book,External control of xenon induced flux oscillations in nuclear reactors / by Gary Marlin Sandquist.,
coo.31924003615907,1971,BK,book,Factors affecting the browning of Tren (apple juice-egg drink),
pst.000004329527,1977,BK,book,"Favorite Vermont ski inns & lodging guide / Janet Colter, Rudyard Colter ; illustrated by Janet Colter.",
uc1.31210001704426,1939,BK,book,"Federal military intervention in civil disturbances, by Marlin S. Reichley.",
umn.31951000011629i,1979,BK,book,Financial management for the hospitality industry / Michael M. Coltman.,
coo.31924020578518,1935,BK,book,"Fine French and English furniture; important bronzes: a Houdin ""Sabine"" bust, Rodin & Barye works, three Remington equestrian groups, sold by order of the noted explorer Harold McCracken.  Valuable Brussels and Aubusson tapestries ... property of the estate of the late Emma Rockefeller McAlpin ... C",
mdp.39076000771852,1977,BK,book,"Fine arms from Tula : firearms and edged weapons in the Hermitage, Leningrad / [compiled and with introduction by Valentin Mavrodin ; photos. by Valery Priymenko ; translated from the Russian by Rostislav Drapkin]",
mdp.39015004182716,1977,BK,book,Firearm abuse : a research and policy report / by Steven Brill.,
mdp.39015071254984,1969,BK,book,"Firearms & self-defense : a handbook for radicals, revolutionaries and easy riders / Intl. Liberation School.",
mdp.39015010694662,1955,BK,book,Firearms curiosa / by Lewis Winant.,
pst.000008941534,1968,BK,book,Firearms in England in the fourteenth century. / Introd. by Claude Blair.,
umn.319510009355184,1953,BK,book,Firearms of yesterday.,
mdp.39015019140329,1976,BK,book,"Firearms on the frontier : guns at Fort Michilimackinac, 1715-1781 / by T. M. Hamilton.",
inu.30000001696586,1967,BK,book,"Firearms, traps, & tools of the mountain men [by] Carl P. Russell.",
uc1.b4497536,1967,BK,book,"Firearms, traps, & tools of the mountain men [by] Carl P. Russell.",
inu.30000084069529,1961,BK,book,"First three wagon trains: to California, 184l, to Oregon, 1842, to Washington, 1853, by John Bidwell, Hubert Howe Bancroft [and] James Longmire. Pictures by Frederic Remington and others.",
uva.35007000986434,1980,BK,book,"Fisheries of the North Pacific : history, species gear & processes / by Robert J. Browning ; with editorial assistance and review by Bruce J. Cole ... [et al.]",
mdp.39076006485978,1974,BK,book,"Fisheries of the North Pacific: history, species, gear & processes / by Robert J. Browning. With editorial assistance and review by Dayton L. Alverson [and others.",
mdp.39015015683827,1965,BK,book,"Five artists of the Old West: George Catlin, Karl Bodmer, Alfred Jacob Miller, Charles M. Russell [and] Frederic Remington / by Clide Hollmann. With reproductions of the artists' paintings.",
mdp.39015000519051,1974,BK,book,"Flannery O'Connor / [by] Preston M. Browning, Jr. With a pref. by Harry T. Moore.",
mdp.39015002150657,1974,BK,book,"Flannery O'Connor / [by] Preston M. Browning, Jr. With a pref. by Harry T. Moore.",
mdp.39015030733912,1932,BK,book,Flesh of the wild ox; a Riffian chronicle of high valleys and long rifles / by Carleton Stevens Coon; with a foreword by Earnest Albert Hooton ; and illustrated by Ruth Reeves.,
uc1.$b56409,1932,BK,book,Flesh of the wild ox; a Riffian chronicle of high valleys and long rifles / by Carleton Stevens Coon; with a foreword by Earnest Albert Hooton ; and illustrated by Ruth Reeves.,
uc1.31970029595177,1980,BK,book,"Food habits of California upland game birds / by William E. Grenfell, Bruce M. Browning, and Walter E. Stienecker",
uc1.c2870891,1952,BK,book,Foraminifera from the Upper Santa Susana shale / by John Leverett Browning.,
mdp.39015005010072,1965,BK,book,Forever in joy : the life of Robert Browning / by Rosemary Sprague.,
mdp.39015024455571,1940,BK,book,"Forty years with Russians / by Ethan T. Colton, foreword by John R. Mott.",
uiug.30112106772418,1968,BK,book,Fossil marine mammals from the Miocene Calvert Formation of Maryland and Virginia / Remington Kellogg.,v.1 (Part 1-2)
uiug.30112106772426,1968,BK,book,Fossil marine mammals from the Miocene Calvert Formation of Maryland and Virginia / Remington Kellogg.,v.2 (Part 3-4)
uiug.30112106772434,1968,BK,book,Fossil marine mammals from the Miocene Calvert Formation of Maryland and Virginia / Remington Kellogg.,v.3 (Part 5-8)
osu.32435029595618,1968,BK,book,Fossil marine mammals from the Miocene Calvert Formation of Maryland and Virginia / Remington Kellogg.,no.247 1965-1968
osu.32435075234617,1968,BK,book,Fossil marine mammals from the Miocene Calvert Formation of Maryland and Virginia / Remington Kellogg.,no.247pt.1-8 1965-1968
umn.31951001068076w,1978,BK,book,Four experiments on underlining as a review aid for college students / by William Graham Browning.,
uva.x000016062,1979,BK,book,"Foxfire 5 : ironmaking, blacksmithing, flintlock rifles, bear hunting, and other affairs of plain living / edited with an introd. by Eliot Wigginton.",
inu.39000005756890,1979,BK,book,"Foxfire 5 : ironmaking, blacksmithing, flintlock rifles, bear hunting, and other affairs of plain living / edited with an introd. by Eliot Wigginton.",
mdp.39015066068779,1979,BK,book,"Foxfire 5 : ironmaking, blacksmithing, flintlock rifles, bear hunting, and other affairs of plain living / edited with an introd. by Eliot Wigginton.",
uc1.$b362852,1947,BK,book,"Frederic Remington : (bibliographical check list) and more fact and fiction of the old West and the wild West / Mannados Bookshop, E. W. Latendorf.",
txu.059173023505317,1971,BK,book,Frederic Remington and the Spanish-American War.,
mdp.39015033270995,1971,BK,book,Frederic Remington and the Spanish-American War.,
mdp.39015011680801,1978,BK,book,Frederic Remington and the West : with the eye of the mind / by Ben Merchant Vorpahl.,
mdp.39015017652374,1960,BK,book,Frederic Remington's own West / written and illustrated by Frederic Remington ; edited and with an introduction by Harold McCracken.,
uva.x000610135,1960,BK,book,Frederic Remington's own West / written and illustrated by Frederic Remington ; edited and with an introduction by Harold McCracken.,
uc1.$b362851,1943,BK,book,"Frederic Remington, a painter of American life ...",
wu.89086115052,1947,BK,book,"Frederic Remington, artist of the Old West : with a bibliographical check list of Remington pictures and books, Introd. by James Chillman, Jr.",
uva.x001045959,1947,BK,book,"Frederic Remington, artist of the Old West;",
uc1.31822006017578,1947,BK,book,"Frederic Remington, artist of the Old West; with a bibliographical check list of Remington pictures and books.  Introd. by James Chillman, Jr",
mdp.49015002662279,1978,BK,book,"Frederic Remington, the American West : an official publication of the American Museum of Natural History / selected and edited by Philip R. St. Clair.",
uc1.31822013295936,1973,BK,book,"Frederic Remington; an essay and catalogue to accompany a retrospective exhibition of the work of Frederic Remington, by Peter H. Hassrick",
mdp.39015014426111,1943,BK,book,"Frederic, Remington, a painter of American life.",
wu.89050668078,1943,BK,book,"Frederic, Remington, a painter of American life.",
mdp.39015008468681,1978,BK,book,"From flintlock to rifle : infantry tactics, 1740-1866 / Steven Ross.",
uva.x000141839,1976,BK,book,From the earth to the moon = The Baltimore gun club / from the French of Jules Verne ; freely translated by Edward Roth.,
cub.u183073495541,1955,BK,book,Fur bearers of Colorado / by Jack D. Remington.,
uva.x006119456,1977,BK,book,G. Ruger Donoho (1857-1916) : a retrospective exhibition.,
mdp.39015081362892,1951,BK,book,GUNS OVER THE BORDER: AMERICAN AID TO THE JUAREZ GOVERNMENT DURING THE FRENCH INTERVENTION.,
wu.89066147554,1979,BK,book,"Gardner and allied families : Brown, Carson, Clyburn, Du Pont, Guerri, Guild, Ingram, Knight, Michau, Ogburn, Plyler, Rembert, Wells, Welsh / by William Leonard Gardner.",
mdp.39015008805858,1971,BK,book,Gates to Asia: a diary from a long journey / [by] Jan Myrdal and Gun Kessle. Translated from the Swedish by Paul Britten Austin.,
nyp.33433085501074,1962,BK,book,Genealogy of the Trainer-Booth families / compiled by Caroline Okie Browning Trainer.,
nyp.33433068135056,1943,BK,book,"Genealogy of the du Pont family, 1739-1949.",v. 1
nyp.33433068135064,1943,BK,book,"Genealogy of the du Pont family, 1739-1949.",v. 2
mdp.39015039699908,1933,BK,book,"General synopsis of treaties of arbitration, conciliation, judicial settlement, security and disarmament, actually in force between countries invited to the disarmament conference / by Francis Colt De Wolf.",
uc1.b4385924,1973,BK,book,"Generative man: psychoanalytic perspectives, by Don S. Browning.",
mdp.39015002646928,1973,BK,book,"Generative man: psychoanalytic perspectives, by Don S. Browning.",
mdp.39015003826180,1973,BK,book,"Generative man: psychoanalytic perspectives, by Don S. Browning.",
wu.89031195688,1977,BK,book,Genetics : a survey of the principles of heredity / A. M. Winchester.,
mdp.39015000286248,1972,BK,book,Genetics: a survey of the principles of heredity / [by] A. M. Winchester.,
mdp.39015015217717,1966,BK,book,Genetics; a survey of the principles of heredity / [by] A.M. Winchester.,
uva.x000486828,1951,BK,book,"Gentlemen, swords and pistols.",
uc1.b3898510,1951,BK,book,"Gentlemen, swords and pistols.",
pst.000002347028,1969,BK,book,German aircraft guns and cannons / by E. J. Hoffschmidt.,
mdp.39015008508114,1971,BK,book,"German baroque poetry, 1618-1723 / [by] Robert M. Browning.",
mdp.39015002282245,1978,BK,book,German poetry in the Age of the Enlightenment : from Brockes to Klopstock / Robert M. Browning.,
uva.x000164118,1978,BK,book,German poetry in the Age of the Enlightenment : from Brockes to Klopstock / Robert M. Browning.,
uc1.b4951487,1978,BK,book,German poetry in the Age of the Enlightenment : from Brockes to Klopstock / Robert M. Browning.,
mdp.49015002379932,1979,BK,book,"Giving up the gun : Japan's reversion to the sword, 1543-1879 / Noel Perrin.",
mdp.39015001803108,1979,BK,book,"Giving up the gun : Japan's reversion to the sword, 1543-1879 / Noel Perrin.",
mdp.39015063185873,1941,BK,book,"Glory, glory, hallelujah! / by Irvin S. Cobb ; illustrated by F.R. Gruger.",
uc1.$b248909,1941,BK,book,"Glory, glory, hallelujah! / by Irvin S. Cobb ; illustrated by F.R. Gruger.",
uc1.31175005434124,1980,BK,book,"Gnomic poetry in Anglo-Saxon / edited with introduction, notes and glossary by Blanche Colton Williams.",
cub.u183046196768,1942,BK,book,Gold and guns on Halfaday creek / by James B. Hendryx. Bar-H books.,
uc1.b4499993,1946,BK,book,"Good shot! A book of rod, gun, and camera, by Bob, Dan & Ray Holland.",
mdp.39015015665162,1979,BK,book,Gothic painting / text by Jacques Dupont and Cesare Gnudi ; [translated by Stuart Gilbert].,
mdp.39015000960156,1940,BK,book,"Graphs, how to make and use them / by Herbert Arkin and Raymond R. Colton.",
uc1.$b546137,1936,BK,book,"Graphs, how to make and use them, by Herbert Arkin ... and Raymond R. Colton ...",
mdp.39015068103038,1936,BK,book,"Graphs, how to make and use them, by Herbert Arkin ... and Raymond R. Colton ...",
pur1.32754064364486,1961,BK,book,"Great American guns and frontier fighters, written and illustrated by Will Bryant.",
mdp.39015030932209,1933,BK,book,"Great American short stories : O. Henry Memorial Prize winning stories, 1919-1932 / with an introduction by Blanche Colton Williams.",
osu.32435005211867,1944,BK,book,Gringo Guns / by Peter Field.,
uiug.30112029043384,1972,BK,book,"Guide for municipal zoning administration, with forms, by R. Marlin Smith, Clyde W. Forrest and Eric C. Freund.",
uiug.30112067705183,1980,BK,book,Guide to Illinois firearm data / by Carolyn Rebecca Block.,
wu.89066144783,1979,BK,book,"Gumption : being a genealogical and historical perspective of the ancestors of Howard Remington Furman, Sr. / [compiled by Howard Remington Furman, Jr.]",
uc1.$b27079,1943,BK,book,"Gun care and repair, a manual of gunsmithing, by Charles Edward Chapel...",
uc1.$b272373,1939,BK,book,"Gun collecting, by Charles Edward Chapel.",
uva.x000661828,1939,BK,book,"Gun collecting, by Charles Edward Chapel.",
nyp.33433006952059,1954,BK,book,Gun collectors guide: old guns for profit; complete guide to antique gun collecting.,
mdp.39015000698442,1973,BK,book,Gun control / [by] Robert J. Kukla. Edited by Harlon B. Carter.,
mdp.39015002602905,1976,BK,book,Gun control.,no.9
uc1.31175001102725,1961,BK,book,"Gun digest treasury; the best of the Gun Digest from 1945 to 1960, top selections from the first fifteen years. Edited by John T. Amber.",
pst.000032460780,1961,BK,book,"Gun dog, revolutionary rapid training method. / Foreword by John W. Randolph. Pictures by Joan Sydlow.",
uc1.b4408662,1964,BK,book,"Gun drilling and trepanning; a practical and intensive treatment of the tools, machines, processes, and related elements in the precision machining of deep holes. Prepared under the supervision of National Technical Publications Committee, American Society of Tool and Manufacturing Engineers. Frank ",
uc1.b3636016,1931,BK,book,"Gun notches; the life story of a cowboy-soldier, by Captain Thomas H. Rynning, as told to Al Cohn and Joe Chisholm; with a foreword by Rupert Hughes.",
mdp.39015027934960,1931,BK,book,"Gun notches; the life story of a cowboy-soldier, by Captain Thomas H. Rynning, as told to Al Cohn and Joe Chisholm; with a foreword by Rupert Hughes.",
osu.32435057556409,1948,BK,book,Gun smoke yarns / selected by Gene Autry.,
mdp.49015000207663,1976,BK,book,"Gun tracing systems study report / submitted by Search Group, inc.",
cub.p101151712003,1935,BK,book,Gun trouble / [by] James Marshall.,
iau.31858023973310,1934,BK,book,"Gun-shy, a comedy in three acts, by Holmer Little and Myla Jo Closser.",
uiug.30112113375957,1943,BK,book,"Gunnerman's gold; memories of fifty years afield with a scatter gun, by Horatio Bigelow, with an introduction by Nash Buckingham.",
osu.32435011728995,1961,BK,book,Guns ; the story behind the Nunnemacher collection.,
cub.p101011916066,1942,BK,book,Guns against the snow : a play in one act / by Harold Mers.,
uva.x001201416,1980,BK,book,"Guns and gunmaking tools of Southern Appalachia : the story of the Kentucky rifle : a history of the guns and gunmaking tools at the Museum of Appalachia, Norris, Tennessee / by John Rice Irwin.",
mdp.39015064562179,1945,BK,book,Guns and gunning / [by] Captain Paul A. Curtis.,
uc1.c3164202,1971,BK,book,"Guns and hunting supplies; shotguns, rifles, pistols, revolvers, rifle sights, traps and birds, gun implements, gun cases, shooting clothing. John P. Lovell Arms Co., 1890, illustrated catalog and historical introduction.",
mdp.39015027418253,1970,BK,book,Guns and rubles; Soviet aid diplomacy in neutral Asia / by Stephen P. Gibert and Wynfred Joshua.,
nyp.33433044118085,1962,BK,book,Guns and shooting.,
uc1.b3180936,1979,BK,book,Guns at the forks / Walter O'Meara.,
uva.x000275623,1965,BK,book,Guns at the forks.,
nyp.33433044990178,1961,BK,book,Guns for General Washington. Drawings by Leonard Vosburgh.,
wu.89100006469,1945,BK,book,"Guns for Tito, by Major Louis Huot.",
mdp.39015024082441,1963,BK,book,Guns in the heather / by Lockhart Amerman.,
osu.32435055410658,1938,BK,book,Guns in the valley / William Byron Mowery.,
uc1.$b106075,1939,BK,book,"Guns of Burgoyne, by Bruce Lancaster.",
mdp.39015074200463,1964,BK,book,Guns of the regressive right; the only reconstruction of the Kennedy assassination that makes sense / by Morris A. Bealle.,
uc1.31210017256460,1975,BK,book,Guns off Gloucester / Joseph E. Garland.,
osu.32435055409031,1943,BK,book,Guns on the Cimarron.,
mdp.39015027222127,1957,BK,book,Guns on the early frontiers; a history of firearms from colonial times through the years of the Western fur trade.,
inu.30000005092246,1957,BK,book,Guns on the early frontiers; a history of firearms from colonial times through the years of the Western fur trade.,
uc1.$b42566,1938,BK,book,"Guns or butter, by R. H. Bruce Lockhart.",
wu.89094803756,1938,BK,book,"Guns or butter, by R. H. Bruce Lockhart.",
mdp.39015023070512,1938,BK,book,"Guns or butter, by R. H. Bruce Lockhart.",
mdp.39076002597693,1946,BK,book,Guns over Champlain / Leon W. Dean.,
uc1.$b105649,1949,BK,book,Guns wanted; with illus. by A.M. Hughes.,
inu.39000002948169,1978,BK,book,"Guns, gold, and caravans : the extraordinary life and times of Fred Meyer Schroder, frontiersman and soldier of fortune, in California, Mexico, Alaska and China, including his discovery of the mysterious pyramids of Shensi and rescue of the boy emperor / by Robert Easton.",
uva.x000790186,1966,BK,book,"Guns, sails and empires; technological innovation and the early phases of European expansion, 1400-1700 [by] Carlo M. Cipolla.",
umn.31951p00977790s,1963,BK,book,"Gunsmithing ; a manual of firearms design, construction, alteraration, and remodeling / For amateur and professional gunsmiths and users of modern firearms. Drawings by Paul Webb.",
uc1.32106010257621,1976,BK,book,HDC recommendations submitted to the City of Santa Cruz Housing Advisory Committee / prepared by Scott Coltrane.,
uiug.30112088952277,1955,BK,book,"Handbook of favorite dances, compiled and arranged by Ed and Elsie Bossing. Illus. by Frank Colton.",
coo.31924009728910,1940,BK,book,"Handbook of northern Arizona pottery wares, by Harold Sellers Colton and Lyndon Lane Hargrave. Supplement no. 1.  Colored plates of San Juan red ware and Tsegi orange ware, by Virgil Hubert.",
coo.31924090189279,1978,BK,book,He saw a hummingbird / Norma Lee Browning and Russell Ogg.,
uc1.x14355,1979,BK,book,High pressure liquid chromatographic separation of amadori compounds in model maillard browning systems.,
wu.89067597054,1975,BK,book,"History of Winchester, Massachusetts / Henry Smith Chapman ; drawings by W. H. W. Bicknell.",v.2
wu.89067597062,1975,BK,book,"History of Winchester, Massachusetts / Henry Smith Chapman ; drawings by W. H. W. Bicknell.",v.1
wu.89066035627,1965,BK,book,"History of the 8th Machine Gun Battalion, 5th Brigade, 3rd Infantry Division, by W. G. Weaver.",
mdp.39015024087283,1970,BK,book,Hoagie's rifle-gun / Illustrated by John Schoenherr.,
ien.35556006727671,1976,BK,book,Homage to Robert Browning / by Aleph Tanner.,
pst.000029469376,1969,BK,book,Home gun care & repair / by Parker O. Ackley.,
coo.31924001677909,1979,BK,book,Homotopy types of certain finite cw-complexes with finite fundamental group / by Wesley James Browning.,
wu.89075350926,1938,BK,book,"Hoofbeats : drawings and comments / by Warren T. Halpin. Introductions: Polo, by Stewart B. Iglehart; Hunting, by Henry G. Vaughan; Steeplechasing, by William Du Pont, Jr.",
pst.000027594711,1978,BK,book,Hospitality management accounting / Michael M. Coltman.,
cub.u183001047819,1954,BK,book,How do I love thee? / by Norman Dello Joio ; text adapted from the poem by Elizabeth B. Browning.,
mdp.39015027614299,1953,BK,book,How do I love thee? The story of Elizabeth Barrett Browning.,
uc1.b4098777,1953,BK,book,How do I love thee? The story of Elizabeth Barrett Browning.,
uc1.31210005077431,1950,BK,book,How the Du Pont organization appraises its performance:,
pst.000007765865,1973,BK,book,How to rob a bank without a gun.,
uc1.$b220466,1972,BK,book,How to select/use/troubleshoot cassette and cartridge recorders [by] Murray P. Rosenthal.,
umn.31951000516885c,1960,BK,book,"How to shoot a movie story : technique of pictorial continuity / Arthur L. Gaskill, David A. Englander ; photos & drawings by Irving Levine ; additional pictures by David A. Marlin.",
mdp.39015025542559,1970,BK,book,How to shoot a movie story; technique of pictorial continuity / [by] Arthur L. Gaskill [and] David A. Englander. Photos & drawings by Irving Levine; additional pictures by David A. Marlin.,
uiug.30112050053823,1959,BK,book,How to shoot a movie story; technique of pictorial continuity [by] Arthur L. Gaskill [and] David A. Englander. Photos. & drawings by Irving Levine; additional pictures by David A. Marlin.,
mdp.39015018098668,1979,BK,book,"How to train singers : featuring illustrated ""natural"" techniques and exercises / Larra Browning Henderson.",
mdp.39015041886733,1971,BK,book,Human genetics / A. M. Winchester.,
mdp.39015004323401,1975,BK,book,Human genetics / A. M. Winchester.,
mdp.39015001651408,1973,BK,book,Human sexuality: nursing implications / Compiled by Mary H. Browning and Edith P. Lewis.,
umn.31951p008694842,1946,BK,book,Hunting small game with shotgun and rifle.,
mdp.49015003002467,1977,BK,book,Hunting the uplands with shotgun and rifle / Luther A. Anderson.,
mdp.39015002054792,1968,BK,book,"Hurricanes, storms, tornadoes / [by] James H. Winchester.",
uc1.x28806,1966,BK,book,Hydroxymethylfurfural and furfural browning in sulfured and unsulfured fruit products.,
mdp.39015074395412,1954,BK,book,I escaped the Red guns / by Mia Mueller brown ; translated from the German and edited by Josefa H. Schwedler.,
uva.x000174079,1980,BK,book,"Images of the past : a photographic review of Winchester and Frederick County, Virginia / photos selected and researched by Michael Foreman ... [et al.].",
mdp.39015000796865,1976,BK,book,Immunobiology of bone marrow transplantation / edited by Bo Dupont and Robert A. Good.,
uc1.c3529759,1977,BK,book,Impacts and demand responses of selected traffic management strategies / A.J. Kruger.,v.1
uc1.c3529760,1977,BK,book,Impacts and demand responses of selected traffic management strategies / A.J. Kruger.,v.2
wu.89097634513,1935,BK,book,In desert and wilderness / by Henryk Sienkiewicz ; translated from the Polish by Max A. Drezmal ; with illustrations by Remington Schuyler.,
mdp.39015069745704,1965,BK,book,"In the United States Court of Appeals, United States of America, plaintiff and respondent, v.David Browning, defendant and appellant, no. 19876. Appellant's opening brief: appeal from judgment of the United States District Court, Honorable Bruce H. Thompson, judge. James R. White III, court appointe",
wu.89042085282,1972,BK,book,In the marketplace; consumerism in America. Edited by editors of Ramparts with Frank Browning.,
umn.319510000162728,1972,BK,book,In the marketplace; consumerism in America. Edited by editors of Ramparts with Frank Browning.,
mdp.39015014426129,1961,BK,book,"Inaugural exhibition, January 21, 1961 Selected works [of] Frederic Remington and Charles Marion Russell.",
mdp.39015036875162,1974,BK,book,Index to 8mm motion cartridges.,
uc1.$b117275,1938,BK,book,"Indian hunting grounds, by Caroline D. Emerson; drawings by Remington Schuyler.",
mdp.39015004198225,1941,BK,book,"Indian-fighting army / [by] Fairfax Downey, illustrated from drawings by Frederic Remington, Charles Schreyvogel and R. F. Zogbaum.",
buf.39072022051035,1966,BK,book,Individual weapons and marksmanship.,
mdp.39015000309388,1980,BK,book,"Infections of the gastrointestinal tract : microbiology, pathophysiology, and clinical features / Herbert L. DuPont and Larry K. Pickering.",
uc1.b4333525,1976,BK,book,Infectious diseases of the fetus and newborn infant / edited by Jack S. Remington and Jerome O. Klein,
mdp.39015000266018,1976,BK,book,Infectious diseases of the fetus and newborn infant / edited by Jack S. Remington and Jerome O. Klein,
uc1.x30537,1971,BK,book,Influence of the browning reaction on the availability of amino acids to microorganisms.,
mdp.49015000142035,1973,BK,book,Instructor's manual to accompany methods of social research by Kenneth D. Bailey / Jill Kiecolt.,
mdp.39015003436246,1973,BK,book,Instrumentation in applied nuclear chemistry / Edited by Jan Krugers. Contributors: Joel B. Ayers [and others],
coo.31924004702647,1962,BK,book,"Instrumentation scale-up from laboratory to pilot plant to production : proceedings of the 1962 symposium, April 9-10, 1962, Du Pont Country Club, Wilmington, Delaware / sponsored by Instrument Society of America, Wilmington Section.",
mdp.39015035214801,1977,BK,book,Integral operator methods in the theory of wave propagation and heat conduction / by David Colton.,
uiug.30112101465380,1978,BK,book,"Interim report, September 25, 1978 / principal investigator, Richard D. Remington.",
mdp.39015026529340,1979,BK,book,"Interior ballistics of guns / edited by Herman Krier, Martin Summerfield.",
mdp.39015035742488,1979,BK,book,"Interior ballistics of guns / edited by Herman Krier, Martin Summerfield.",
uc1.b4140525,1968,BK,book,Interior ballistics; how a gun converts chemical energy into projectile motion [by] E. D. Lowry.,
uc1.x30346,1969,BK,book,Internal browning of Thompson seedless grapes as influenced by growth regulator treatment and storage.,
uc1.b4579836,1969,BK,book,"Interrogating the oracle; a history of the London Browning Society, by William S. Peterson.",
mdp.39015002672486,1969,BK,book,"Interrogating the oracle; a history of the London Browning Society, by William S. Peterson.",
mdp.39015032328190,1934,BK,book,Intimate glimpses from Browning's letter file : selected from letters in the Baylor University Browning collection / assembled by A. Joseph Armstrong ; with an introd. by Roland A. Young.,
mdp.39015064403507,1936,BK,book,Introduction to college physics / [by] John Remington Hobbie.,
uc1.b3754067,1964,BK,book,"Introduction to infrared and Raman spectroscopy [by] Norman B. Colthup, Lawrence H. Daly [and] Stephen E. Wiberley.",
mdp.39015016059761,1972,BK,book,Introduction to molecular energies and spectra / [by] Marlin D. Harmony.,
mdp.39015000449390,1965,BK,book,Introduction to physical gas dynamics. By Walter G. Vincenti and Charles H. Kruger.,
hvd.hn2y51,1947,BK,book,"Irénée Bonfils [on the religion of his forefathers and of our forefathers] Published in Paris 1808, translated by Pierre S. Du Pont.",
uc1.$b580723,1961,BK,book,"Issues, problems & approaches in the teaching of English, edited by George Winchester Stone, Jr.",
mdp.39076006084938,1977,BK,book,"J. A. M., Junior Art Museum / Lynn R. Colter.",
nyp.33333080762616,1954,BK,book,Jaro and the golden colt / by Margaret Phelps ; illustrated by Evelyn Copelman.,
pst.000053749468,1973,BK,book,Jesus and the nonviolent revolution. / Translated by Michael H. Shank and Marlin E. Miller. With introd. by Marlin E. Miller.,
mdp.39015057494257,1976,BK,book,John Coltrane / by Bill Cole.,
mdp.39015007946380,1976,BK,book,John Coltrane / by Bill Cole.,
pst.000033450834,1977,BK,book,John Olson's Book of the shotgun / by John Olson.,
pst.000033450704,1974,BK,book,John Olson's book of the rifle / by John Olson.,
uc1.$b539219,1940,BK,book,"John White Geary, soldier-statesman, 1819-1873, by Harry Marlin Tinkcom.",
mdp.39015037504886,1969,BK,book,"John of Mirfield (d. 1407). Surgery. A translation of his Breviarium Bartholomei, pt. IX / by James B. Colton, 2nd. With an introd. by Frank B. Berry.",
mdp.39015043002289,1967,BK,book,Johnny got his gun / Dalton Trumbo.,
mdp.39015058204549,1959,BK,book,Johnny got his gun.,
cub.p101011913011,1941,BK,book,"Johnny, get your gun : a farce in one act / by William D. Fisher.",
mdp.39015028780537,1975,BK,book,"Joint lives, Elizabeth Barrett and Robert Browning : a selection of works from the Henry W. and Albert A. Berg Collection of English and American Literature / [compiled] by John D. Gordan ; with a foreword by Lola L. Szladits.",
umn.31951001751985n,1946,BK,book,Keith's Rifles for large game.,
mdp.39076002198575,1957,BK,book,King Oberon's forest / by Hilda van Stockum ; illustrated by Brigid Marlin.,
osu.32435070718366,1955,BK,book,Knock 'em dead / Jack Karney. Point of no escape / Mel Colton.,
pst.000029027491,1970,BK,book,Kuhlhoff on guns.,
mdp.39015012077346,1971,BK,book,"LTA's - their teachers, their training; proceedings of the Council on Library Technology (COLT) Central Regional Workshop, held February 5 and 6, 1971 / Edited by Richard L. Taylor.",
uva.x001030437,1978,BK,book,Landscaping with native plants in the Middle-Atlantic region / Elizabeth N. Dupont ; technical ill. by Stephen Kuter ; native plant drawings by Jane H. Scott ; photography by Susan Andreen ; [edited and designed by Wick Williams].,
uva.x000680645,1966,BK,book,Later writings / by Karl Rahner ; translated by Karl-H. Kruger.,v.5
uc1.c2932971,1958,BK,book,Law and feud in an aboriginal society of North Australia / by Arnold Remington Pilling.,
osu.32435055409478,1952,BK,book,Law of the six-gun / Paul Evan Lehman.,
wu.89038844080,1973,BK,book,Lectures on electrochemical corrosion [by] Marcel Pourbaix. Translated by J. A. S. Green. Translation edited by Roger W. Staehle. With a foreword by Jerome Kruger.,
uc1.c2946022,1961,BK,book,Leisure and social structure / by Waltraut Marga Feindt Browning.,
mdp.39015032392899,1936,BK,book,"Letters from Owen Meredith (Robert, first earl of Lytton) to Robert and Elizabeth Barrett Browning / edited by Aurelia Brooks Harlan and J. Lee Harlan, Jr. Being Baylor university's Browning interests, series ten.",
uc1.b3548133,1936,BK,book,"Letters from Owen Meredith (Robert, first earl of Lytton) to Robert and Elizabeth Barrett Browning / edited by Aurelia Brooks Harlan and J. Lee Harlan, Jr. Being Baylor university's Browning interests, series ten.",
mdp.39015031242137,1937,BK,book,"Letters from Owen Meredith (Robert, first earl of Lytton) to Robert and Elizabeth Barrett Browning / edited by Aurelia Brooks Harlan and J. Lee Harlan, jr.",
uc1.$b683256,1933,BK,book,"Letters of Robert Browning, collected by Thomas J. Wise, edited with an introduction and notes by Thurman L. Hood.",
mdp.39015002672502,1933,BK,book,"Letters of Robert Browning, collected by Thomas J. Wise, edited with an introduction and notes by Thurman L. Hood.",
uc1.$b90,1966,BK,book,"Léon Blum, humanist in politics [by] Joel Colton.",
mdp.39015046376961,1966,BK,book,"Léon Blum, humanist in politics [by] Joel Colton.",
mdp.39015010831306,1966,BK,book,"Léon Blum, humanist in politics [by] Joel Colton.",
uc1.b4951724,1970,BK,book,License to carry a gun.,
mdp.39015005660082,1970,BK,book,License to carry a gun.,
uc1.31822026346932,1975,BK,book,Line throwing gun for oceanographic instrument recovery : operation and service manual / by Richard L. Shutts,
wu.89066029026,1969,BK,book,"Lineage of Chovine Richardson Clark, Manning, South Carolina. On father's side: Clark, DuPont, Guerry, Graves, Kimmel, Long, Perdriau, Phillips. On mother's side: Benbow, Billups, Humphrey, Richardson. By Chovine R. Clark.",
coo.31924002810178,1963,BK,book,Living flowers that last : A National symposium / By A. F. DeWerth [and others] Edited by Marlin N. Rogers.,
uc1.b4411755,1977,BK,book,Loading the revolver with real bullets : poems / by Paul F. Fericano,
mdp.39076002202179,1961,BK,book,Lonesome little colt / by C.W. Anderson.,
uc1.32106002179056,1974,BK,book,Lookout cartridge.,
inu.30000007063427,1946,BK,book,"Love poems of Elizabeth Barrett Browning and Robert Browning; selected, and with a foreword, by Louis Untermeyer.",
cub.p101191807013,1936,BK,book,Lullaby of guns / by Arthur J. Kirschstein.,
uga1.32108045085480,1951,BK,book,Major Ned H. Roberts and the Schuetzen rifle; [compiled from the writings of Ned H. Roberts] Edited and published by Gerald O. Kelver.,
mdp.39015002335092,1973,BK,book,Malevil / Translated from the French by Derek Coltman.,
uc1.b3997309,1966,BK,book,Man and international relations; contributions of the social sciences to the study of conflict and integration [compiled by] J. K. Zawodny. With the editorial assistance of Aina Z. B. Kruger. Foreword by Ernest R. Hilgard.,v.2
uc1.b3989187,1966,BK,book,Man and international relations; contributions of the social sciences to the study of conflict and integration [compiled by] J. K. Zawodny. With the editorial assistance of Aina Z. B. Kruger. Foreword by Ernest R. Hilgard.,v.1
mdp.39015008867098,1966,BK,book,Man and international relations; contributions of the social sciences to the study of conflict and integration [compiled by] J. K. Zawodny. With the editorial assistance of Aina Z. B. Kruger. Foreword by Ernest R. Hilgard.,v.2
mdp.39015008867080,1966,BK,book,Man and international relations; contributions of the social sciences to the study of conflict and integration [compiled by] J. K. Zawodny. With the editorial assistance of Aina Z. B. Kruger. Foreword by Ernest R. Hilgard.,v.1
uva.x000221468,1963,BK,book,Man in the church / by Karl Rahner ; translated by Karl-H. Kruger.,v.2
uva.x000386211,1963,BK,book,Man in the church / by Karl Rahner ; translated by Karl-H. Kruger.,v.2
iau.31858047688670,1958,BK,book,Manhattan firearms.,
uc1.b4151983,1970,BK,book,"Marine mammals, by Earl L. Packard, Remington Kellogg, and Ernst Huber.",
inu.39000002507395,1979,BK,book,"Marksmanship, McNamara, and the M16 rifle : organizations, analysis, and weapons acquisition / Thomas L. McNaugher.",
mdp.39015029155101,1942,BK,book,Marling hall / by Angela Thirkell.,
mdp.39015048141652,1980,BK,book,"Mary Colter, builder upon the red earth / by Virginia L. Grattan.",
uc1.31822010267383,1980,BK,book,"Mary Colter, builder upon the red earth / by Virginia L. Grattan.",
uc1.b2500973,1980,BK,book,"Mary Colter, builder upon the red earth / by Virginia L. Grattan.",
mdp.39015000786171,1973,BK,book,Maternal and newborn care: nursing interventions / Compiled by Mary H. Browning and Edith P. Lewis. -,
mdp.39015017344451,1944,BK,book,Mathematics for exterior ballistics.,
wu.89067680652,1944,BK,book,Mathematics for exterior ballistics.,
uiug.30112101469994,1954,BK,book,Meet the parakeet; preface by R. Marlin Perkins.,
cub.u183001047990,1954,BK,book,Meeting at night : high / by Norman Dello Joio ; poem by Robert Browning.,
mdp.39076006030519,1964,BK,book,"Memory: a contribution to experimental psychology / Translated by Henry A. Ruger and Clara E. Bussenius, and with a new introd. by Ernest R. Hilgard.",
uc1.31822013485602,1973,BK,book,"Men in a developing society : geographic and social mobility in Monterrey, Mexico / Jorge Balán, Harley L. Browning, Elizabeth Jelin ; with the assistance of Waltraut Feindt.",
uc1.31175013347748,1945,BK,book,Men without guns / text by De Witt Mackenzie ; descriptive captions by Major Clarence Worden ; foreword by Major General Norman T. Kirk ; illustrated with 137 plates from the Abbott collection of paintings owned by the United States government.,
uc1.31158000331131,1972,BK,book,Mental retardation and the future / edited by Kevin B. McGovern and Philip L. Browning.,
uc1.31175000624752,1962,BK,book,Methods in exterior ballistics / by Forest Ray Moulton.,
mdp.39015069112095,1967,BK,book,Methods of wood chemistry / B. L. Browning.,v.1
umn.31951000339213c,1967,BK,book,Methods of wood chemistry / B. L. Browning.,v.1
umn.31951000339214a,1967,BK,book,Methods of wood chemistry / B. L. Browning.,v.2
uc1.b2887236,1967,BK,book,Methods of wood chemistry / B. L. Browning.,v.2
uiug.30112106908624,1932,BK,book,Mexican tailless amphibians in the United States National Museum / by Remington Kellogg.,
pst.000001149685,1970,BK,book,Military pistols and revolvers: the handguns of the two world wars / by I. V. Hogg.,
wu.89091239491,1979,BK,book,Modeling and forecasting of maneuvering tank position for gun fire control / by Chairote Kunpanitchakit.,
coo.31924030397008,1946,BK,book,"Modern economics, its principles and practices, by Justin H. Moore, William H. Steiner, Herbert Arkin [and] Raymond R. Colton.",
mdp.39015080058616,1941,BK,book,"Modern gun production, including the manufacture of gun carriages, recoil mechanisms, range finders, fire control apparatus.",
nyp.33433009380167,1933,BK,book,"Modern gunsmithing ; a manual of firearms design,  construction, and remodeling, for amateurs and professionals / by Clyde Baker.",
mdp.39015014183738,1939,BK,book,More homage to Browning / illustrated by Enrique Ramírez.,
uc1.b3553553,1939,BK,book,More homage to Browning / illustrated by Enrique Ramírez.,
pst.000030646094,1974,BK,book,"Mostly tailfeathers : stories about guns and dogs and birds and other odds and ends / Gene Hill ; drawings by Gordon M. Allen, Jr.",
uva.x030796535,1947,BK,book,Mountain pony and the pinto colt;,
umn.31951000799855g,1944,BK,book,Muzzle flashes; five centuries of firearms and men.,
mdp.39015028556010,1972,BK,book,My dear Wister: the Frederic Remington-Owen Wister letters / By Ben Merchant Vorpahl. With a foreword by Wallace Stegner. -,
uc1.b4374180,1972,BK,book,My dear Wister: the Frederic Remington-Owen Wister letters / By Ben Merchant Vorpahl. With a foreword by Wallace Stegner. -,
mdp.49015002398437,1955,BK,book,Myths every child should know / Illus. by Colleen Browning.,
mdp.39015006391273,1968,BK,book,Narrow angle electron guns and cathode ray tubes.,
uva.x001401444,1968,BK,book,Narrow angle electron guns and cathode ray tubes.,
uc1.b4445892,1970,BK,book,Nathaniel Hawthorne; an approach to an analysis of artistic creation. Translated from the French by Derek Coltman.,
mdp.39015002229147,1970,BK,book,Nathaniel Hawthorne; an approach to an analysis of artistic creation. Translated from the French by Derek Coltman.,
mdp.39015001784266,1970,BK,book,Nathaniel Hawthorne; an approach to an analysis of artistic creation. Translated from the French by Derek Coltman.,
ien.35556030203848,1975,BK,book,"Naval Air Station, North Island, Project 800, proposed new ammunition facility : environmental impact statement.",D
ien.35556030218705,1974,BK,book,"Naval ammunition depot, Oahu : environmental impact statement.",D
uc1.c2908679,1956,BK,book,Negative resistance in point-contact semi-conductor devices / by Bradford Eugene Kruger.,
mdp.39015031607743,1962,BK,book,Negroes with guns / by Robert F. Williams. Edited by Marc Schleifer. Introd. by John Henrik Clarke.,
mdp.39015074200679,1962,BK,book,Negroes with guns.,
osu.32435011522141,1971,BK,book,"New poems, by Robert Browning and Elizabeth Barrett Browning. Edited by Sir Frederic G. Kenyon. New York, Macmillan, 1915.",
ucw.ark:/13960/t3fx85m42,1948,BK,book,"Niagara's frontier, without a soldier and without a gun.",
uiug.30112049416305,1948,BK,book,"Niagara's frontier, without a soldier and without a gun.",
mdp.39015048711678,1979,BK,book,Night studies : a novel / by Cyrus Colter.,
uc1.c2946359,1961,BK,book,Noise in crossed-field guns / by Rangaiya Aswathanarayana Rao.,
umn.31951d00382063o,1975,BK,book,Non-enzymatic browning kinetics of an intermediate moisture model food system / by Henry Charles Warmbier.,
miua.4738143.0001.001,1970,BK,book,"Nondestructive activation analysis of environmental samples : technical report / [by] Richard Dams [and] John A. Robbins. John W. Winchester, Project Director.",
uva.x000605932,1966,BK,book,North Carolina parade; stories of history and people [by] Richard Walser and Julia Montgomery Street.  Illus. by Dixie Burrus Browning.,
uc1.b4272059,1973,BK,book,Not with a gun.,
mdp.39015072235206,1974,BK,book,Nursing and the aging patient / compiled by Mary H. Browning.,
mdp.39015003787549,1973,BK,book,Nursing and the cancer patient / compiled by Mary H. Browning and Edith P. Lewis.,
mdp.39015074094098,1972,BK,book,Nursing in respiratory diseases / Compiled by Edith P. Lewis and Mary H. Browning.,
ien.35556021293055,1972,BK,book,"Occupational licensing and public policy / Benjamin Shimberg, Barbara F. Esser, Daniel H. Kruger ; prepared at Educational Testing Service.",
uva.x000440517,1976,BK,book,"Occupied Winchester, 1861-1865 : prepared for Farmers & Merchants National Bank, Winchester, Virginia / by Garland R. Quarles.",
mdp.39015016188651,1958,BK,book,Office in the alley; report on a project with gang youngsters / [by] Harold J. Rahm [and] J. Robert Weber. Edited by Bert Kruger Smith.,
txu.059173026845468,1958,BK,book,Office in the alley; report on a project with gang youngsters / [by] Harold J. Rahm [and] J. Robert Weber. Edited by Bert Kruger Smith.,
coo.31924030705671,1950,BK,book,Official gun book.,
nyp.33433003231879,1950,BK,book,Official gun book.,
uc1.$b799950,1968,BK,book,"Old Wolfville. Chapters from the fiction of Alfred Henry Lewis, selected and edited with an introd. and commentary by Louis Filler. Illus. by Frederic Remington",
pst.000015804075,1977,BK,book,Omarr : astrology and the man / Norma Lee Browning.,
wu.89069665818,1958,BK,book,"On the bloody trail of Geronimo. With the original illus. of Hooper, McDougall, Chapin, Hatfield, and Frederic Remington. Foreword, introd. and notes by Arthur Woodward.",
uc1.$b683861,1970,BK,book,"On the diction of Tennyson, Browning, and Arnold.",
pst.000010476833,1970,BK,book,"On the diction of Tennyson, Browning, and Arnold.",
osu.32435010863371,1980,BK,book,On the hill / Bessie Marlin Mason.,
uc1.x29258,1957,BK,book,On the mechanism of the browning reaction between ascorbic acid and glycine.,
wu.89038762258,1972,BK,book,Optimization in systems engineering [by] Marlin H. Mickle and T. W. Sze.,
coo.31924013042977,1957,BK,book,Organization for instructional supervision in elementary schools [by] Bruce C. Browning [and] Henry J. Otto.,
uc1.b4723004,1968,BK,book,"Original radio script of Abraham Lincoln : from the Cavalcade of America / presented by Du Pont, Tuesday, February 13th, 1940.",
uc1.b3286494,1957,BK,book,"Orville H. Browning, Lincoln's friend and critic.",
uiug.30112041544518,1941,BK,book,Other worlds are empty [by] Marie Moon Winchester.,
umn.31951d00185697i,1966,BK,book,"Oxidative browning carrots, Daucus Carota.",
uc1.b3695856,1976,BK,book,"Ozone : analytical aspects & odor control, including abstracts of published articles on odor control with ozone : based on papers presented at a workshop held October 3, 1975, in Miami Beach, Florida / editors, Rip G. Rice, Myron E. Browning ; sponsored by the International Ozone Institute, inc.",
mdp.39076006201789,1979,BK,book,Palmyra / by Iain Browning.,
mdp.39015003416453,1973,BK,book,"Partially ionized gases / [by] M. Mitchner [and] Charles H. Kruger, Jr. -",
uc1.b4143803,1978,BK,book,"Passivity of metals : proceedings of the fourth International Symposium on Passivity / edited by Robert P. Frankenthal, Jerome Kruger.",
pst.000049262087,1969,BK,book,"Pathfinders of the West : being the thrilling story of the adventures of the men who discovered the great Northwest, Radisson, La Vérendrye, Lewis, and Clark. / Illus. by Remington, Goodwin, Marchand and others.",
uva.x001244295,1976,BK,book,"Patriots, pistols, and petticoats / Walter J. Fraser, Jr.",
wu.89073156663,1957,BK,book,"Patton and his pistols; the favorite side arms of General George S. Patton, Jr., by Milton F. Perry and Barbara W. Parke.",
uc1.31175007697587,1977,BK,book,Peacock's Four ages of poetry ; Shelley's Defence of poetry ; Browning's Essay on Shelley / edited by H. F. B. Brett-Smith.,
mdp.39015028019993,1931,BK,book,Peshawar : men versus machine guns / edited by Haridas T. Muzumdar.,
wu.89062919774,1976,BK,book,Peter Hurkos : I have many lives / Norma Lee Browning.,
mdp.39015014339496,1972,BK,book,Picturesque ideas on the flight into Egypt / Etched by Giovanni Domenico Tiepolo. Introd. and captions by Colta Feller Ives.,
uva.x000574265,1972,BK,book,Picturesque ideas on the flight into Egypt / etched by Giovanni Domenico Tiepolo ; introduction and captions by Colta Feller Ives.,
uc1.b4376403,1965,BK,book,Pierre Samuel du Pont de Nemours.,
mdp.39015021035574,1967,BK,book,Pigments : their manufacture properties and use / by John Stewart Remington and Wilfred Francis.,
mdp.39015002067752,1967,BK,book,Pigments : their manufacture properties and use / by John Stewart Remington and Wilfred Francis.,
inu.39000005630137,1979,BK,book,Pinto horse rider / by Tom Many Guns ; ill. by Wilbur Black Weasel ; photos by Joe Fisher.,
uc1.b4098540,1965,BK,book,Pioneers and patriots: the lives of six Negroes of the Revolutionary era [by] Lavinia Dobler and Edgar A. Toppin. Illustrated by Colleen Browning.,
mdp.49015001000497,1947,BK,book,"Pippa passes, and shorter poems / [by] Browning. Edited by Joseph E. Baker.",
cub.p101011703068,1949,BK,book,Pistol Pete : a rootin'-tootin' western comedy in three acts / Mickey Moran.,
osu.32435055409411,1932,BK,book,Pistol pardners / William MacLeod Raine.,
uc1.31822005740030,1961,BK,book,"Pistols : a modern encyclopedia / [by] Henry M. Stebbins, Albert J. E. Shay [and] Oscar R. Hammond",
mdp.39015002590993,1940,BK,book,Pistols at ten paces : the story of the code of honor in America / by William Oliver Stevens.,
uc1.31158004863980,1978,BK,book,Pistols for two / by Owen Hatteras [i.e. H. L. Mencken and G. J. Nathan].,
mdp.39015047539484,1980,BK,book,Pluralism and personality : William James and some contemporary cultures of psychology / Don S. Browning.,
cub.p101151714003,1946,BK,book,"Poison, poker and pistols / by Elisabet M. Stone.",
uc1.31175020933464,1968,BK,book,"Population mobility--focus on Texas / Harley L. Browning, Larry H. Long, editors.",
mdp.39015018111271,1974,BK,book,Post-baccalaureate grants and awards in music / Compiled by Chaddie B. Kruger.,
rul.39030020928141,1933,BK,book,"Powder, the story of a colt, a duchess and the circus; illustrated by Fedor Rojankovsky.",
nyp.33333060370869,1933,BK,book,"Powder, the story of a colt, a duchess and the circus; illustrated by Fedor Rojankovsky.",
mdp.39015003235101,1978,BK,book,Practical antimicrobial therapy / Herbert L. DuPont.,
mdp.39015047406353,1973,BK,book,Practical handbook of industrial traffic management / [by] Richard C. Colton [and] Edmund S. Ward. Rev. by Charles H. Wager.,
wu.89033928359,1973,BK,book,Practical handbook of industrial traffic management / [by] Richard C. Colton [and] Edmund S. Ward. Rev. by Charles H. Wager.,
pst.000005650552,1980,BK,book,Practical handgun ballistics / Mason Williams.,
uiug.30112002696893,1949,BK,book,Prairie guns.,
uc1.32106005946394,1969,BK,book,"Pre-Cretaceous sedimentation and metamorphism in the Winchester area, northern peninsular ranges, California [by] Henry P. Schwarcz.",
uiug.30112055989807,1959,BK,book,Precepts for the young / by Ann Ree Colton.,
uc1.31175001054470,1953,BK,book,Prentice Mulford's story; illus. by Frederic Remington.,
umn.31951000024227h,1969,BK,book,"Preparative ultracentrifuge applications; an annotated bibliography, compiled by Phyllis M. Browning.",
wu.89057260549,1950,BK,book,"Primitive painters in America, 1750-1950; an anthology, by Jean Lipman and Alice Winchester.",
mdp.39015023551602,1951,BK,book,"Princeton University Press; an informal account of its growing pains, casually put together at the point of a gun for the intimate friends of the press.",
umn.31951000799852m,1945,BK,book,Principles of firearms.,
mdp.39015009017321,1972,BK,book,Prison life; a study of the explosive conditions in America's prisons / [by] the editors of Ramparts magazine and Frank Browning. -,
uc1.b4399777,1979,BK,book,"Private practice handbook : the tools, tactics & techniques for successful practice development / by Charles H. Browning",
chi.62217478,1967,BK,book,Proceedings [of the] Conference on Mental Health Services across State Lines: the potential for interstate cooperation. Editor: Avery M. Colt.,c.1
osu.32435059253641,1958,BK,book,Production of 2 x 2 inch slides for school use / prepared by Joe Coltharp ; designed and illustrated by Gerda McMurry.,
mdp.49015001270645,1974,BK,book,"Prosecution; the decision to charge a suspect with a crime / by Frank W. Miller. Frank J. Remington, editor.",
coo.31924054583160,1977,BK,book,Prosperity without guns : the economic impact of reductions in defense spending / by B.G. Lall.,
umn.31951000230093c,1979,BK,book,"Public finance and the price system / Edgar K. Browning, Jacqueline M. Browning.",
rul.39030031716626,1966,BK,book,"Public hearing on Assembly Bill no. 165, re regulation of sale and purchase of firearms before Assembly Committee on State Government : held Assembly Chamber, State House, Trenton, New Jersey, March 2, 1966.",
mdp.39015013307197,1980,BK,book,"Quest for Eros : Browning and ""Fifine"" / Samuel B. Southwell.",
uc1.b3484133,1980,BK,book,"Quest for Eros : Browning and ""Fifine"" / Samuel B. Southwell.",
uc1.31210024786806,1979,BK,book,"Radar cross sections of low density ice spheres coated with higher density ice L.J. Battan, S.R. Browning, and B.M. Herman.",
mdp.39015002274440,1975,BK,book,"Railroads and rifles : soldiers, technology, and the unification of Germany / Dennis E. Showalter.",
mdp.39015013066496,1936,BK,book,Railway wonders of the world / Editor: Clarence Winchester. Consulting editor: Cecil J. Allen ...,v.1-17
mdp.39015021119279,1936,BK,book,Railway wonders of the world / Editor: Clarence Winchester. Consulting editor: Cecil J. Allen ...,v.18-38
mdp.39015021119238,1936,BK,book,Railway wonders of the world / Editor: Clarence Winchester. Consulting editor: Cecil J. Allen ...,v.34-50
wu.89067601757,1970,BK,book,Ranch life and the hunting trail. [Illustrated by Frederic Remington.,
mdp.39015034434251,1966,BK,book,Ranch life and the hunting-trail / by Theodore Roosevelt; [illustrated by Frederic Remington],
uc1.b4903337,1966,BK,book,Ranch life and the hunting-trail / by Theodore Roosevelt; [illustrated by Frederic Remington],
uiug.30112062975328,1966,BK,book,Ranch life and the hunting-trail / by Theodore Roosevelt; [illustrated by Frederic Remington],
uva.x000663699,1968,BK,book,Ranch life in the Far West. Illustrated by Frederic Remington.,
cub.p102210901008,1946,BK,book,"Range and ballistic tables, 1946 : printed for the use of the midshipmen at the U.S. Naval Academy in connection with the textbook Exterior ballistics, 1943 / U.S. Naval Institute.",
uc1.x29965,1968,BK,book,"Reactions of biological antioxidants with aliphatic hydroperoxides, by Edward Hart Gruger, Jr.",
mdp.39015009355515,1976,BK,book,Readings in Third World missions : a collection of essential documents / edited by Marlin L. Nelson.,
umn.319510007824527,1962,BK,book,Really not really / by Lesley Frost ; illustrated by Barbara Remington.,
uc1.31970004239239,1976,BK,book,"Recollections of Louisa May Alcott, John Greenleaf Whittier, and Robert Browning, together with several memorial poems / by Maria S. Porter",
chi.13584035,1969,BK,book,"Records of Tennyson, Ruskin, Browning.",
umn.31951002164375r,1969,BK,book,Red men and white. Illustrated by Frederic Remington.,
mdp.39015006473634,1975,BK,book,Redistribution and the welfare system / Edgar K. Browning.,
uc1.b4448580,1976,BK,book,Rehabilitation and the retarded offender / edited by Philip L. Browning.,
mdp.39015004327089,1976,BK,book,Rehabilitation and the retarded offender / edited by Philip L. Browning.,
uva.x000170867,1979,BK,book,"Religion in the 18th century / edited by R. E. Morton, J. D, Browning.",
uc1.31175003923714,1975,BK,book,Remarks on Don Juan / by C. C. Colton.,
bc.ark:/13960/t1dj66f59,1975,BK,book,Remarks on Don Juan / by C. C. Colton.,
loc.ark:/13960/t3qv3p64s,1975,BK,book,Remarks on Don Juan / by C. C. Colton.,
ien.35558000603684,1980,BK,book,Remington's Pharmaceutical sciences.,
coo.31924028724700,1969,BK,book,Remington's frontier sketches.,
ien.35558004930166,1951,BK,book,"Remington's practice of pharmacy : a treatise on the preparing, standardizing, and dispensing of official, unofficial, and extemporaneous pharmaceutical products, with descriptions of medicinal substances, their properties, uses and doses ...",
chi.086314835,1951,BK,book,"Remington's practice of pharmacy; a treatise on the preparing, standardizing, and dispensing of official and extemporaneous pharmaceutical products, with descriptions of medicinal substances, their properties, uses and doses. Also a guide to other professional services rendered by the pharmacist in ",c.1
mdp.39015002152414,1965,BK,book,Report from a Chinese village / Illustrated and with photos. by Gun Kessle. Translated from the Swedish by Maurice Michael.,
mdp.39015004762954,1965,BK,book,Report from a Chinese village / Illustrated and with photos. by Gun Kessle. Translated from the Swedish by Maurice Michael.,
uc1.31822002965861,1965,BK,book,Report from a Chinese village / by Jan Myrdal ; Illustrated by Gun Kessle; Translated from the Swedish by Maurice Michael,
cub.u183020634934,1975,BK,book,Report to the Denver City Council and Mayor regarding the choice of handgun ammunition for the Denver Police Department / prepared by Kenneth R. Hammond [and others],
uiug.30112106628685,1970,BK,book,"Research and development of a single gun color CRT. Phase II - final report / by Thomas E. Sisneroes, Paul A. Faeth, and Joseph A. Davis.",
uc1.$b717364,1972,BK,book,Reverend Elhanan Winchester: biography and letters.,
osu.32435019195692,1971,BK,book,Rifle and light infantry tactics; for the exercise and manoeuvres of troops when acting as light infantry or riflemen. Prepared under the direction of the War Dept.,V1
cub.u183050731473,1973,BK,book,"Rifle external origin and destination study : project no. F 013-1(21), 1973 / prepared by State Dept. of Highways, Division of Highways, State of Colorado, Planning and Research Division, in cooperation with U.S. Dept. of Transportation, Federal Highway Administration.",
uc1.31158001968683,1963,BK,book,Rifle for rent : a dramatic true story of one of the most colorful figures of the untamed Southwest / Gene Caesar.,
mdp.39015003677021,1943,BK,book,"Rifleman Dodd, and The gun, two novels of the Peninsular campaigns / by C. S. Forester.",
inu.30000061601567,1942,BK,book,"Rifleman Dodd, and The gun, two novels of the Peninsular wars, by C. S. Forester, with a foreword by Carl Van Doren.",
uc1.$b16320,1944,BK,book,"Rifles and machine guns, a modern handbook of infantry and aircraft arms, by Melvin M. Johnson, jr. ...",
pst.000029362912,1957,BK,book,Rifles for Watie.,
mdp.39015027550907,1957,BK,book,Rifles for Watie.,
uva.x001752051,1957,BK,book,Rifles for Watie.,
osu.32435055410799,1933,BK,book,Roaring guns (Red Clark o'Tulluco) a Red Clark western / by Gordon Young.,
mdp.39076000529417,1970,BK,book,Robert Browning / [by] Ioan M. Williams.,
hvd.hw9mma,1978,BK,book,Robert Browning / by Arthur Waugh.,
uva.x000046103,1977,BK,book,Robert Browning / by Walter L. Sheldon.,
hvd.hnl2d5,1977,BK,book,Robert Browning / by Walter L. Sheldon.,
mdp.39015002288689,1974,BK,book,Robert Browning / edited by Isobel Armstrong.,
mdp.39015000374754,1969,BK,book,Robert Browning and his world.,v.2
mdp.39015028547910,1969,BK,book,Robert Browning and his world.,v.1
mdp.39015009139588,1969,BK,book,Robert Browning and his world.,v.2
mdp.39015009048425,1969,BK,book,Robert Browning and his world.,v.1 1967
uc1.b3553519,1962,BK,book,Robert Browning and the Babylonian Woman,
rul.39030014239091,1934,BK,book,Robert Browning as a dramatist / Albert T. Puntney.,
mdp.39015064857405,1932,BK,book,Robert Browning through French eyes.,
uc1.b3315400,1942,BK,book,"Robert Browning's Pied piper of Hamelin, arranged as a choral drama by Agnes Curren Hamm.",
mdp.39015023472387,1969,BK,book,Robert Browning's father: his way with a book / An account of annotations made by Browning's father in his copy of John Landseer's Lectures on the art of engraving delivered at the Royal Institution of Great Britain. -,
mdp.39015037385062,1947,BK,book,Robert Browning's finances from his own account book.,
mdp.39015012431519,1967,BK,book,"Robert Browning's moral-aesthetic theory, 1833-1855 / by Thomas J. Collins.",
uc1.b4592532,1977,BK,book,"Robert Browning, a Shelley Promethean / Paul A. Cundiff.",
mdp.39015018882319,1977,BK,book,"Robert Browning, a Shelley Promethean / Paul A. Cundiff.",
mdp.39015001345936,1932,BK,book,Robert Browning.,
wu.89001266279,1970,BK,book,Robert Browning.,
iau.31858005665751,1970,BK,book,Robert Browning.,
hvd.32044086847266,1973,BK,book,Robert Browning.,
uc1.b4937904,1974,BK,book,Robert Browning.,
mdp.39015009290563,1974,BK,book,Robert Browning.,
mdp.39015019375909,1974,BK,book,Robert Browning.,
uc1.b4313637,1953,BK,book,"Robert Browning: a bibliography, 1830-1950; compiled by Leslie Nathan Broughton, Clark Sutherland Northup [and] Robert Pearsall.",
uc1.b3578897,1953,BK,book,"Robert Browning: a bibliography, 1830-1950; compiled by Leslie Nathan Broughton, Clark Sutherland Northup [and] Robert Pearsall.",
mdp.39015009304356,1966,BK,book,Robert Browning: a collection of critical essays.,
mdp.39076006221951,1973,BK,book,Robert Browning: a study of his poetry.,
wu.89001267442,1973,BK,book,"Robert Browning: chief poet of the age, by William G. Kingsland.",
hvd.hwajst,1974,BK,book,"Robert Browning: the thoughts of a poet on art and faith, a lecture delivered to the Birmingham Central Literary Association, March 27th, 1885, by Howard S. Pearson.",
uc1.31822004444287,1970,BK,book,Robert Browning; essays and thoughts / by John T. Nettleship,
mdp.39015002672510,1974,BK,book,"Robert and Elizabeth Barrett Browning : an annotated bibliography, 1951-1970 / by William S. Peterson.",
uc1.b4534808,1978,BK,book,Robots on your doorstep (a book about thinking machines) / Nels Winkless and Iben Browning ; with an introd. by John Peers.,
mdp.39015002053083,1978,BK,book,Robots on your doorstep (a book about thinking machines) / Nels Winkless and Iben Browning ; with an introd. by John Peers.,
mdp.39015006048121,1949,BK,book,Round-shot to rockets; a history of the Washington Navy Yard and U. S. Naval Gun Factory.,
umn.31951p00323833k,1965,BK,book,Rules for the inspection of army revolvers and gatling guns / prepared under the direction of J.G. Benton by J.P. Farley.,
mdp.39015002996257,1973,BK,book,"Rural Santo Domingo: settled, unsettled, and resettled / [by] Marlin D. Clausner.",
uc1.b4245398,1973,BK,book,"Rural Santo Domingo: settled, unsettled, and resettled / [by] Marlin D. Clausner.",
pst.000000369862,1976,BK,book,Rural public welfare / Grace Browning.,
uc1.b4929958,1979,BK,book,"Russian romantic prose : an anthology : containing tales by Alexander Pushkin, Nikolai Gogol, Orest Somov, Vladimir Odoevsky, Alexander Veltman, Mikhail Lermontov, Count Vladimir Sollogub, Alexander Bestuzhev-Marlinsky / with translations by David Lowe ... [et al.] ; edited by Carl R. Proffer.",
mdp.39015008203542,1979,BK,book,"Russian romantic prose : an anthology : containing tales by Alexander Pushkin, Nikolai Gogol, Orest Somov, Vladimir Odoevsky, Alexander Veltman, Mikhail Lermontov, Count Vladimir Sollogub, Alexander Bestuzhev-Marlinsky / with translations by David Lowe ... [et al.] ; edited by Carl R. Proffer.",
uc1.31970018412897,1975,BK,book,"SB 650 firearms : [hearing] / Senate Committee on Judiciary, California Legislature",
nyp.33433008656419,1977,BK,book,"SN00 aMid-Atlantic economic development region : b prospectus for development : bchallenges and opportunities for the mid-Atlantic region : ban application for designation under the provisions of PL 94-188.00, as a Title V Regional Action Planning Commission / cDelaware, Pierre du Pont, Governor; Ma",
mdp.39015081364864,1953,BK,book,SOME STUDIES IN THE SHORTER POEMS OF ROBERT BROWNING: STYLISTIC INTERPRETATIONS.,
pst.000030138469,1968,BK,book,"Safari; Pan Am's guide to hunting with gun and camera round the world / by Charles A. Cabell, III and David St. Clair.",
mdp.39015073497458,1951,BK,book,Sagas of struggle : a labor anthology / selected by Samuel Colton ; drawings by Raymond Zalstein.,
uiug.30112003471361,1935,BK,book,"Sailor of fortune; adventures of an Irish sailor, soldier, pirate, pearl-fisher, gun-runner, rebel and Antarctic explorer, by Charles John McGuinness ...",
mdp.39015042874902,1952,BK,book,Samuel Colt : a man and an epoch / by Martin Rywell.,
uva.x000895399,1961,BK,book,"Samuel Colt presents: a loan exhibition of presentation percussion Colt firearms, Wadsworth Atheneum, Hartford, 3 November 1961 to 14 January 1962. Pref. by C. C. Cunningham; foreword by John S. duMont; catalogue by R. L. Wilson.",
uc1.31210010912176,1974,BK,book,Samuel Colt's submarine battery : the secret and the enigma [by] Philip K. Lundeberg.,
mdp.39015023177739,1974,BK,book,Samuel Colt's submarine battery : the secret and the enigma [by] Philip K. Lundeberg.,
wu.89059409300,1969,BK,book,"Samuel Francis Du Pont; a selection from his Civil War letters, edited by John D. Hayes.",v.1 1860-1862
wu.89059409334,1969,BK,book,"Samuel Francis Du Pont; a selection from his Civil War letters, edited by John D. Hayes.",v.2 1862-1863
wu.89059409367,1969,BK,book,"Samuel Francis Du Pont; a selection from his Civil War letters, edited by John D. Hayes.",v.3 1863-1865
uva.x004884605,1969,BK,book,"Samuel Francis Du Pont; a selection from his Civil War letters, edited by John D. Hayes.",V.2
uva.x000391166,1969,BK,book,"Samuel Francis Du Pont; a selection from his Civil War letters, edited by John D. Hayes.",V.3
uva.x001124048,1969,BK,book,"Samuel Francis Du Pont; a selection from his Civil War letters, edited by John D. Hayes.",V.1
mdp.39015019956187,1969,BK,book,"Samuel Francis Du Pont; a selection from his Civil War letters, edited by John D. Hayes.",v.2
mdp.39015019101180,1969,BK,book,"Samuel Francis Du Pont; a selection from his Civil War letters, edited by John D. Hayes.",v.1
mdp.39015019101172,1969,BK,book,"Samuel Francis Du Pont; a selection from his Civil War letters, edited by John D. Hayes.",v.3
uc1.b3923967,1968,BK,book,"Santayana on America; essays, notes, and letters on American life, literature, and philosophy. Edited and with an introd. by Richard Colton Lyon.",
uc1.$b243679,1961,BK,book,Saturday lunch with the Brownings; stories.,
mdp.39015053616507,1961,BK,book,Saturday lunch with the Brownings; stories.,
uiug.30112124386399,1951,BK,book,"Scattergunning; a book on hunting the feathered game of North America, describing the habits of the different species during the gunning seasons, methods of hunting, and guns and ammunition used. With decorations by William J. Schaldach.",
uva.x000004637,1977,BK,book,Science of education and the psychology of the child / Jean Piaget ; translated from the French by Derek Coltman.,
mdp.39015013962132,1970,BK,book,Science of education and the psychology of the child / Translated from the French by Derek Coltman.,
mdp.39015040128475,1970,BK,book,Science of education and the psychology of the child / Translated from the French by Derek Coltman.,
uc1.b4165976,1970,BK,book,Science of education and the psychology of the child / Translated from the French by Derek Coltman.,
mdp.39015024214648,1970,BK,book,Science of education and the psychology of the child / Translated from the French by Derek Coltman.,
uva.x004026065,1949,BK,book,Second differentials of functions in exterior ballistics.,
umn.31951001317827r,1979,BK,book,"Selected proceedings of the 1978 Science Fiction Research Association National Conference / editor, Thomas J. Remington ; associate editor, James Bittner ; assistant editors, Frank Downes [and others].",
pst.000033274867,1969,BK,book,Selected readings in American national government / edited by Jung-Gun-Kim [and] James C. Dixon.,
mdp.39015017572119,1959,BK,book,"Selected topics on ballistics, Cranz Centenary Colloquium, University of Freiburg, Freiburg/Br., West Germany / editor: Wilbur C. Nelson.",
mdp.39015039878973,1959,BK,book,"Selected topics on ballistics, Cranz Centenary Colloquium, University of Freiburg, Freiburg/Br., West Germany / editor: Wilbur C. Nelson.",
mdp.39015000966047,1975,BK,book,Semiconductor circuits: linear and digital / [by] Marlin P. Ristenbatt.,
mdp.49015001052167,1974,BK,book,"Sentencing: the decision as to type, length, and conditions of sentence / by Robert O. Dawson. Frank J. Remington: editor.",
uc1.b3688024,1968,BK,book,Sermons from the ammunition hatch of the Ship of fools : 1959-1968 / Hans Juergensen,
uc1.b4582855,1968,BK,book,Sermons from the ammunition hatch of the Ship of fools : 1959-1968 / Hans Juergensen,
mdp.39076006248244,1980,BK,book,"Serving handicapped students / Hazel Z. Sprandel, Marlin R. Schmidt, guest editors.",
uc1.l0091502708,1974,BK,book,Shakespeare and the Bible : parallel passages and passages suggested by the Bible with the religious sentiments of Shakespeare / by G. Q. Colton ; with an introduction by Rev Robert Collyer.,
wu.89058353095,1964,BK,book,Shaping the spirit of America; articles from Harper's and Century magazines recalling events and times that helped determine the present national image of the United States of America. Compiled by Thomas C. Jones. Color reproductions of paintings by Frederic Remington and Winslow Homer.,
mdp.39015000225451,1965,BK,book,Shelley and Browning: a myth and some facts / by Frederick A. Pottle. With a foreword by William Lyon Phelps.,
wu.89001028844,1977,BK,book,"Shelley, the man and the poet : being a reprint of the introductory essay prefixed to (twenty-five spurious) Letters of Percy Bysshe Shelley, published by Edward Moxon in 1852 / by Robert Browning.",
nyp.33333024226033,1944,BK,book,"Shipmates in white; navy nurses on sea duty, by Jean Dupont Miller.",
uiug.30112047086977,1956,BK,book,Shooting and firearms education; instructors guide.,
uc1.$b68558,1938,BK,book,"Shotgun psychology. Theory and practice regarding shotguns, their construction and functioning, and how to learn to shoot them correctly. [By] Lawrence B. Smith <Lon Smith>",
cub.p101012016007,1952,BK,book,Shotgun wedding : a howlarious hillbilly comedy in one act / by Ned Albert [i.e. Wilbur Braun],
uva.x000316986,1965,BK,book,"Shotguns and shooting, by E. S. McCawley, Jr.",
nyp.33433078508219,1950,BK,book,Shotguns by Keith.,
osu.32435064820178,1950,BK,book,Signal guns at Sunup / John Jo Carpenter.,
uc1.31210007553736,1962,BK,book,"Silver, sex and six guns : Tombstone saga of the life of Buckskin Frank Leslie. ; a story of Tombstone's early gunmen / compiled from the files of the Tombstone epitaph, in the words of its early editors.",
nyp.33433007160108,1950,BK,book,Simplified pistol ad revolver shooting; illustrated with line drawings by Sanford Strother.,
mdp.39015001383135,1950,BK,book,"Simplified rifle shooting / Charles Edward Chapel, illustrated with line drawings by Sanford Strother.",
hvd.hn3dvx,1943,BK,book,Singing guns [by] Max Brand [pseud.],
wu.89090342197,1947,BK,book,Single-shot rifles / by James J. Grant.,
mdp.39015002230053,1975,BK,book,Six guns and society : a structural study of the Western / by Will Wright.,
mdp.35112104281763,1955,BK,book,Six-gun and silver star.,
ppt.ssfcbz201808000139,1970,BK,book,Six-gun planet / by John Jakes.,
inu.30000128783325,1954,BK,book,"Six-guns and saddle leather; a bibliography of books and pamphlets on western outlaws and gunmen, compiled by Ramon F. Adams.",
yul.11727381_000_00,1972,BK,book,Smack! By the editors of Ramparts magazine and Frank Browning.,
rul.39030011339654,1972,BK,book,"Small arms ammunition at the International Exposition, Philadelphia, 1876 / Berkley R. Lewis.",
uva.x001897316,1956,BK,book,Small arms and ammunition in the United States service (with 52 plates) / by Berkeley R. Lewis.,
umn.31951000552446y,1963,BK,book,"Small arms makers ; a directory of fabricators of firearms, edged weapons, crossbows, and polearms.",
mdp.39015012305127,1957,BK,book,Smith & Wesson revolvers; the pioneer single action models.,
mdp.39015027589046,1938,BK,book,Social case records: family welfare / edited by Elizabeth S. Dixon and Grace Browning.,
uc1.$b350399,1938,BK,book,Social case records: family welfare / edited by Elizabeth S. Dixon and Grace Browning.,
mdp.39015002664517,1973,BK,book,Socio-economic systems and principles / Edited by William G. Vogt and Marlin H. Mickle. Guest editor: H. E. Hoelscher. Associate editors: Carl Beck [and others],
pst.000005387342,1979,BK,book,Soil classification in the United States / Marlin G. Cline.,
uc1.c2946439,1960,BK,book,Some aspects of American and Indonesian fiscal and monetary policies : a comparative study / by Johannes Baptista Sumarlin.,
coo.31924001693161,1943,BK,book,"Some morphological and anatomical investigations on the flowers of the genus Potamogeton. Variation in stone cells in ""seed"" coats of different species of the genus Najas. By Natalie Browning Whitford.",
uc1.$b116710,1945,BK,book,"Son-of-a-gun stew, a sampling of the Southwest; edited by Elizabeth Matchett Stover; foreword by John William Rogers, illustrations by Harold D. Bugbee.",
pst.000005756148,1969,BK,book,Song of a woods colt : poetry.,
uc1.32106001926044,1977,BK,book,Sonnets from the Portuguese / Elizabeth Barrett Browning.,
mdp.39015001449688,1932,BK,book,Sonnets from the Portuguese / by Elizabeth Barrett Browning.,
mdp.39015004248426,1977,BK,book,Sordello / Robert Browning ; edited by Morse Peckham.,
mdp.39015016754411,1956,BK,book,Sound of the guns; the story of American artillery from the ancient and honorable company to the atom cannon and guided missile.,
coo.31924001887417,1976,BK,book,South Pacific birds / by John E. duPont ; ill. by George Sandström.,
umn.31951002002862x,1937,BK,book,Spanish pesos : a western story / William Colt MacDonald.,
mdp.39015074134175,1933,BK,book,"Specialization of verbal facility at the college entrance level; a comparative study of scientific and literary vocabularies / by Warren George Findley ... Professor Henry A. Ruger, sponsor.",
uc1.b4390647,1979,BK,book,"Speech communication and theater arts : a classified bibliography of theses and dissertations, 1973-1978 / Merilyn D. Merenda and James W. Polichak ; with an introd. by Arthur N. Kruger.",
mdp.49015000774902,1969,BK,book,"St. Anne and the gouty rector, and other plays / by Henri Ghéon and Henri Brochet ; translated by Marcus Selden Goldman & Olive Remington Goldman.",
uc1.$b703786,1950,BK,book,"St. Anne and the gouty rector, and other plays, by Henri Ghéon and Henri Brochet. Translated by Marcus Selden Goldman & Olive Remington Goldman.",
uc1.b3751384,1950,BK,book,"St. Anne and the gouty rector, and other plays, by Henri Ghéon and Henri Brochet. Translated by Marcus Selden Goldman & Olive Remington Goldman.",
mdp.39015054028033,1967,BK,book,"Stage fight: swords, firearms, fisticuffs, and slapstick / Introd. by Laurence Olivier.",
mdp.39015000673023,1972,BK,book,"Standards relating to the urban police function / Recommended by the Advisory Committee on the Police Function. Frank J. Remington, chairman. Herman Goldstein, reporter; Sheldon Krantz, reporter. Tentative draft.",
umn.31951d016981217,1978,BK,book,"State park system plan for South Dakota / prepared by the Division of Parks and Recreation ; Lowen Schuett, director, David A. Kruger, division staff specialist, David L. Anderson, resource staff specialist.",
rul.39030031808738,1974,BK,book,State police ammunition.,
mdp.39015053931005,1963,BK,book,"Statistical methods / Herbert Arkin, Raymond R. Colton.",
uc1.b4539463,1960,BK,book,"Statistical methods [as applied to economics, business psychology, education, and biology. Keyed to standard textbooks. By Herbert Arkin [and] Raymond R. Colton.",
uc1.b4513827,1970,BK,book,Statistics in endocrinology; proceedings. Edited by Janet W. McArthur and Theodore Colton,
mdp.39015000836190,1974,BK,book,Statistics in medicine / Theodore Colton.,
mdp.39015023428819,1970,BK,book,Statistics with applications to the biological and health sciences / [by] Richard D. Remington [and] M. Anthony Schork.,
mdp.39015003820480,1970,BK,book,Statistics with applications to the biological and health sciences / [by] Richard D. Remington [and] M. Anthony Schork.,
mdp.39015009862874,1970,BK,book,Statistics with applications to the biological and health sciences / [by] Richard D. Remington [and] M. Anthony Schork.,
mdp.39015016577796,1967,BK,book,"Store days: documents from The store, 1961, and Ray Gun Theater, 1962 / selected by Claes Oldenburg and Emmett Williams. Photos. by Robert R. McElroy.",
uiug.30112110271373,1962,BK,book,"Stories from Italy, by Edward W. Dolch and Marguerite P. Dolch. Illustrated by Colleen Browning.",
uc1.b4433095,1965,BK,book,Strange marriage. [By] James Colton [pseud.],
mdp.39015054504736,1979,BK,book,"Studies in Victorian verse drama : an appraisal of the poetic plays of Browning, Tennyson and other Victorians / by Virendra Sharma.",
inu.32000003477389,1972,BK,book,Studies in the poetry of Robert Browning.,
wu.89011024270,1976,BK,book,Studies on the excitable membrane of Paramecium aurelia / by Jeffrey Lee Browning.,
uc1.$c124290,1937,BK,book,"Study of the transportation of cement in sacks between Colton, Crestmore, Victorville, Oro Grande, Monolith, Los Angeles and Wingfoot, to points in southern California. Case no. 3981, case no. 4071, application no. 21172.",
pst.000004155157,1967,BK,book,"Submachine guns, caliber .45, M3 and M3A1. / With introduction by Donald B. McLean.",
mdp.39015014199577,1941,BK,book,Sunset gun; poems.,
mdp.39015004397637,1978,BK,book,Survey of medical technology / Roger W. Coltey.,
mdp.39015004432558,1963,BK,book,Tables for statisticians / [by] Herbert Arkin and Raymond R. Colton.,
coo.31924003448283,1931,BK,book,Tales of rod and gun; a collection of the best American hunting and fishing stories.,
uc1.$b85183,1966,BK,book,Talleyrand's last duchess. Trans. from the French by Derek Coltman.,
mdp.39015026132202,1966,BK,book,Talleyrand's last duchess. Trans. from the French by Derek Coltman.,
mdp.39015031804373,1971,BK,book,Teaching inefficient learners / by Wineva Montooth Grzynkowicz. With a contribution by Frances Marling.,
uc1.b4384405,1973,BK,book,"Teilhard de Chardin: in quest of the perfection of man. An international symposium, edited and compiled by Geraldine O. Browning, Joseph L. Alioto [and] Seymour M. Farber.",
mdp.39015001550600,1973,BK,book,"Teilhard de Chardin: in quest of the perfection of man. An international symposium, edited and compiled by Geraldine O. Browning, Joseph L. Alioto [and] Seymour M. Farber.",
coo.31924070371301,1949,BK,book,"Testimony of Crawford H. Greenewalt, President E. I. du Pont de Nemours and Co. : before the Special Subcommittee on Study of Monopoly Power, Committee on the Judiciary, House of Representatives, U. S., November 15, 1949, Washington, D.C.",
umn.31951001963637g,1950,BK,book,Texans with guns.,
uva.x000608245,1970,BK,book,"Texans, guns & history.",
nyp.33433008652939,1944,BK,book,"Textbook of automatic pistols; being a treatise on the history, development and functioning of the modern military self-loading pistol, its special ammunition, and their evolvement into the sub-machine gun, together with a supplementing chapter on the light machine gun. 1884-1935. By R. K. Wilson.",
mdp.39015006437217,1979,BK,book,"Textbook of oral and maxilliofacial surgery / edited by Gustav O. Kruger ; art editor, B. John Melloni.",
mdp.39015007421582,1974,BK,book,Textbook of oral surgery / Edited by Gustav O. Kruger. Art editor: B. John Melloni.,
mdp.39015000270887,1974,BK,book,Textbook of oral surgery / Edited by Gustav O. Kruger. Art editor: B. John Melloni.,
osu.32435016070781,1969,BK,book,The 1886 machine gun manual.,
uc1.31822011682820,1976,BK,book,The 2nd bronze world of Frederic Remington / by Bruce Wear,
inu.39000005932475,1973,BK,book,"The ABC books of the Pennsylvania Germans [by] Walter Klinefelter. Abraham Harley Cassel, nineteenth century Pennsylvania German American book collector [by] Marlin L. Heckman. Marriages performed at the Evangelical Lutheran Church of the Holy Trinity, 1748-1767 [by] Fritz Braun and Frederick S. Wei",v.7
osu.32435016874455,1933,BK,book,The American gun mystery : [Death at the rodeo] ; a problem in deduction / by Ellery Queen.,
mdp.39015027968745,1933,BK,book,The American gun mystery <death at the rodeo> a problem in deduction / by Ellery Queen.,
nyp.33433102454661,1944,BK,book,The American rifle for hunting and target shooting / by C.E. Hagie.,
wu.89041978263,1950,BK,book,"The Antiques book; outstanding, authoritative articles on ceramics, furniture, glass, silver, pewter, architecture, prints and other collecting interests. Edited by Alice Winchester and the staff of the magazine Antiques.",
inu.39000005819680,1950,BK,book,"The Antiques book; outstanding, authoritative articles on ceramics, furniture, glass, silver, pewter, architecture, prints and other collecting interests. Edited by Alice Winchester and the staff of the magazine Antiques.",
mdp.39015006787058,1973,BK,book,"The Antiques guide to decorative arts in America, 1600-1875 / With an introd. by Alice Winchester. Illustrated with 192 drawings by Pauline W. Inman and 434 photos.",
inu.30000001673635,1959,BK,book,"The Antiques treasury of furniture and other decorative arts at Winterthur, Williamsburg, Sturbridge, Ford Museum, Cooperstown, Deerfield [and] Shelburne / Edited by Alice Winchester and the staff of Antiques magazine.",
mdp.39015014256955,1959,BK,book,"The Antiques treasury of furniture and other decorative arts at Winterthur, Williamsburg, Sturbridge, Ford Museum, Cooperstown, Deerfield [and] Shelburne. / edited by Alice Winchester and the staff of Antiques magazine.",
mdp.39015014090842,1959,BK,book,"The Antiques treasury of furniture and other decorative arts at Winterthur, Williamsburg, Sturbridge, Ford Museum, Cooperstown, Deerfield [and] Shelburne. / edited by Alice Winchester and the staff of Antiques magazine.",
mdp.39015025117543,1979,BK,book,"The Armstrong Browning Library, Baylor University, Waco Texas.",
ien.35556003831955,1979,BK,book,"The BATF's war on civil liberties : the assault on gun owners / Task Force to Investigate the Enforcement Policies of the Bureau of Alcohol, Tobacco and Firearms ; David Hardy, project director.",
uc1.$b440969,1965,BK,book,The Browning critics [by] Boyd Litzinger and K.L. Knickerbocker.,
mdp.39015046414713,1965,BK,book,The Browning critics [by] Boyd Litzinger and K.L. Knickerbocker.,
mdp.39015066052773,1965,BK,book,The Browning critics [by] Boyd Litzinger and K.L. Knickerbocker.,
umn.31951002399074k,1932,BK,book,The Brownings ; a Victorian idyll.,
mdp.39015013311926,1978,BK,book,The Brownings' correspondence : a checklist / compiled by Philip Kelley and Ronald Hudson.,
uc1.b3484142,1978,BK,book,The Brownings' correspondence : a checklist / compiled by Philip Kelley and Ronald Hudson.,
mdp.39015001449985,1970,BK,book,"The Brownings, letters and poetry / Selected and with an introd. by Christopher Ricks. Illus. by Barnett I. Plotkin.",
uc1.b4239608,1969,BK,book,"The Buffalo Soldiers in the Indian Wars, by Fairfax Downey. Illustrated with old Remington prints and line drawings by Harold James.",
uva.x000217782,1980,BK,book,The Byzantine Empire / Robert Browning.,
pst.000027492406,1980,BK,book,The Byzantine Empire / Robert Browning.,
mdp.39015020751866,1980,BK,book,The Byzantine Empire / Robert Browning.,
uc2.ark:/13960/t4pk07f34,1966,BK,book,"The Colt Press : Jane Bissell Grabhorn ; tape-recorded interview conducted by Ruth Teiser in December, 1965. Regional Oral History Office, the Bancroft Library, University of California, Berkeley, Calif., 1966 : and related material,",
txu.059173026952130,1977,BK,book,"The Colthurst journal : journal of a special magistrate in the islands of Barbados and St. Vincent, July 1835-September 1838 / edited by Woodville K. Marshall.",
uiug.30112002411368,1972,BK,book,The Corps of Engineers : construction in the United States / by Lenore Fine and Jesse A. Remington.,v.6 PT.6 V.3(1972)
osu.32435016730582,1972,BK,book,The Corps of Engineers : construction in the United States / by Lenore Fine and Jesse A. Remington.,
wu.89062874714,1979,BK,book,The Cross connections : about the families of Cross-Cannon-Givens-Hope-Marlett-McGuire-Stout with marriages to the Baileys-Cecil-Dunn-Humphries-Brooks and Browning families / by Nadeen Cross Marlett.,
rul.39030019181686,1934,BK,book,The Du Pont Company and munitions.,
cub.p101241503011,1935,BK,book,The Du Pont dynasty / by John K. Winkler.,
uc1.31210007271768,1959,BK,book,"The Earps of Tombstone; the truth about the OK Corral gun fight and other events in which Wyatt Earp and his brothers participated. This is the story, compiled from the files of the Tombstone epitaph for the years 1880-81-82, as told by this newspapers's early editors. By Douglas D. Martin.",
umn.31951001846637k,1976,BK,book,The Emperor Julian / Robert Browning.,
uc1.32106015277020,1976,BK,book,The Emperor Julian / Robert Browning.,
mdp.39015000851678,1973,BK,book,The Expanded role of the nurse / compiled by Mary H. Browning and Edith P. Lewis.,
uc1.31822035086172,1934,BK,book,"The Gun Club cook book, or, A culinary code for appreciative epicures : being a discussion of the methods and procedures of cooking, together with observations on kitchen usages, and including many receipts from many lands / by Charles Browne ; illustrations by Leonard Holton",
osu.32435016592248,1931,BK,book,"The Gun club cook book; or, A culinary code for appreciative epicures; being a discussion of the methods and procedures of cooking, together with observations on kitchen usages, and including many receipts from many lands, by Charles Browne ... illustrations by Leonard Holton.",
nyp.33433007160975,1954,BK,book,The Hi-Standard pistol guide.,v. 1
inu.32000004797033,1966,BK,book,"The Indians of Colta : essays on the Colta Lake zone, Chimborazo (Ecuador) / editor, Eileen Maynard.",
nyp.33433038588194,1962,BK,book,The Lee-Enfield rifle.,
pst.000023164734,1976,BK,book,The Lewis gun / J. David Truby.,
mdp.39076000851555,1968,BK,book,"The London stage, 1747-1776 : a critical introduction / George Winchester Stone.",
uc1.31158001522027,1969,BK,book,"The Magna charta barons and their American descendants, together with the pedigrees of the founders of the Order of Runnemede deduced from the sureties for the enforcement of the statutes of the Magna charta of King John, by Charles H. Browning.",
uc1.b4446468,1968,BK,book,The Marlin compound; letters of a singular family.,
wu.89062852512,1968,BK,book,The Marlin compound; letters of a singular family.,
mdp.39015020407071,1977,BK,book,"The Mouse Museum, the Ray Gun Wing : two collections, two buildings : an exhibition organized by the Museum of Contemporary Art, Chicago / by Claes Oldenburg.",
pst.000019975153,1980,BK,book,"The Official Sotheby Parke Bernet price guide to antiques and decorative arts / edited by Charles C. Colt, Jr.",
uiug.30112101467543,1977,BK,book,The Oregon sunbook / written for the Oregon Department of Energy by Hal Brown ; illustrated by Jerry Kruger.,
uc1.b4925122,1979,BK,book,The Parnasse fra Titon du Tillet and the origins of the monument to genius / Judith Colton.,
wu.89092485424,1977,BK,book,The Parti ouvrier socialiste révolutionnaire : a study of an attempt to synthesize syndicalism and socialism / by Marline Erina Pearson.,
mdp.49015000917972,1971,BK,book,The Pied Piper of Hamelin / Robert Browning ; illustrated by C. Walter Hodges.,
uc1.$b404059,1958,BK,book,The Pistol.,
uc1.b4211270,1955,BK,book,"The Prevention of disease in everyday practice, by Isadore Givner and Maurice Bruger and contributors.",
mdp.49015000736018,1977,BK,book,The Saturday night knife & gun club / B. P. Reiter.,
inu.39000005927806,1973,BK,book,"The Saturday night special, and other guns with which Americans won the West, protected bootleg franchises, slew wildlife, robbed countless banks, shot husbands purposely and by mistake, and killed presidents--together with the debate over continuing same. Illustrated by Julio Fernandez.",
uva.x000379892,1975,BK,book,"The Saturday night special, and other guns with which Americans won the West, protected bootleg franchises, slew wildlife, robbed countless banks, shot husbands purposely and by mistake, and killed presidents--together with the debate over continuing same. Illustrated by Julio Fernandez.",
mdp.39015021231678,1943,BK,book,"The Sharps rifle, its history, development and operation.",
nnc1.1002168049,1955,BK,book,The Texas pistol / James Keene.,
umn.31951000170351z,1979,BK,book,"The Use and potential of aquatic species for wastewater treatment. Appendix B, The environmental requirements of fish / by John Colt [and others] ; project officer, Cecil Martin.",
mdp.39015012990407,1962,BK,book,"The West of the Texas Kid, 1881-1910; recollections of Thomas Edgar Crawford, cowboy, gun fighter, rancher, hunter, miner / Edited and with an introd. by Jeff C. Dykes. With original drawings by Nick Eggenhofer.",
uc1.b4470662,1962,BK,book,"The West of the Texas Kid, 1881-1910; recollections of Thomas Edgar Crawford, cowboy, gun fighter, rancher, hunter, miner / Edited and with an introd. by Jeff C. Dykes. With original drawings by Nick Eggenhofer.",
uc1.$b364395,1975,BK,book,"The Winchester Psalter : iconographic sources and themes of the Virgin Mary, kingship and law / by Carol Uhlig Crown.",
mdp.39015001215592,1973,BK,book,"The Winchester troper, from mss. of the Xth and XIth centuries; with other documents illustrating the history of tropes in England and France / Edited by Walter Howard Frere. London, 1894. -",
mdp.39015014375060,1976,BK,book,The acts of King Arthur and his noble knights : from the Winchester manuscripts of Thomas Malory and other sources / by John Steinbeck ; edited by Chase Horton.,
nyp.33433007162534,1943,BK,book,"The amateur guncraftsman; a practical handbook for those who like guns, by James Virgil Howe ...",
inu.30000111968255,1963,BK,book,The angeleno / by John Winchester Stuart.,
mdp.39015006765534,1973,BK,book,The art of retouching / by Burrows & Colton. [Rev. by] J. P. Ourdan.,
umn.31951001848596y,1969,BK,book,The assassin who gave up his gun / [by] E. V. Cunningham.,
mdp.39015040642988,1970,BK,book,The attitudes of rhetoric / [by] Winston Weathers [and] Otis Winchester.,
osu.32435068627710,1958,BK,book,"The avenging gun, by J. L. Bouma.",
uc1.31822009409541,1967,BK,book,The basaltic cinder cones and lava flows of the San Francisco Mountain volcanic field / Harold S. Colton,
uiug.30112074022978,1976,BK,book,The basics of practical parenting / Ken Marlin.,
uiug.30112053091143,1942,BK,book,The best of Browning. Edited with notes by William Hudson Rogers.,
uc1.b000736269,1942,BK,book,The best of Browning. Edited with notes by William Hudson Rogers.,
wu.89072961493,1965,BK,book,The big guns of Fayette / by Paul C. Boethel.,
uc1.b4512918,1952,BK,book,The big-game rifle. By Jack O'Connor.,
umn.31951000406847x,1939,BK,book,"The bird, the gun and the dog",
uc1.b4099079,1960,BK,book,The blind colt / Written & illustrated by Glen Rounds.,
umn.31951000888728r,1961,BK,book,The blind colt / written and illustrated by Glen Rounds.,v.1
mdp.39015027559338,1950,BK,book,The blood bay colt / Walter Farley ; illustrated by Milton Menasco.,
uva.x000842984,1950,BK,book,The blood bay colt / Walter Farley ; illustrated by Milton Menasco.,
mdp.39015003627083,1974,BK,book,"The book, the ring, & the poet; a biography of Robert Browning / [by] William Irvine & Park Honan.",
mdp.39015002304676,1957,BK,book,The bow and the lyre: The art of Robert Browning.,
uc1.b3687733,1974,BK,book,The boy who invented the bubble gun; an odyssey of innocence.,
nyp.33333219768872,1960,BK,book,The boy's book of rifles. Illustrated with line drawings by Dick Spencer.,
mdp.39015016819545,1966,BK,book,The bronze world of Frederic Remington / Bruce Wear.,
coo.31924002841470,1963,BK,book,The browning reaction in potato chip production and the role of sulphur dioxide in its control.,
coo.31924003032293,1955,BK,book,The browning reaction in potato chips.,
uc1.c2945621,1961,BK,book,The class characteristics of auto-loading firearms : a systematic study of the 32-caliber automatic / by Duayne Joseph Dillon.,
mdp.39015005295178,1979,BK,book,The collected writings of Frederic Remington / edited by Peggy and Harold Samuels ; illustrated by Frederic Remington.,
mdp.39015008607585,1973,BK,book,The company state; Ralph Nader's study group report on DuPont in Delaware / by James Phelan & Robert Pozen.,
uc1.b4438177,1973,BK,book,The company state; Ralph Nader's study group report on DuPont in Delaware / by James Phelan & Robert Pozen.,
nyp.33433006950053,1954,BK,book,The complete book of guns.,
uc1.31158002210697,1937,BK,book,"The complete poetical works of Robert Browning; new ed.; with additional poems, first pub. in 1914.",
mdp.39015008352075,1968,BK,book,The convex glass; the mind of Robert Browning / by Norton B. Crowell.,
uva.x004105148,1979,BK,book,The correspondence of Jefferson and Du Pont de Nemours / with and introd. on Jefferson and the Physiocrats by Gilbert Chinard.,
inu.30000128172107,1977,BK,book,The critical reception of Browning's The ring and the book : 1869-1889 and 1951-1968 / by Ezzat Abdulmajeed Khattab.,
uva.x001496251,1961,BK,book,"The cup, the blade, or the gun.",
mdp.39015014106242,1967,BK,book,"The day is dark, and Three travelers; two novellas / Translated from the French by Derek Coltman.",
uc1.$b703662,1967,BK,book,"The day is dark, and Three travelers; two novellas / Translated from the French by Derek Coltman.",
uc1.b3790624,1967,BK,book,"The day is dark, and Three travelers; two novellas / Translated from the French by Derek Coltman.",
mdp.39015019985376,1960,BK,book,The day of the Americans / by Nerin E. Gun.,
coo.31924004999607,1968,BK,book,"The design of a data processing system for inventory control at Universal Instruments, by Philip Winchester Jaeger [and] Charles Ernest Nigro.",
mdp.39015000536717,1968,BK,book,The dialectical temper; the rhetorical art of Robert Browning / [by] W. David Shaw.,
cub.p103300414006,1933,BK,book,The diary of Orville Hickman Browning / edited with introduction and notes by Theodore Calvin Pease ... James G. Randall.,
yul.11863191_001_00,1933,BK,book,The diary of Orville Hickman Browning edited with introduction and notes by Theodore Calvin Pease ... James G. Randall.,1
yul.11863191_002_00,1933,BK,book,The diary of Orville Hickman Browning edited with introduction and notes by Theodore Calvin Pease ... James G. Randall.,2
cub.p101280407005,1955,BK,book,The drafting of partnership agreements : (revised to March 1955) / by John E. Mulder and Marlin M. Volz. Tax material by Donald McDonald.,
wu.89062879135,1979,BK,book,The du Pont family / John D. Gates.,
uva.x000151427,1979,BK,book,The du Pont family / John D. Gates.,
uc1.b3898176,1979,BK,book,The du Pont family / John D. Gates.,
wu.89062879333,1976,BK,book,The du Ponts : portrait of a dynasty / Marc Duke.,
uva.x000618142,1976,BK,book,The du Ponts : portrait of a dynasty / Marc Duke.,
mdp.39015010214818,1976,BK,book,The du Ponts : portrait of a dynasty / Marc Duke.,
uc1.$b242177,1964,BK,book,The du Ponts of Delaware.,
mdp.39015005269249,1962,BK,book,The du Ponts: from gunpowder to nylon / Translated by Edward B. Garside. With photos. by Dixie Reynolds.,
uc1.b4438176,1962,BK,book,The du Ponts: from gunpowder to nylon / Translated by Edward B. Garside. With photos. by Dixie Reynolds.,
mdp.39015000260466,1972,BK,book,The dying patient: a nursing perspective / Compiled by Mary H. Browning and Edith P. Lewis.,
mdp.39015003777136,1972,BK,book,The dying patient: a nursing perspective / Compiled by Mary H. Browning and Edith P. Lewis.,
uc1.b4697946,1966,BK,book,The early literary career of Robert Browning; four lectures by Thomas R. Lounsbury.,
uiug.30112072457275,1949,BK,book,The effect of grain size on the mechanical properties of precision cast cartridge brass.,
coo.31924003461336,1944,BK,book,"The effect of high temperature and various chemical agents upon the heat stability, browning and apparent change in lactose concentration of whole and evaporated milk.",
uc1.c2933501,1958,BK,book,The effects of brain damage on respnoses on four perceptual tests / by Emily Browning Philbrick.,
uiug.30112124640910,1973,BK,book,"The effects of waste discharges from Radford Army Ammunition Plant on the biota of the New River, Virginia. Directed by John Cairns, Jr., and Kenneth L. Dickson.",
mdp.39015009298111,1963,BK,book,The faith of Robert Browning.,
wu.89058510603,1979,BK,book,"The fighting guns : cockpit record of a naval pilot from Pearl Harbor through Midway / by Clarence E. Dickinson, in collaboration with Boyden Sparkes.",
mdp.39015005259794,1978,BK,book,"The final solution and the German Foreign Office : a study of Referat D III of Abteilung Deutschland, 1940- / by Christopher R. Browning.",
umn.319510009326753,1945,BK,book,The first model Maxin automatic machine gun.,
mdp.39015005725596,1978,BK,book,The flamboyant Mr. Colt and his deadly six-shooter / Bern Keating.,
inu.32000002140855,1942,BK,book,"The flying guns; cockpit record of a naval pilot from Pearl harbor through Midway, by Lieut. Clarence E. Dickinson (U.S.N.) in collaboration with Boyden Sparkes.",
uc1.b4580521,1968,BK,book,"The focusing artifice; the poetry of Robert Browning [by] Roma A. King, Jr.",
mdp.39015002357583,1968,BK,book,"The focusing artifice; the poetry of Robert Browning [by] Roma A. King, Jr.",
wu.89081598450,1979,BK,book,The fun of raising a colt Frank B. Griffith and Rubye Mae Griffith.,
mdp.39015035848475,1968,BK,book,The gardens of Winterthur in all seasons / Photos. by Gottlieb and Hilda Hampfler. Foreword by Henry Francis du Pont. A history of the gardens by C. Gordon Tyrrell.,
mdp.39015011873836,1971,BK,book,The general of the dead army; a novel / Translated by Derek Coltman from the French.,
uva.x000609693,1978,BK,book,"The golden age of American illustration : F. R. Gruger and his circle / by Bennard B. Perlman ; introd. by F. R. Gruger, Jr.",
wu.89092951698,1953,BK,book,The good luck colt / by Genevieve Torrey Eames ; illustrated by Paul Brown.,
pst.000029664528,1971,BK,book,The great guns / by Harold L. Peterson and Robert Elman ; special photography by J. Barry O'Rourke.,
uc1.b4097900,1956,BK,book,The great world and Timothy Colt.,
uc1.b3710947,1956,BK,book,The great world and Timothy Colt.,
mdp.39015003472407,1956,BK,book,The great world and Timothy Colt.,
pur1.32754001359128,1977,BK,book,The grotesque in the poetry of Robert Browning / by Lily Bess Campbell.,
chi.24788976,1967,BK,book,"The gun and its development, by W. W. Greener.",c.1
uc1.32106014946948,1977,BK,book,The gun and the olive branch : the roots of violence in the Middle East / David Hirst.,
cub.p104102008014,1955,BK,book,The gun collector's handbook of values.,
nyp.33433045562075,1963,BK,book,The gun collector's handbook of values.,
mdp.39015000027584,1962,BK,book,The guns of August / Barbara W. Tuchman.,
mdp.39015005055259,1962,BK,book,The guns of August / Barbara W. Tuchman.,
mdp.39015000525934,1962,BK,book,The guns of August.,
mdp.39015036903246,1962,BK,book,The guns of August.,
mdp.39015015195384,1962,BK,book,The guns of August.,
pst.000027555163,1962,BK,book,The guns of August.,
mdp.39015008727912,1972,BK,book,The guns of Avalon / Roger Zelazny.,
uc1.b2857453,1971,BK,book,The guns of Carrar. Translated by George Tabori.,
osu.32435064814734,1956,BK,book,The guns of Fort Petticoat : a Gold Medal original / by C. William Harrison ; cover painting by Frank McCarthy.,
uva.x004925162,1958,BK,book,The guns of Gettysburg.,
uva.x000672430,1968,BK,book,"The guns of Harpers Ferry, by Stuart E. Brown Jr.",
uc1.b4385410,1978,BK,book,"The guns of Lattimer : the true story of a massacre and a trial, August 1897-March 1898 / by Michael Novak.",
wu.89058503418,1978,BK,book,"The guns of Lattimer : the true story of a massacre and a trial, August 1897-March 1898 / by Michael Novak.",
uc1.b4095529,1957,BK,book,The guns of Navarone.,
mdp.39015010396730,1957,BK,book,The guns of Navarone.,
uiug.30112050048310,1959,BK,book,The gunsmith / by Henry J. Kauffman.,
mdp.39015042006760,1973,BK,book,The harpoon gun / Translated by Barbara Bray.,
osu.32435010346062,1932,BK,book,The history of Cherokee County / by Rev. Lloyd G. Marlin.,
umn.319510014496149,1972,BK,book,"The horse, the gun and the piece of property : changing images of the TV western.",
uc1.b3566858,1975,BK,book,"The horse, the gun, and the piece of property : changing images of the TV Western / by Ralph Brauer, with Donna Brauer.",
mdp.39015027747909,1976,BK,book,The how and why of third world missions : an Asian case study / Marlin L. Nelson.,
chi.18377674,1970,BK,book,"The hunter's world, by Charles F. Waterman. Photographers: Erwin A. Bauer and others. Photography compiled and edited by Bill Browning.",c.1
uva.x000984924,1961,BK,book,The hunting gun.,
iau.31858025171715,1961,BK,book,The hunting gun.,
umn.31951000786471j,1948,BK,book,"The hunting rifle ; design, selection, ballistics, marksmanship.",
hvd.32044038180352,1962,BK,book,The identification of firearms and forensic ballistics / Sir Gerald Burrard.,
uc1.$b19783,1935,BK,book,"The identification of firearms from ammunition fired therein, with an analysis of legal authorities, by Jack Disbrow Gunther ... and Charles O. Gunther ...",
mdp.49015003045813,1980,BK,book,The illustrated encyclopedia of pistols & revolvers : an illustrated history of hand guns from the sixteenth century to the present day / by Frederick Myatt.,
mdp.39076006107994,1970,BK,book,"The illustrations of Frederic Remington / with a commentary by Owen Wister. Edited with a concise biography and an account of Remington's work and career, by Marta Jackson.",
mdp.39015002833039,1950,BK,book,"The immortal lovers / Elizabeth Barrett and Robert Browning, a biography.",
uc1.b3578902,1950,BK,book,"The immortal lovers / Elizabeth Barrett and Robert Browning, a biography.",
uc1.b5378714,1950,BK,book,The immortal lovers: Elizabeth Barrett & Robert Browning; a biography.,
uc1.b000678277,1969,BK,book,The immortality of the soul in the poems of Tennyson and Browning.,
txu.059173024038603,1966,BK,book,The importance of population factors in the current development of Latin America / Harley L. Browning.,
uc1.c2862341,1962,BK,book,The infrared spectra of NF₂ ; The microwave spectrum of CH₃SF₅ ; The microwave spectra of free radicals / by Marlin Dale Harmony.,
mdp.39015005374726,1978,BK,book,The international relations of Eastern Europe : a guide to information sources / Robin Alison Remington.,
uc1.b4474997,1948,BK,book,"The inverted mountains: canyons of the West. Contributors, Weldon F. Heald, Edwin D. McKee [and] Harold S. Colton.",
mdp.39015010341249,1948,BK,book,"The inverted mountains: canyons of the West. Contributors, Weldon F. Heald, Edwin D. McKee [and] Harold S. Colton.",
uc1.c077821373,1947,BK,book,"The ladies' Browning circle meets, a comedy in one act for twelve women, by Enid Crawford Pierce ...",
mdp.39076000859384,1978,BK,book,"The law and public school operation / LeRoy J. Peterson, Richard A. Rossmiller, Marlin M. Volz.",
mdp.39015008939814,1969,BK,book,"The law and public school operation / [by] LeRoy J. Peterson, Richard A. Rossmiller [and] Marlin M. Volz.",
uc1.b4279475,1969,BK,book,"The law and public school operation / [by] LeRoy J. Peterson, Richard A. Rossmiller [and] Marlin M. Volz.",
uc1.b3553521,1975,BK,book,"The letters of Robert Browning to Frederick and Nina Lehmann, 1863-1889 / edited with introd. and notes by Boyd Litzinger",
uc1.$b557714,1954,BK,book,The life and times of General Two-Gun Cohen.,
uc1.b4937892,1966,BK,book,"The life of Robert Browning, with notices of his writings,",
mdp.39015009107643,1966,BK,book,"The life of Robert Browning, with notices of his writings,",
uva.x000303383,1938,BK,book,The long rifle,
mdp.39015065801956,1932,BK,book,The long rifle ...,
inu.39000002211469,1980,BK,book,The long rifle / by Robert Lagemann and Albert C. Manucy ; with drawings by Daniel D. Feaser.,
mdp.39015030857976,1932,BK,book,The long rifle.,
uc1.b3727419,1932,BK,book,The long rifle.,
mdp.39015003720516,1980,BK,book,The loss rate concept in safety engineering / R. L. Browning.,
mdp.39015056504171,1973,BK,book,The luminous revolver / Tom McKeown.,
cub.u183021684916,1943,BK,book,The man behind the gun / by David Harmon and Ronald MacDougall.,
mdp.39015026642820,1977,BK,book,"The man behind the guns : a biography of General Henry Jackson Hunt, Chief of Artillery, Army of the Potomac / by Edward G. Longacre.",
cub.p101293008004,1936,BK,book,The man of the storm : a romance of Colter who discovered Yellowstone / by Ethel Hueston.,
umn.319510021036314,1936,BK,book,The man of the storm : a romance of Colter who discovered Yellowstone.,
uc1.32106014452145,1965,BK,book,The man with the golden gun,
mdp.39076000683446,1980,BK,book,"The managerial experience : cases, exercises, and readings / William F. Glueck, Lawrence R. Jauch, Sally Coltrin.",
mdp.39015033162630,1970,BK,book,The manuscripts of Pauline Archange; a novel / Translated from the French by Derek Coltman.,
uc1.$b114703,1970,BK,book,The manuscripts of Pauline Archange; a novel / Translated from the French by Derek Coltman.,
nyp.33433010755597,1960,BK,book,The marlinspike sailor / by Hervey Garrett Smith.,
mdp.49015000321241,1971,BK,book,The marlinspike sailor.,
uva.x001541231,1941,BK,book,"The matchlock gun,",
uc1.b4087514,1941,BK,book,"The matchlock gun,",copy 2
uiug.30112101464615,1953,BK,book,The modern Colt guide.,
umn.31951000959311u,1941,BK,book,The modern gunsmith ; a guide for the amateur and professional gunsmith in the design and construction of firearms.,v.1
umn.31951000959312s,1941,BK,book,The modern gunsmith ; a guide for the amateur and professional gunsmith in the design and construction of firearms.,v.2
wu.89100015437,1934,BK,book,"The modern gunsmith; a guide for the amateur and professional gunsmith in the design and construction of firearms, with practical suggestions for all who like guns, by James Virgil Howe.",v.1
uiug.30112050047783,1934,BK,book,"The modern gunsmith; a guide for the amateur and professional gunsmith in the design and construction of firearms, with practical suggestions for all who like guns, by James Virgil Howe.",v.2
uiug.30112023517755,1961,BK,book,The modern shotgun.,v.1(1961)
uiug.30112023517763,1961,BK,book,The modern shotgun.,v.2(1961)
mdp.39015003213249,1967,BK,book,"The molecular biology of viruses : proceedings of the Symposium of the Molecular Biology of Viruses held at the University of Alberta, Canada, June 27th to 30th, 1966 in conjunction with the Faculty of Medicine of the University of Alberta. / edited by John S. Colter and William Paranchych.",
mdp.39015003393975,1967,BK,book,"The molecular biology of viruses : proceedings of the Symposium of the Molecular Biology of Viruses held at the University of Alberta, Canada, June 27th to 30th, 1966 in conjunction with the Faculty of Medicine of the University of Alberta. / edited by John S. Colter and William Paranchych.",
uc1.b4521673,1967,BK,book,"The molecular biology of viruses : proceedings of the Symposium of the Molecular Biology of Viruses held at the University of Alberta, Canada, June 27th to 30th, 1966 in conjunction with the Faculty of Medicine of the University of Alberta. / edited by John S. Colter and William Paranchych.",
mdp.39015006704426,1976,BK,book,The moral context of pastoral care / Don S. Browning.,
uiug.30112039477523,1958,BK,book,The muzzle-loading cap lock rifle / by Ned H. Roberts.,
mdp.39015011191411,1942,BK,book,The muzzle-loading rifle : then and now / by Walter M. Cline.,
uc1.$b116507,1938,BK,book,"The mystery and the detective, a collection of stories, edited by Blanche Colton Williams ...",
uc1.31822012849501,1972,BK,book,"The natural resources of Elkhorn Slough; their present and future use. Prepared by Bruce M. Browning, assisted by John A. Aplin [and others",
uc1.31210026475499,1972,BK,book,"The natural resources of Elkhorn Slough; their present and future use. Prepared by Bruce M. Browning, assisted by John A. Aplin [and others",
nyp.33433038486076,1957,BK,book,The new Lucian Cary on guns.,
coo.31924030705739,1951,BK,book,The new Official gun book,
nyp.33433102989468,1955,BK,book,"The new official gun book. Charles R. Jacobs, editor; Jack Henninger & Robert Hutton, associate editors.",1955
mdp.39015063851011,1934,BK,book,"The new pioneers; the first picture of the American people, East--West--North--South, under the new deal / by James Remington McCarthy.",
mdp.39015000873912,1972,BK,book,The nurse in community mental health / Compiled by Edith P. Lewis and Mary H. Browning. -,
txu.059173004384565,1976,BK,book,The origins and comparability of Peruvian population data : 1776-1815 / David G. Browning and David J. Robinson.,
mdp.39015073376702,1971,BK,book,The outward side / James Colton.,
mdp.39015064134425,1960,BK,book,The pictorial history of the underhammer gun / Herschel C. Logan.,
mdp.39015020821891,1958,BK,book,The pistol.,
inu.32000004651966,1934,BK,book,The poems and plays of Robert Browning.,
mdp.39015032548425,1971,BK,book,"The poems of Robert Browning / Selected, edited & introduced by C. Day Lewis ; illustrated with wood engravings by Peter Reddick.",
inu.30000117261150,1979,BK,book,"The poems of Robert Browning / selected, edited & introduced by C. Day Lewis ; illustrated with wood engravings by Peter Reddick.",
mdp.49015000811548,1967,BK,book,The poet's eye; an introduction to poetry for young people / Illustrated by Colleen Browning.,
pst.000006567583,1965,BK,book,"The poetry of Robert Browning, by Ralph Ranald.",
pst.000023005587,1973,BK,book,The police shotgun manual / by Roger H. Robinson.,
inu.30000117261234,1978,BK,book,The portrait of a lady / Henry James ; illustrations by Colleen Browning ; introduction by R.W. Stallman.,
mdp.39015054031870,1967,BK,book,The portrait of a lady / Illus. by Colleen Browning. Introd. by R.W. Stallman.,
uc1.31210006720336,1971,BK,book,The private correspondence of Henry Clay. Edited by Calvin Colton.,
mdp.39015004744655,1977,BK,book,The pursuit of dignity : new living alternatives for the elderly / Bert Kruger Smith.,
mdp.39015072126785,1977,BK,book,The pursuit of dignity : new living alternatives for the elderly / Bert Kruger Smith.,
uc1.b3868932,1977,BK,book,The pursuit of dignity : new living alternatives for the elderly / Bert Kruger Smith.,
coo.31924091592281,1957,BK,book,"The raccolta ; or, A manual of indulgences, prayers, and devotions enriched with indulgences in favor of all the faithful in Christ or of certain groups of persons, and now opportunely revised, edited and in part newly translated into English from the 1950 official edition ""Enchiridion indulgentiaru",
mdp.39015095008168,1960,BK,book,The radiochemistry of mercury / J. Roesmer and P. Kruger.,
uc1.b3315096,1934,BK,book,"The reader's Browning; selected poems, edited, with introduction, bibliography, and notes by Walter Graham.",
mdp.39015041086169,1972,BK,book,"The recent paintings of Colleen Browning. Exhibition to be shown at Kennedy Galleries, New York City, Jan. 5-22, 1972; the Columbus Museum of Arts and Crafts, Columbus, Ga., Feb. 13-Mar. 5, 1972; Columbia Museum of Art, Columbia, S.C., Mar. 19-Apr. 23, 1972; the Florence Museum, Florence, S.C., Apr.",
mdp.39076000518139,1977,BK,book,The recordings of John Coltrane : a discography / by David Wild.,
pur1.32754065494357,1969,BK,book,"The republic of Ecuador, social, intellectual and religious conditions today, by Webster E. Browning ...",
nnc2.ark:/13960/s2t887x9njb,1969,BK,book,"The republic of Ecuador, social, intellectual and religious conditions today, by Webster E. Browning ...",1920
umn.31951d01736452n,1975,BK,book,"The requirements and maintenance of environmental quality in the intensive culture of channel catfish : an annotated bibliography / John Colt, George Tchobanoglous, Brian Wong.",
uc1.31822005466081,1966,BK,book,"The revolver, 1865-1888",
mdp.39015011400978,1967,BK,book,The rifle & the hound in Ceylon.,
pst.000030657526,1978,BK,book,The rifle book / by Jack O'Connor.,
mdp.39015024090154,1967,BK,book,The roan colt / Illustrated by David Parry.,
uc1.$b1705,1964,BK,book,"The role of the United States Employment Service in a changing economy, by William Haber and Daniel H. Kruger.",
mdp.39015065420039,1964,BK,book,"The role of the United States Employment Service in a changing economy, by William Haber and Daniel H. Kruger.",
mdp.39015065420047,1964,BK,book,"The role of the United States Employment Service in a changing economy, by William Haber and Daniel H. Kruger.",
mdp.39015065420054,1964,BK,book,"The role of the United States Employment Service in a changing economy, by William Haber and Daniel H. Kruger.",
uc1.$b676050,1969,BK,book,The rules of the game in Paris [by] Nathan Leites. Translated by Derek Coltman. With a foreword by Raymond Aron.,
mdp.39015049909651,1969,BK,book,The rules of the game in Paris [by] Nathan Leites. Translated by Derek Coltman. With a foreword by Raymond Aron.,
inu.39000002302532,1979,BK,book,The salvation of the gentiles : essays on the Acts of the Apostles / Jacques Dupont ; translated by John R. Keating.,
pst.000003094303,1968,BK,book,The scarlet thread : a group on one-act plays for young people. / Drawings by Barbara Remington.,
iau.31858024255303,1939,BK,book,"The scene shifter, by Alice Du Pont Ortiz.",
uva.x000890511,1942,BK,book,The selected poems of Robert Browning / introduction by Pierre Loving.,
uva.x000330349,1942,BK,book,The selected poems of Robert Browning / introduction by Pierre Loving.,
uc1.31822039170147,1968,BK,book,"The shell : five hundred million years of inspired design / by Hugh and Marguerite Stix and R. Tucker Abbott, Du Pont Chair of Malacology, Delaware Museum of Natural History ; photographs by H. Landshoff.",
iau.31858007092145,1937,BK,book,The shorter poems of Robert Browning / edited with an introduction by William Clyde De Vane.,
uva.x000302004,1947,BK,book,"The shorter poems of Robert Browning, edited with an introd. by William Clyde De Vane.",
uc1.b3376604,1976,BK,book,The shotgun behind the door : liberalism and the problem of political obligation / Philip Abbott.,
cub.p101342907015,1963,BK,book,The silent guns.,
mdp.39015046834233,1971,BK,book,The six-gun mystique / by John G. Cawelti.,
mdp.39015031606745,1971,BK,book,The six-gun mystique / by John G. Cawelti.,
mdp.39015020742931,1971,BK,book,The six-gun mystique / by John G. Cawelti.,
inu.39000005910109,1971,BK,book,The six-gun mystique / by John G. Cawelti.,
mdp.39015002687781,1975,BK,book,The social history of the machine gun / John Ellis.,
mdp.39076007036739,1975,BK,book,The social history of the machine gun / John Ellis.,
mdp.39015053777457,1968,BK,book,The song of Hiawatha / by Henry Wadsworth Longfellow ; with ill. from designs by Frederic Remington.,
uc1.31970006396185,1969,BK,book,The sonnets of Robert Browning / by Benjamin Sagar,
mdp.39015030705761,1937,BK,book,"The square peg, or, The gun fella / by John Masefield.",
uc1.$b102250,1937,BK,book,"The square peg, or, The gun fella / by John Masefield.",
mdp.35128001439262,1953,BK,book,The story of Colt's revolver; the biography of Col. Samuel Colt.,
uc1.$b172944,1960,BK,book,The surgery of Theodoric: ca. A.D. 1267. Translated from the Latin by Eldridge Campbell and James Colton.,v. 1
uc1.$b172945,1960,BK,book,The surgery of Theodoric: ca. A.D. 1267. Translated from the Latin by Eldridge Campbell and James Colton.,v. 2
mdp.39015011279117,1960,BK,book,The surgery of Theodoric: ca. A.D. 1267. Translated from the Latin by Eldridge Campbell and James Colton.,v.1
mdp.39015011277962,1960,BK,book,The surgery of Theodoric: ca. A.D. 1267. Translated from the Latin by Eldridge Campbell and James Colton.,v.2
uc1.b4237007,1959,BK,book,"The tanks; the history of the Royal Tank Regiment and its predecessors, Heavy Branch, Machine-Gun Corps, Tank Corps, and Royal Tank Corps, 1914-1945.",v.2
msu.31293031752946,1975,BK,book,The tenth year / by Kaye Kruger Zahorchak.,
uva.x000221438,1967,BK,book,The theology of the spiritual life / by Karl Rahner ; translated by Karl-H. and Boniface Kruger.,v.3
uva.x000619575,1967,BK,book,The theology of the spiritual life / by Karl Rahner ; translated by Karl-H. and Boniface Kruger.,v.3
pst.000006168384,1962,BK,book,The three bears and Goldilocks. / Edited by Nova Nestrick. Illustrated by Barbara Remington.,
txu.059173018310443,1965,BK,book,The tongue of the Tirilones; a linguistic study of a criminal argot / by Lurline Coltharp.,
txu.059173015221675,1965,BK,book,The tongue of the Tirilones; a linguistic study of a criminal argot / by Lurline Coltharp.,
uc1.32106009254126,1965,BK,book,The tongue of the Tirilones; a linguistic study of a criminal argot / by Lurline Coltharp.,
uc1.32106000240942,1967,BK,book,The tournament: its periods and phases [by] R. Coltman Clephan. With a pref. by Charles Ffoulkes.,
uiuc.1347713,1967,BK,book,The tournament: its periods and phases [by] R. Coltman Clephan. With a pref. by Charles Ffoulkes.,
uc1.b4592588,1972,BK,book,The tragi-comedy of Pen Browning (1849-1912). With an introd. by Robert Coles.,
mdp.39015031213419,1972,BK,book,The tragi-comedy of Pen Browning (1849-1912). With an introd. by Robert Coles.,
mdp.39015031169306,1963,BK,book,"The treasure house of early American rooms / Photos, by Gilbert Ask. Introd. by Henry Francis du Pont.",
pst.000012358335,1979,BK,book,The treasury of sporting guns / by Charles F. Waterman ; special photography by J. Barry O'Rourke and Robert J. Kligge.,
mdp.39015023186169,1962,BK,book,"The treasury of the gun / Technical consultation by Howard L. Blackmore, Claude Blair [and] William Reid. [Special photography by Arie de Zanger]",
mdp.39015007067989,1963,BK,book,The triple soul: Browning's theory of knowledge.,
uc1.b3578900,1963,BK,book,The triple soul: Browning's theory of knowledge.,
coo.31924002304818,1949,BK,book,The utilization of the older worker in industry; a case study of the older worker at the Ithaca Gun Company.,
mdp.39076005352732,1975,BK,book,The vanishing land : the corporate theft of America / Frank Browning.,
mdp.39015009290589,1973,BK,book,The variance and the unity; a study of the complementary poems of Robert Browning / [by] William E. Harrold.,
coo.31924004019034,1962,BK,book,The velocity distribution in a velocity-modulated electron beam from a shielded Pierce gun.,
uva.x000131975,1976,BK,book,The versification of Robert Browning / by Harlan Henthorne Hatcher.,
mdp.39076006224641,1968,BK,book,The versification of Robert Browning.,
mdp.49015001008342,1969,BK,book,The versification of Robert Browning.,
mdp.39015046858547,1966,BK,book,The woman with the little fox : three novellas / by Violette Leduc ; translated from the French by Derek Coltman.,
uc1.$b63973,1933,BK,book,"The woods colt, a novel of the Ozark hills, by Thames Williamson; illustrated by Raymond Bishop.",
uiug.30112124388437,1958,BK,book,"The worth of a boy; report on a camp for disturbed youngsters [by] Bert Kruger Smith, with the assistance of Campbell Loughmiller. Based in part on a master's thesis by Wilbur Clarence Breining, jr.",
hvd.32044004481974,1937,BK,book,"The year book of the golden anniversary of the Boston Browning Society, 1885-1935.",
mdp.39015095256676,1974,BK,book,"Thermal ecology : proceedings of a symposium held at Augusta, Georgia, May 3-5, 1973 / edited by J. Whitfield Gibbons, Rebecca R. Sharitz ; sponsored by Savannah River Ecology Laboratory, University of Georgia, Savannah River Laboratory, E. I. DuPont de Nemours & Co., inc., Savannah River Operations",
uc1.b4127558,1974,BK,book,"Thermal ecology : proceedings of a symposium held at Augusta, Georgia, May 3-5, 1973 / edited by J. Whitfield Gibbons, Rebecca R. Sharitz ; sponsored by Savannah River Ecology Laboratory, University of Georgia, Savannah River Laboratory, E. I. DuPont de Nemours & Co., inc., Savannah River Operations",
uc1.b3760379,1974,BK,book,"Thermal ecology : proceedings of a symposium held at Augusta, Georgia, May 3-5, 1973 / edited by J. Whitfield Gibbons, Rebecca R. Sharitz ; sponsored by Savannah River Ecology Laboratory, University of Georgia, Savannah River Laboratory, E. I. DuPont de Nemours & Co., inc., Savannah River Operations",
uc1.$b236121,1936,BK,book,They gave him a gun / by William Joyce Cowen.,
mdp.39015000619265,1936,BK,book,This gun for hire.,
wu.89059402404,1965,BK,book,"This they remembered : the history of the four companies and those in other companies who went from Oglethorpe County to  serve in the War Between the States; the Gilmer Blues, the Oglethorpe Rifles, the Tom Cobb Infantry, the Echols Artillery / Georgia Division, United Daughters of the Confederacy.",
mdp.39015063732658,1976,BK,book,Three years in California / Walter Colton.,
txu.059173018131488,1976,BK,book,Three years in California / Walter Colton.,
wu.89010821957,1978,BK,book,Time dependent subtraction imaging using computerized fluoroscopy / by Robert Anthony Kruger.,
uc1.$b440968,1964,BK,book,"Time's revenges; Browning's reputation as a thinker, 1889-1962.",
mdp.39015013444123,1964,BK,book,"Time's revenges; Browning's reputation as a thinker, 1889-1962.",
mdp.39015001960213,1969,BK,book,Toward a new curriculum in physical education / [by] Marlin M. Mackenzie.,
uc1.b4384697,1969,BK,book,Toward a new curriculum in physical education / [by] Marlin M. Mackenzie.,
umn.31951d01416151y,1979,BK,book,Trails for Oregon : a plan for a recreation trails system / by Jack Remington and Jean Keating.,
coo.31924000873038,1971,BK,book,"Training a colt at the ""Ranch in White"", by Cal and Ruth Thompson.",
uiug.30112101468889,1952,BK,book,Training gun dogs to retrieve; with foreword by Joe Stetson. Illus. by Ernest H. Hart.,
uc1.c3474296,1957,BK,book,"Transfer of learning sets employing ""learning without awareness"" procedures / by Julius Marlin Sassenrath.",
mdp.39015011853101,1966,BK,book,Transistor physics and circuits / [by] Marlin P. Ristenbatt [and] Robert L. Riddle.,
uc1.b4164615,1966,BK,book,Transistor physics and circuits / [by] Marlin P. Ristenbatt [and] Robert L. Riddle.,
pst.000025073386,1969,BK,book,Trapshooting with D. Lee Braun and the Remington pros. / Edited by Robert Campbell.,
wu.89038467411,1940,BK,book,Trees and shrubs for landscape effects / by Marian Cruger Coffin.,
mdp.39015033369037,1971,BK,book,Tristan; a novel / Translated by Derek Coltman.,
mdp.39015031489944,1971,BK,book,Turning the guns around; notes on the GI movement / [by] Larry G. Waterhouse and Mariann G. Wizard.,
uc1.31822033774068,1968,BK,book,"Turquoise & Six-guns : the story of Cerrillos, New Mexico / by Marc Simmons",
mdp.39015008538236,1968,BK,book,Twentieth century / by Joel G. Colton and the editors of Time-Life Books.,
mdp.39015005395051,1971,BK,book,Twenty-two unpublished letters of Elizabeth Barrett Browning and Robert Browning addressed to Henrietta and Arabella Moulton-Barrett.,
uva.x030800547,1945,BK,book,"Twinkle, the baby colt,",
uc1.b4505452,1968,BK,book,"Two Guns, Arizona.",
osu.32435067916981,1936,BK,book,Two-gun Montana / by Tex Reynolds ; illustrated by Henry E. Vallely.,
nyp.33433040256582,1946,BK,book,Two-gun Rio kid / Don Davis.,
coo.31924027499734,1952,BK,book,Two-gun journalism in New Orleans.,
mdp.39015002646449,1972,BK,book,Under the guns; New York: 1775-1776.,
uc1.b4437445,1972,BK,book,Under the guns; New York: 1775-1776.,
mdp.39015021265643,1960,BK,book,Underhammer guns / With a foreword by Hugh Smiley.,
uc1.b3843784,1965,BK,book,"Understanding mental health, a common need, a less frequent achievement. Edited by Robert L. Sutherland and Bert Kruger Smith.",
mdp.39015072181228,1965,BK,book,"Understanding mental health, a common need, a less frequent achievement. Edited by Robert L. Sutherland and Bert Kruger Smith.",
chi.46388285,1957,BK,book,Univac GP : generalized programming/ Remington Rand Univac.,c.1
txu.059173026797911,1968,BK,book,Urbanization and internal migration in Latin America / Harley L. Browning.,
uc1.c2944680,1962,BK,book,Urbanization in Mexico / by Harley Linwood Browning.,
mdp.39015008619549,1967,BK,book,Vanishing Cornwall / Photos. by Christian Du Maurier Browning.,
uc1.b4092946,1967,BK,book,Vanishing Cornwall / Photos. by Christian Du Maurier Browning.,
coo.31924004484584,1978,BK,book,"Vapor phase epitaxial growth of GaAs / by William Marlin Evey, Jr.",
mdp.39015065512496,1949,BK,book,Vectors and matrices / by Cyrus Colton MacDuffee.,
uc1.b4062781,1943,BK,book,"Vectors and matrices, by Cyrus Colton MacDuffee.",
uc1.31822013022561,1973,BK,book,"Versatile Yankee; the art of Jonathan Fisher, 1768-1847 [by] Alice Winchester",
mdp.39015008269931,1974,BK,book,Very sure of God: religious language in the poetry of Robert Browning / [by] E. LeRoy Lawson.,
uc1.b4585166,1974,BK,book,Very sure of God: religious language in the poetry of Robert Browning / [by] E. LeRoy Lawson.,
inu.30000104741016,1972,BK,book,"Video cartridge, cassette, and disc player systems; proceedings of the symposium, October 7 and 8, 1971, Montreal. Stanley F. Quinn, chairman.",
wu.89010874170,1976,BK,book,"Visions of reality : value and perspectives in the prose of Carlos Castaneda, Robert M. Prisig, Ursula K. Le Guin, James Purdy, Cyrus Colter and Sylvia Plath / by Joan Ellen Perry.",
mdp.39015024576483,1966,BK,book,"War without guns; American civilians in rural Vietnam / [by] George K. Tanham with W. Robert Warne, Earl J. Young, and William A. Nighswonger.",
uc1.b4217849,1966,BK,book,"War without guns; American civilians in rural Vietnam / [by] George K. Tanham with W. Robert Warne, Earl J. Young, and William A. Nighswonger.",
wu.89058523770,1977,BK,book,"We were first, we heard the guns at Wewak : Eglin Field WWII WACs / by ""Cyclone"" Forbes Dahlgren.",
mdp.39015034431182,1966,BK,book,Went to Kansas / by Miriam (Davis) Colt.,
uva.x000378296,1953,BK,book,"What I know about Winchester; recollections of William Greenway Russell, 1800-1891. Reprinted from the Winchester news by the Winchester-Frederick County Historical Society. Editors: Garland R. Quarles [and] Lewis N. Barton ...",
iau.31858024964177,1953,BK,book,What to do when [by] Jennifer Colton [pseud.,
mdp.39015034640980,1965,BK,book,When the guns roared; world aspects of the American Civil War.,
uc1.b4099080,1962,BK,book,Whitey & the colt-killer.,
ien.35556003065067,1969,BK,book,Why pension funds should buy common stocks [by] Colin A. Browning.,
umn.31951p012109241,1952,BK,book,Winchester : the gun that won the West.,
wu.89100332493,1936,BK,book,"Winchester house,/ by Anne Green.",
coo.31924090598735,1964,BK,book,"Wing & shot, gun dog training, by Robert G. Wehle.",
uva.x000574314,1976,BK,book,Winterthur Museum and gardens / Henry Francis du Pont Winterthur Museum.,
hvd.32044031756927,1949,BK,book,"Wisconsin practice methods; a lawyers ̓practical treatise and guide on what to do and how to proceed in the discharge of the various services performed by Wisconsin lawyers, with informative practice suggestions and outlines of procedure, by Marlin M Volz [and others].",
uc1.$b397581,1967,BK,book,With revolvers aimed ... finger bowls. Presented by William S. Burroughs. Translated by Mary Beach.,
mdp.39015002385568,1968,BK,book,"Wolfville yarns of Alfred Henry Lewis / Selected and edited by Rolfe and John Humphries, with an introd. by the former. Illus. of Frederic Remington.",
osu.32435024382368,1953,BK,book,"Woodchuck Cave, a Basketmaker II site in Tsegi Canyon, Arizona, by H. Claiborne Lockett and Lyndon L. Hargrave. Edited by Harold S. Colton and Robert C. Euler.",no.26 1953
mdp.39015070556272,1951,BK,book,Woodchucks and woodchuck rifles.,
uc1.b4625643,1968,BK,book,"Wordsworth, Tennyson, and Browning; a study in human freedom, by Solomon F. Gingerich.",
pst.000028592037,1968,BK,book,"Wordsworth, Tennyson, and Browning; a study in human freedom, by Solomon F. Gingerich.",
uc1.31158004670021,1958,BK,book,World's guns and other weapons. Editor-in-chief: Philip McFarland; executive editor: Burton Brenner; associate editors: Jack Karnes [and others].,
uc1.b4098531,1965,BK,book,Worth fighting for; a history of the Negro in the United States during the Civil War and Reconstruction [by] Agnes McCarthy and Lawrence Reddick. Illustrated by Colleen Browning.,
mdp.39015026262355,1935,BK,book,Yankee arms maker; the incredible career of Samuel Colt / by Jack Rohan.,
uc1.$b27080,1935,BK,book,Yankee arms maker; the incredible career of Samuel Colt / by Jack Rohan.,
uiug.30112039432353,1955,BK,book,Your shotgun vs. you / Russ Elliiott ; illustrated by Lee Davis.,
uiug.30112129280431,1947,SE,serial,"Accommodations for hunters / compiled by Tourist Division, State Department of Commerce.",1947
uiug.30112129280449,1948,SE,serial,"Accommodations for hunters / compiled by Tourist Division, State Department of Commerce.",1948
ufl.31262100711497,1936,SE,serial,American rifleman.,v.84(1936)
mdp.39015080369732,1940,SE,serial,American rifleman.,v.88 no.1 1940 Jan
mdp.39015080369740,1940,SE,serial,American rifleman.,v.88 no.11 1940 Nov
iau.31858028104754,1944,SE,serial,American rifleman.,v.92 Jan.-June 1944
iau.31858028104762,1944,SE,serial,American rifleman.,v.92 July-Dec. 1944
mdp.39015073139910,1944,SE,serial,American rifleman.,v.92 1944
iau.31858028104770,1945,SE,serial,American rifleman.,v.93 Jan.-May 1945
iau.31858028104788,1945,SE,serial,American rifleman.,v.93  Oct. 1945
mdp.39015073139936,1945,SE,serial,American rifleman.,v.93 1945
iau.31858028104796,1946,SE,serial,American rifleman.,v.94 Apr.-June 1946
iau.31858028104804,1946,SE,serial,American rifleman.,v.94 July-Dec. 1946
iau.31858028104812,1947,SE,serial,American rifleman.,v.95 Jan.-June 1947
iau.31858028104820,1947,SE,serial,American rifleman.,v.95 July-Dec. 1947
iau.31858028104838,1948,SE,serial,American rifleman.,v.96 Jan.-June 1948
iau.31858028104846,1948,SE,serial,American rifleman.,v.96 July-Dec. 1948
iau.31858028104853,1949,SE,serial,American rifleman.,v.97 Jan.-June 1949
iau.31858028104861,1949,SE,serial,American rifleman.,v.97 July-Dec. 1949
iau.31858028104895,1951,SE,serial,American rifleman.,v.99 Jan.-June 1951
iau.31858028104903,1951,SE,serial,American rifleman.,v.99 Sept.-Nov. 1951
iau.31858028104911,1952,SE,serial,American rifleman.,v.100 Jan.-June 1952
iau.31858028104929,1952,SE,serial,American rifleman.,v.100 July-Dec. 1952
iau.31858028104952,1954,SE,serial,American rifleman.,v.102 Jan.-June 1954
iau.31858028104960,1954,SE,serial,American rifleman.,v.102 July-Dec. 1954
iau.31858028104978,1955,SE,serial,American rifleman.,v.103 Jan.-June 1955
iau.31858028104986,1955,SE,serial,American rifleman.,v.103 July-Dec. 1955
iau.31858028104994,1956,SE,serial,American rifleman.,v.104 Jan.-June 1956
iau.31858028105009,1956,SE,serial,American rifleman.,v.104 July-Dec. 1956
mdp.39015080370029,1957,SE,serial,American rifleman.,v.105 no.1 1957 Jan
mdp.39015080370094,1957,SE,serial,American rifleman.,v.105 no.2 1957 Feb
iau.31858028105058,1959,SE,serial,American rifleman.,v.107 Jan.-June 1959
iau.31858028105066,1959,SE,serial,American rifleman.,v.107 July-Dec. 1959
mdp.39015080370078,1959,SE,serial,American rifleman.,v.107 no.6 1959 Jun
iau.31858028105074,1960,SE,serial,American rifleman.,v.108 Jan.-June 1960
iau.31858028105082,1960,SE,serial,American rifleman.,v.108 July-Dec. 1960
mdp.39015080370037,1960,SE,serial,American rifleman.,v.108 no.10 1960 Oct
mdp.39015080370227,1960,SE,serial,American rifleman.,v.108 no.11 1960 Nov
coo.31924067335814,1960,SE,serial,American rifleman.,v.108 1960:Jan.-May
coo.31924067335806,1960,SE,serial,American rifleman.,v.108 1960:June-Dec.
iau.31858028105090,1961,SE,serial,American rifleman.,v.109 Jan.-June 1961
iau.31858028105108,1961,SE,serial,American rifleman.,v.109 July-Dec. 1961
coo.31924067335475,1961,SE,serial,American rifleman.,v.109 1961:July-Dec.
coo.31924067335384,1961,SE,serial,American rifleman.,v.109 1961:Jan.-June
iau.31858028105116,1962,SE,serial,American rifleman.,v.110 Jan.-June 1962
iau.31858028105124,1962,SE,serial,American rifleman.,v.110 July-Dec. 1962
coo.31924067335467,1962,SE,serial,American rifleman.,v.110 1962:Jan.-June
iau.31858028105132,1963,SE,serial,American rifleman.,v.111 Jan.-June 1963
iau.31858028105140,1963,SE,serial,American rifleman.,v.111 July-Dec. 1963
coo.31924067335624,1963,SE,serial,American rifleman.,v.111 1963:Jan.-June
coo.31924067335616,1963,SE,serial,American rifleman.,v.111 1963:July-Dec.
mdp.39015080369906,1966,SE,serial,American rifleman.,v.114 no.2 1966 Feb
mdp.39015080369914,1966,SE,serial,American rifleman.,v.114 no.5 1966 May
mdp.39015080369922,1966,SE,serial,American rifleman.,v.114 no.7 1966 Jul
mdp.39015080369930,1966,SE,serial,American rifleman.,v.114 no.9 1966 Sep
uiug.30112122579102,1978,SE,serial,Archery deer hunting information.,1978
osu.32435030908727,1954,SE,serial,"Campground guide for tent or trailer tourists, fishermen, hunters, etc.",1953-54 1953-1954
uiug.30112107767516,1940,SE,serial,"Compilation of laws affecting hunting, fishing and trapping; dealing in furs; and taxidemy / compiled under direction of ... Game and Fish Commissioner.",1939-40
uiug.30112107767508,1942,SE,serial,"Compilation of laws affecting hunting, fishing and trapping; dealing in furs; and taxidemy / compiled under direction of ... Game and Fish Commissioner.",1941-42
osu.32435023367253,1931,SE,serial,Field and stream.,v.36June-Oct 1931
osu.32435023367238,1932,SE,serial,Field and stream.,v.37May-Oct 1932
iau.31858027038987,1932,SE,serial,Field and stream.,v.36 May 1931-Apr. 1932
mdp.39015081203948,1932,SE,serial,Field and stream.,v.36 1931-1932
osu.32435023367212,1933,SE,serial,Field and stream.,v.38May-Oct 1933
iau.31858027038995,1933,SE,serial,Field and stream.,v.37 May 1932-Apr. 1933
mdp.39015079965474,1933,SE,serial,Field and stream.,v.37 1932-1933
osu.32435023367196,1934,SE,serial,Field and stream.,v.39May-Oct 1934
iau.31858027039001,1934,SE,serial,Field and stream.,v.38 May 1933-Apr. 1934
mdp.39015079965326,1934,SE,serial,Field and stream.,v.38 1933-1934
iau.31858027039019,1935,SE,serial,Field and stream.,v.39 May 1934-Apr. 1935
mdp.39015077943523,1935,SE,serial,Field and stream.,v.39 1934/1935
uc1.c2552323,1936,SE,serial,Field and stream.,v.40 1935  MAY-1936  APR
osu.32435023367162,1936,SE,serial,Field and stream.,v.41May-Oct 1936
mdp.39015079965318,1936,SE,serial,Field and stream.,v.40 1935/1936
uc1.c2552324,1937,SE,serial,Field and stream.,v.41 1936  MAY-1937  APR
osu.32435023367154,1937,SE,serial,Field and stream.,v.42May-Oct 1937
mdp.39015079965300,1937,SE,serial,Field and stream.,v.41 1936/1937
uc1.c2552325,1938,SE,serial,Field and stream.,v.42 (May 1937-Apr 1938)
osu.32435023367121,1938,SE,serial,Field and stream.,v.43May-Oct 1938
mdp.39015079965292,1938,SE,serial,Field and stream.,v.42 1937/1938
uc1.c2552326,1939,SE,serial,Field and stream.,v.43 1938  MAY-1939  APR
osu.32435023367113,1939,SE,serial,Field and stream.,v.44May-Oct 1939
mdp.39015079965284,1939,SE,serial,Field and stream.,v.43 1938/1939
uc1.c2552327,1940,SE,serial,Field and stream.,v.44 1939  MAY-1940  APR
osu.32435023367097,1940,SE,serial,Field and stream.,v.45May-Oct 1940
mdp.39015079965276,1940,SE,serial,Field and stream.,v.44 1939/1940
uc1.c2552328,1941,SE,serial,Field and stream.,v.45 1940  MAY-1941  APR
osu.32435023367089,1941,SE,serial,Field and stream.,v.46May-Oct 1941
mdp.39015079965268,1941,SE,serial,Field and stream.,v.45 1940/1941
osu.32435023367063,1942,SE,serial,Field and stream.,v.47May-Oct 1942
iau.31858027039084,1942,SE,serial,Field and stream.,v.46 May 1941-Apr. 1942
mdp.39015079965250,1942,SE,serial,Field and stream.,v.46 1941/1942
uc1.c2552330,1943,SE,serial,Field and stream.,v.47 1942  MAY-1943  APR
osu.32435023367048,1943,SE,serial,Field and stream.,v.48May-Oct 1943
mdp.39015079965433,1943,SE,serial,Field and stream.,v.47 1942/1943
uc1.c2552331,1944,SE,serial,Field and stream.,v.48 1943  MAY-1944  APR
osu.32435023367022,1944,SE,serial,Field and stream.,v.49May-Oct 1944
mdp.39015079965441,1944,SE,serial,Field and stream.,v.48 1943/1944
uc1.c2552332,1945,SE,serial,Field and stream.,v.49 1944  MAY-1945  APR
osu.32435023367014,1945,SE,serial,Field and stream.,v.50May-Oct 1945
mdp.39015079965458,1945,SE,serial,Field and stream.,v.49 1944/1945
osu.32435023366990,1946,SE,serial,Field and stream.,v.51May-Oct 1946
iau.31858027039126,1946,SE,serial,Field and stream.,v.50 May 1945-Apr. 1946
uc1.c2552334,1947,SE,serial,Field and stream.,v.51 1946  MAY-1947  APR
osu.32435023367006,1947,SE,serial,Field and stream.,v.51Nov-Apr 1946-1947
osu.32435023366974,1947,SE,serial,Field and stream.,v.52May-Oct 1947
uc1.c2552335,1948,SE,serial,Field and stream.,v.52 1947  MAY-1948  APR
osu.32435023366982,1948,SE,serial,Field and stream.,v.52Nov-Apr 1947-1948
osu.32435023366958,1948,SE,serial,Field and stream.,v.53May-Oct 1948
iau.31858027039159,1948,SE,serial,Field and stream.,v.53 May-Oct. 1948
osu.32435023366966,1949,SE,serial,Field and stream.,v.53Nov-Apr 1948-1949
iau.31858027039175,1949,SE,serial,Field and stream.,v.54 May-Oct. 1949
iau.31858027039167,1949,SE,serial,Field and stream.,v.53 Nov. 1948-Apr. 1949
uc1.c2552337,1950,SE,serial,Field and stream.,v.54 (May 1949-Apr 1950)
osu.32435023366925,1950,SE,serial,Field and stream.,v.55May-Oct 1950
iau.31858027039183,1950,SE,serial,Field and stream.,v.54 Nov. 1949-Apr. 1950
uc1.c2552338,1951,SE,serial,Field and stream.,v.55 1950  MAY-1951  APR
osu.32435023366933,1951,SE,serial,Field and stream.,v.55Nov-Apr 1950-1951
osu.32435023366909,1951,SE,serial,Field and stream.,v.56May-Oct 1951
iau.31858027039209,1951,SE,serial,Field and stream.,v.55 Nov. 1950-Apr. 1951
uc1.c2552339,1952,SE,serial,Field and stream.,v.56 (May 1951-Apr 1952)
osu.32435023366917,1952,SE,serial,Field and stream.,v.56Nov-Apr 1951-1952
osu.32435023366883,1952,SE,serial,Field and stream.,v.57May-Oct 1952
iau.31858027039225,1952,SE,serial,Field and stream.,v.57 May-Oct. 1952
uc1.c2552340,1953,SE,serial,Field and stream.,v.57 1952  MAY-1953  APR
osu.32435023366891,1953,SE,serial,Field and stream.,v.57Nov-Apr 1952-1953
osu.32435053092144,1953,SE,serial,Field and stream.,v.58June 1953
iau.31858027039233,1953,SE,serial,Field and stream.,v.57 Nov. 1952-Apr. 1953
uc1.c2552341,1954,SE,serial,Field and stream.,v.58 (May 1953-Apr 1954)
osu.32435053092045,1954,SE,serial,Field and stream.,v.59June 1954
osu.32435053092482,1954,SE,serial,Field and stream.,v.59July 1954
osu.32435053092433,1954,SE,serial,Field and stream.,v.59Aug 1954
iau.31858033763800,1954,SE,serial,Field and stream.,v.58 Nov. 1953-Apr. 1954
uc1.c2552342,1955,SE,serial,Field and stream.,v.59 1954  MAY-1955  APR
osu.32435053092383,1955,SE,serial,Field and stream.,v.59Mar 1955
osu.32435023366842,1955,SE,serial,Field and stream.,v.60May-Oct 1955
uc1.c2552345,1956,SE,serial,Field and stream.,v.61:1-6 1956 MAY- OCT
osu.32435023366826,1956,SE,serial,Field and stream.,v.61May-Oct 1956
iau.31858033763826,1956,SE,serial,Field and stream.,v.60 May 1955-Apr. 1956
uc1.c2552346,1957,SE,serial,Field and stream.,v.61:7-12 (Nov 1956-Apr 1957)
osu.32435023366800,1957,SE,serial,Field and stream.,v.62May-Oct 1957
iau.31858033763834,1957,SE,serial,Field and stream.,v.61 May 1956-Apr. 1957
uc1.c2552349,1958,SE,serial,Field and stream.,v.63:1-6 1958  MAY- OCT
iau.31858033763842,1958,SE,serial,Field and stream.,v.62 May 1957-Apr. 1958
uc1.c2552238,1959,SE,serial,Field and stream.,v.63:7-12 1958  NOV.-1959  APR
osu.32435023366792,1959,SE,serial,Field and stream.,v.63 1958-1959
iau.31858033763859,1959,SE,serial,Field and stream.,v.63 May 1958-Apr. 1959
coo.31924053805523,1959,SE,serial,Field and stream.,v.63 1958-1959
uc1.c2552240,1960,SE,serial,Field and stream.,v.64:7-12 1959  NOV.-1960  APR
uc1.c2552241,1960,SE,serial,Field and stream.,v.65:1-6 (May-Oct 1960)
iau.31858033763867,1960,SE,serial,Field and stream.,v.64 May 1959-Apr. 1960
coo.31924053805614,1960,SE,serial,Field and stream.,v.65 May-Oct. 1960
osu.32435023366750,1961,SE,serial,Field and stream.,v.66May-Oct 1961
iau.31858033763875,1961,SE,serial,Field and stream.,v.65 May 1960-Apr. 1961
coo.31924053805689,1961,SE,serial,Field and stream.,v.65 Nov. 1960-Apr. 1961
uc1.c2552244,1962,SE,serial,Field and stream.,v.66:7-12 1961  NOV.-1962  APR
osu.32435023366768,1962,SE,serial,Field and stream.,v.66Nov-Apr 1961-1962
osu.32435023366735,1962,SE,serial,Field and stream.,v.67May-Oct 1962
iau.31858071220036,1962,SE,serial,Field and stream.,v.66 May 1961-Apr. 1962
coo.31924053805705,1962,SE,serial,Field and stream.,v.67 May-Oct. 1962
mdp.39015079965169,1963,SE,serial,Field and stream.,v.67 1962-1963
coo.31924053805622,1963,SE,serial,Field and stream.,v.67 Nov. 1962-Apr. 1963
coo.31924053805713,1963,SE,serial,Field and stream.,v.68 May-Oct. 1963
mdp.39015079964857,1964,SE,serial,Field and stream.,v.68 1963-1964
mdp.39015079965003,1965,SE,serial,Field and stream.,v.69 1964-1965
mdp.39015079965151,1965,SE,serial,Field and stream.,v.70 1965 May-Oct
mdp.39015079964840,1966,SE,serial,Field and stream.,v.70 1965-1966 Nov-Apr
mdp.39015079964832,1966,SE,serial,Field and stream.,v.71 1966 May-Oct
mdp.39015079964824,1967,SE,serial,Field and stream.,v.71 1966-1967 Nov-Apr
mdp.39015079964816,1968,SE,serial,Field and stream.,v.72 1967-1968
mdp.39015079964808,1968,SE,serial,Field and stream.,v.72 1968 no.1-6
mdp.39015079964956,1969,SE,serial,Field and stream.,v.73 1968-1969 no.7-12
mdp.39015014124658,1970,SE,serial,Field and stream.,"v.75 1970 May-Sep,Dec"
mdp.39015079964964,1970,SE,serial,Field and stream.,v.74 1969-1970 no.7-12
mdp.39015079964972,1971,SE,serial,Field and stream.,v.75 1970-1971 no.7-12
mdp.39015051108010,1972,SE,serial,Field and stream.,v.76 no.7-12 1971-1972
mdp.39015038666353,1972,SE,serial,Field and stream.,v.77 1972
mdp.39015038826924,1973,SE,serial,Field and stream.,v.78 1973 Feb-Nov
mdp.39015020536622,1979,SE,serial,Field and stream.,v.83 1978-1979
coo.31924053805762,1980,SE,serial,Field and stream.,v.85 May-Oct. 1980
osu.32435018816991,1944,SE,serial,Hunting and fishing combined with national sportsman.,v.21 1944
osu.32435018816967,1947,SE,serial,Hunting and fishing combined with national sportsman.,v.24 1947
osu.32435018816959,1948,SE,serial,Hunting and fishing combined with national sportsman.,v.25 1948
osu.32435018816942,1949,SE,serial,Hunting and fishing combined with national sportsman.,v.26 1949
osu.32435018816918,1952,SE,serial,Hunting and fishing combined with national sportsman.,v.29 1952
osu.32435018816900,1953,SE,serial,Hunting and fishing combined with national sportsman.,v.30 1953
nyp.33433000735591,1931,SE,serial,Hunting and fishing.,v. 8 (1931)
nyp.33433000735609,1932,SE,serial,Hunting and fishing.,v. 9 (1932)
nyp.33433000735617,1933,SE,serial,Hunting and fishing.,v. 10 (1933)
nyp.33433000735625,1934,SE,serial,Hunting and fishing.,v. 11 (1934)
nyp.33433000735633,1935,SE,serial,Hunting and fishing.,v. 12 (1935)
nyp.33433000735641,1936,SE,serial,Hunting and fishing.,v. 13 (1936)
nyp.33433000735658,1937,SE,serial,Hunting and fishing.,v. 14 (1937)
nyp.33433000735666,1938,SE,serial,Hunting and fishing.,v. 15 (1938)
osu.32435018817023,1939,SE,serial,Hunting and fishing.,v.15-16 1938-1939
nyp.33433000735674,1939,SE,serial,Hunting and fishing.,v. 16 (1939)
osu.32435018817015,1941,SE,serial,Hunting and fishing.,v.17-18 1940-1941
osu.32435018817007,1943,SE,serial,Hunting and fishing.,v.19-20 1942-1943
umn.31951p011241448,1969,SE,serial,Hunting guide.,1969
umn.31951p011241634,1970,SE,serial,Hunting guide.,1970
umn.31951p01124142c,1971,SE,serial,Hunting guide.,1971
umn.31951d02372937f,1972,SE,serial,Hunting guide.,1972
umn.31951p01124143a,1973,SE,serial,Hunting guide.,1973
umn.31951p011241618,1974,SE,serial,Hunting guide.,1974
umn.31951p011241391,1975,SE,serial,Hunting guide.,1975
umn.31951p01124140g,1976,SE,serial,Hunting guide.,1976
umn.31951p01124141e,1977,SE,serial,Hunting guide.,1977
umn.31951p011241456,1979,SE,serial,Hunting guide.,1979
uc1.b4166724,1946,SE,serial,"Hunting, fishing and camping / L.L. Bean.",1946
inu.30000048861862,1980,SE,serial,Indiana ... hunting and trapping regulations.,1980
mdp.39015014104536,1931,SE,serial,Journal of the outdoor life.,v.28 1931
uc1.b4332603,1931,SE,serial,Journal of the outdoor life.,v.28 (1931)
chi.77578319,1931,SE,serial,Journal of the outdoor life.,c.1 v.28 1931
mdp.39015014104528,1932,SE,serial,Journal of the outdoor life.,v.29 1932
uc1.b4332604,1932,SE,serial,Journal of the outdoor life.,v.29 (1932)
chi.77578371,1932,SE,serial,Journal of the outdoor life.,c.1 v.29 1932
mdp.39015014104510,1933,SE,serial,Journal of the outdoor life.,v.30 1933
chi.77578439,1933,SE,serial,Journal of the outdoor life.,c.1 v.30 1933
mdp.39015014104502,1934,SE,serial,Journal of the outdoor life.,v.31 1934
chi.77578491,1934,SE,serial,Journal of the outdoor life.,c.1 v.31 1934
mdp.39015014104494,1935,SE,serial,Journal of the outdoor life.,v.32 1935
chi.77578559,1935,SE,serial,Journal of the outdoor life.,c.1 v.32 1935
umn.31951t001962896,1945,SE,serial,Kentucky happy hunting ground.,v.1 (1945)
umn.31951p01054438g,1946,SE,serial,Kentucky happy hunting ground.,v.1 (1945/46)
umn.31951t00196290l,1947,SE,serial,Kentucky happy hunting ground.,v.2 (1947)
umn.31951t00196291j,1948,SE,serial,Kentucky happy hunting ground.,v.4 (1948)
umn.31951t00196292h,1949,SE,serial,Kentucky happy hunting ground.,v.5 (1949)
umn.31951t00196293f,1950,SE,serial,Kentucky happy hunting ground.,v.6 (1950)
umn.31951t00196294d,1951,SE,serial,Kentucky happy hunting ground.,v.7 (1951)
uc1.c2552717,1952,SE,serial,Kentucky happy hunting ground.,v. 5-8 1949-52
umn.31951t001962969,1953,SE,serial,Kentucky happy hunting ground.,v.9 (1953)
umn.31951t001962985,1955,SE,serial,Kentucky happy hunting ground.,v.11 (1955)
umn.31951t001963024,1959,SE,serial,Kentucky happy hunting ground.,v.15 (1959)
umn.31951t001963040,1961,SE,serial,Kentucky happy hunting ground.,v.17 (1961)
umn.31951t00196305y,1962,SE,serial,Kentucky happy hunting ground.,v.18 (1962)
umn.31951t00196308s,1965,SE,serial,Kentucky happy hunting ground.,v.21 (1965)
umn.31951t001963105,1967,SE,serial,Kentucky happy hunting ground.,v.23 (1967)
umn.31951t001963121,1969,SE,serial,Kentucky happy hunting ground.,v.25 (1969)
umn.31951t00196315v,1972,SE,serial,Kentucky happy hunting ground.,v.28 (1972)
umn.31951t00196316t,1973,SE,serial,Kentucky happy hunting ground.,v.29 (1973)
umn.31951t00196317r,1974,SE,serial,Kentucky happy hunting ground.,v.30 (1974)
umn.31951t00196318p,1975,SE,serial,Kentucky happy hunting ground.,v.31 (1975)
umn.31951t00196319n,1976,SE,serial,Kentucky happy hunting ground.,v.32 (1976)
umn.31951t001963202,1977,SE,serial,Kentucky happy hunting ground.,v.33 (1977)
umn.31951t001963210,1978,SE,serial,Kentucky happy hunting ground.,v.34 (1978)
umn.31951t00196322y,1979,SE,serial,Kentucky happy hunting ground.,v.35 (1979)
umn.31951p01054437i,1980,SE,serial,Kentucky happy hunting ground.,v.36:no.1-5 (1980)
uma.ark:/13960/t6tx4n09x,1978,SE,serial,"Manual for the issuance of sporting, hunting, fishing and trapping licenses for the year ..",1978
coo.31924069771727,1932,SE,serial,Modern game breeding and hunting club news.,v.1-2 1931-32
nyp.33433000736250,1932,SE,serial,Modern game breeding and hunting club news.,v. 1-2 (Jul 1931-Dec 1932)
nyp.33433000736268,1934,SE,serial,Modern game breeding and hunting club news.,v. 3-4 (1933-1934)
coo.31924069771735,1935,SE,serial,Modern game breeding and hunting club news.,v.3-5 1933-35
nyp.33433000736276,1936,SE,serial,Modern game breeding and hunting club news.,v. 5-6 (1935-1936)
coo.31924069771743,1938,SE,serial,Modern game breeding and hunting club news.,v.6-8 1936-38
nyp.33433000736284,1938,SE,serial,Modern game breeding and hunting club news.,v. 7-8 (1937-1938)
nyp.33433000736300,1940,SE,serial,Modern game breeding and hunting club news.,v. 9-10 (1939-1940)
coo.31924069771750,1941,SE,serial,Modern game breeding and hunting club news.,v.9-11 1939-41
nyp.33433000736318,1942,SE,serial,Modern game breeding and hunting club news.,v. 11-12 (1941-1942)
coo.31924069771768,1944,SE,serial,Modern game breeding and hunting club news.,v.12-14 1942-44
nyp.33433000736326,1944,SE,serial,Modern game breeding and hunting club news.,v. 13-14 (1943-1944)
nyp.33433000736334,1946,SE,serial,Modern game breeding and hunting club news.,v. 15-16 (1945-1946)
coo.31924069771776,1947,SE,serial,Modern game breeding and hunting club news.,v.15-17 1945-47
nyp.33433000736342,1948,SE,serial,Modern game breeding and hunting club news.,v. 17-18 (1947-1948)
coo.31924069771784,1950,SE,serial,Modern game breeding and hunting club news.,v.18-20 1948-50
nyp.33433000736359,1950,SE,serial,Modern game breeding and hunting club news.,v. 19-20 (1949-1950)
coo.31924069771792,1952,SE,serial,Modern game breeding and hunting club news.,v.21-22 1951-52
nyp.33433000736367,1952,SE,serial,Modern game breeding and hunting club news.,v. 21-22 (1951-1952)
nyp.33433000736375,1954,SE,serial,Modern game breeding and hunting club news.,v. 23-24 (1953-1954)
coo.31924069771800,1956,SE,serial,Modern game breeding and hunting club news.,v.23-26 1953-56
nyp.33433000736383,1956,SE,serial,Modern game breeding and hunting club news.,v. 25-26 (1955-1956)
coo.31924069771818,1958,SE,serial,Modern game breeding and hunting club news.,v.27-28 1957-58
nyp.33433000736391,1958,SE,serial,Modern game breeding and hunting club news.,v. 27-28 (1957-1958)
coo.31924069771826,1960,SE,serial,Modern game breeding and hunting club news.,v.29-30 1959-60
nyp.33433000736409,1960,SE,serial,Modern game breeding and hunting club news.,v. 29-30 (1959-1960)
coo.31924069771834,1962,SE,serial,Modern game breeding and hunting club news.,v.31-32 1961-62
nyp.33433000736417,1962,SE,serial,Modern game breeding and hunting club news.,v. 31-32 (1961-1962)
coo.31924069771198,1963,SE,serial,Modern game breeding and hunting club news.,v.33 1963
nyp.33433000736425,1963,SE,serial,Modern game breeding and hunting club news.,v. 33 (Jan-May 1963)
coo.31924069340077,1931,SE,serial,Outdoor life.,v.68 1931
coo.31924069340135,1933,SE,serial,Outdoor life.,v.72 1933
coo.31924069340069,1933,SE,serial,Outdoor life.,v.71 1933
coo.31924069340119,1934,SE,serial,Outdoor life.,v.74 1934
coo.31924069340127,1934,SE,serial,Outdoor life.,v.73 1934
uc1.c2533063,1939,SE,serial,Outdoor life.,v.83-84 (1939)
uc1.c2533064,1940,SE,serial,Outdoor life.,v.85-86 (1940)
uc1.c2533065,1941,SE,serial,Outdoor life.,v.87-88 (1941)
uc1.c2533066,1942,SE,serial,Outdoor life.,v.89-90 (1942)
uc1.c2533067,1943,SE,serial,Outdoor life.,v.91-92 (1943)
uc1.c2533069,1945,SE,serial,Outdoor life.,v.95-96 (1945)
mdp.39015084410334,1946,SE,serial,Sports afield.,v.115 no.1 1946 Jan
mdp.39015084410490,1946,SE,serial,Sports afield.,v.116 no.4 1946 Oct
mdp.39015084410474,1946,SE,serial,Sports afield.,v.116 no.6 1946 Dec
mdp.39015084410573,1947,SE,serial,Sports afield.,v.117 no.1-2 1947 Jan-Feb
uc1.c2562737,1950,SE,serial,Sports afield.,v. 122-123 1949-50
uc1.c2562738,1951,SE,serial,Sports afield.,v. 124-125 1950-51
uc1.c2562739,1952,SE,serial,Sports afield.,v. 126-127 1951-52
uc1.c2562740,1953,SE,serial,Sports afield.,v. 128-129 1952-53
uc1.c2562724,1954,SE,serial,Sports afield.,v. 130-131 1953-54
uc1.c2562959,1955,SE,serial,Sports afield.,v. 132-133 1954-55
uc1.c2562741,1955,SE,serial,Sports afield.,v. 134 1955
uc1.c2562742,1956,SE,serial,Sports afield.,v. 135 1956
uc1.c2562743,1956,SE,serial,Sports afield.,v. 136 1956
uc1.c2562744,1957,SE,serial,Sports afield.,v. 137 1957
uc1.c2562745,1957,SE,serial,Sports afield.,v. 138 1957
uc1.c2562746,1958,SE,serial,Sports afield.,v. 139 1958
uc1.c2562747,1958,SE,serial,Sports afield.,v. 140 1958
uc1.c2562748,1959,SE,serial,Sports afield.,v. 141 1959
uc1.c2562749,1959,SE,serial,Sports afield.,v. 142 1959
uc1.c2562750,1960,SE,serial,Sports afield.,v. 143 1960
uc1.c2562751,1960,SE,serial,Sports afield.,v. 144 1960
uc1.c2562755,1962,SE,serial,Sports afield.,v. 148 1962
uc1.c2562757,1963,SE,serial,Sports afield.,v. 150 1963
umn.31951d009559796,1980,SE,serial,"Status of wildlife populations, fall ... and ... hunting and trapping harvest statistics.",1980 Fall(1972-1979)
mdp.39015071311172,1974,SE,serial,Suburban Detroit's home hunters guide.,1974
mdp.39015071311164,1976,SE,serial,Suburban Detroit's home hunters guide.,1976
mdp.39015071311156,1977,SE,serial,Suburban Detroit's home hunters guide.,1977
nyp.33433009348966,1949,SE,serial,The Gun digest.,ed. 4 (1949)
nyp.33433009348974,1952,SE,serial,The Gun digest.,ed. 6 (1952)
uc1.l0068694819,1955,SE,serial,The Gun digest.,v.09 yr.1955
nyp.33433009348982,1956,SE,serial,The Gun digest.,ed. 8-10 (1954-1956)
nyp.33433009348990,1959,SE,serial,The Gun digest.,ed. 12-13 (1958-1959)
nyp.33433000725915,1932,SE,serial,"The Rider & Driver. An illustrated weekly devoted to horse shows, coaching, hunting ... and all forms of amateur horse manship ...",v. 82 Nov. 1931-Apr. 1932
nyp.33433000725949,1932,SE,serial,"The Rider & Driver. An illustrated weekly devoted to horse shows, coaching, hunting ... and all forms of amateur horse manship ...",v. 85 May-Oct. 1932
nyp.33433000725923,1932,SE,serial,"The Rider & Driver. An illustrated weekly devoted to horse shows, coaching, hunting ... and all forms of amateur horse manship ...",v. 83 May-Oct. 1932
nyp.33433000725931,1933,SE,serial,"The Rider & Driver. An illustrated weekly devoted to horse shows, coaching, hunting ... and all forms of amateur horse manship ...","v. 84 Nov. 5, 1932-Apr. 22, 1933"
nyp.33433000725956,1934,SE,serial,"The Rider & Driver. An illustrated weekly devoted to horse shows, coaching, hunting ... and all forms of amateur horse manship ...",v. 86 Nov. 1933-Apr. 1934
nyp.33433000725964,1934,SE,serial,"The Rider & Driver. An illustrated weekly devoted to horse shows, coaching, hunting ... and all forms of amateur horse manship ...",v. 87 May-Oct. 1934
nyp.33433000725972,1935,SE,serial,"The Rider & Driver. An illustrated weekly devoted to horse shows, coaching, hunting ... and all forms of amateur horse manship ...",v. 88 Nov. 1934-Apr. 1935
nyp.33433000725980,1936,SE,serial,"The Rider & Driver. An illustrated weekly devoted to horse shows, coaching, hunting ... and all forms of amateur horse manship ...",v. 89-90 May 1935-May 1936
nyp.33433000725998,1937,SE,serial,"The Rider & Driver. An illustrated weekly devoted to horse shows, coaching, hunting ... and all forms of amateur horse manship ...",v. 91 June 1936-Apr. 1937
nyp.33433000726004,1938,SE,serial,"The Rider & Driver. An illustrated weekly devoted to horse shows, coaching, hunting ... and all forms of amateur horse manship ...",v. 92 May 1937-Apr. 1938
nyp.33433000726012,1939,SE,serial,"The Rider & Driver. An illustrated weekly devoted to horse shows, coaching, hunting ... and all forms of amateur horse manship ...",v. 93 May 1938-May 1939
nyp.33433000726103,1950,SE,serial,"The Rider & Driver. An illustrated weekly devoted to horse shows, coaching, hunting ... and all forms of amateur horse manship ...",v. 101-102 Apr. 1948-Feb. 1950
nyp.33433000726111,1951,SE,serial,"The Rider & Driver. An illustrated weekly devoted to horse shows, coaching, hunting ... and all forms of amateur horse manship ...",v. 103 Mar. 1950-Oct. 1951
osu.32435022698799,1942,SE,serial,The Sporting goods trade directory.,1942 1942
uva.x004609142,1940,SE,serial,The international fox hunters' stud book.,v.10 1940
nyp.33433000738553,1931,SE,serial,The sporting goods directory.,v. 64 (Apr.-Sept. 1931)
nyp.33433000738579,1932,SE,serial,The sporting goods directory.,v. 66 (Apr.-Sept. 1932)
nyp.33433000738561,1932,SE,serial,The sporting goods directory.,v. 65 (Oct. 1931-Mar. 1932)
nyp.33433000738595,1933,SE,serial,The sporting goods directory.,v. 68 (Apr.-Sept. 1933)
nyp.33433000738587,1933,SE,serial,The sporting goods directory.,v. 67 (Oct. 1932-Mar. 1933)
nyp.33433000738611,1934,SE,serial,The sporting goods directory.,v. 70 (Apr.-Sept. 1934)
nyp.33433000738603,1934,SE,serial,The sporting goods directory.,v. 69 (Oct. 1933-Mar. 1934)
nyp.33433000738637,1935,SE,serial,The sporting goods directory.,v. 72 (Apr.-Sept. 1935)
nyp.33433000738629,1935,SE,serial,The sporting goods directory.,v. 71 (Oct. 1934-Mar. 1935)
nyp.33433000738652,1936,SE,serial,The sporting goods directory.,v. 74 (Apr.-Sept. 1936)
nyp.33433000738660,1936,SE,serial,The sporting goods directory.,v. 75 (Oct.-Dec. 1936)
nyp.33433000738645,1936,SE,serial,The sporting goods directory.,v. 73 (Oct. 1935-Mar. 1936)
nyp.33433000738694,1937,SE,serial,The sporting goods directory.,v. 76 (July-Sept. 1937)
nyp.33433000738686,1937,SE,serial,The sporting goods directory.,v. 76 (Apr.-June 1937)
nyp.33433000738678,1937,SE,serial,The sporting goods directory.,v. 75 (Jan.-Mar. 1937)
nyp.33433000738702,1937,SE,serial,The sporting goods directory.,v. 77 (Oct.-Dec. 1937)
nyp.33433000738744,1938,SE,serial,The sporting goods directory.,v. 79 (Oct.-Dec. 1938)
nyp.33433000738728,1938,SE,serial,The sporting goods directory.,v. 78 (July-Sept. 1938)
nyp.33433000738736,1938,SE,serial,The sporting goods directory.,v. 78 (Apr.-July 1938)
nyp.33433000738710,1938,SE,serial,The sporting goods directory.,v. 77 (Jan.-Mar. 1938)
nyp.33433000738777,1939,SE,serial,The sporting goods directory.,v. 80 (July-Sept. 1939)
nyp.33433000738769,1939,SE,serial,The sporting goods directory.,v. 80 (Apr.-June 1939)
nyp.33433000738751,1939,SE,serial,The sporting goods directory.,v. 79 (Jan.-Mar. 1939)
nyp.33433000738785,1939,SE,serial,The sporting goods directory.,v. 81 (Oct.-Dec. 1939)
nyp.33433000738801,1940,SE,serial,The sporting goods directory.,v. 82 (Apr.-June 1940)
nyp.33433000738819,1940,SE,serial,The sporting goods directory.,v. 82 (July-Sept. 1940)
nyp.33433000738793,1940,SE,serial,The sporting goods directory.,v. 81 (Jan.-Mar. 1940)
nyp.33433000738827,1940,SE,serial,The sporting goods directory.,v. 83 (Oct.-Dec. 1940)
nyp.33433000738850,1941,SE,serial,The sporting goods directory.,v. 84 (July-Sept. 1941)
nyp.33433000738876,1941,SE,serial,The sporting goods directory.,v. 85 (Oct.-Dec. 1941)
nyp.33433000738843,1941,SE,serial,The sporting goods directory.,v. 84 (Apr.-June 1941)
nyp.33433000738835,1941,SE,serial,The sporting goods directory.,v. 83 (Jan.-Mar. 1941)
nyp.33433000738868,1942,SE,serial,The sporting goods directory.,v. 85 (Jan.-Mar. 1942)
nyp.33433000738900,1942,SE,serial,The sporting goods directory.,v. 87 (Oct.-Dec. 1942)
nyp.33433000738892,1942,SE,serial,The sporting goods directory.,v. 86 (July-Sept. 1942)
nyp.33433000738884,1942,SE,serial,The sporting goods directory.,v. 86 (Apr.-June 1942)
nyp.33433000738926,1943,SE,serial,The sporting goods directory.,v. 88 (Apr.-June 1943)
nyp.33433000738942,1943,SE,serial,The sporting goods directory.,v. 89 (Oct.-Dec. 1943)
nyp.33433000738918,1943,SE,serial,The sporting goods directory.,v. 87 (Jan.-Dec. 1943)
nyp.33433000738934,1943,SE,serial,The sporting goods directory.,v. 88 (July-Sept. 1943)
nyp.33433000738975,1944,SE,serial,The sporting goods directory.,v. 90 (July-Sept. 1944)
nyp.33433000738967,1944,SE,serial,The sporting goods directory.,v. 90 (Apr.-June 1944)
nyp.33433000738959,1944,SE,serial,The sporting goods directory.,v. 89 (Jan.-Mar. 1944)
nyp.33433000738983,1944,SE,serial,The sporting goods directory.,v. 91 (Oct.-Dec. 1944)
nyp.33433000739015,1945,SE,serial,The sporting goods directory.,v. 92 (July-Sept. 1945)
nyp.33433000739007,1945,SE,serial,The sporting goods directory.,v. 92 (Apr.-June 1945)
nyp.33433000738991,1945,SE,serial,The sporting goods directory.,v. 91 (Jan.-Mar. 1945)
nyp.33433000739056,1946,SE,serial,The sporting goods directory.,v. 94 (Nov.-Dec. 1946)
nyp.33433000739049,1946,SE,serial,The sporting goods directory.,v. 94 (Apr.-May 1946)
nyp.33433000739031,1946,SE,serial,The sporting goods directory.,v. 93 (Jan.-Mar. 1946)
nyp.33433000739080,1947,SE,serial,The sporting goods directory.,v. 96 (July-Sept. 1947)
nyp.33433000739098,1947,SE,serial,The sporting goods directory.,v. 97 (Oct.-Dec. 1947)
nyp.33433000739072,1947,SE,serial,The sporting goods directory.,v. 96 (Apr.-June 1947)
nyp.33433000739064,1947,SE,serial,The sporting goods directory.,v. 95 (Jan.-Mar. 1947)
nyp.33433000739148,1948,SE,serial,The sporting goods directory.,v. 99 (Oct.-Dec. 1948)
nyp.33433000739106,1948,SE,serial,The sporting goods directory.,v. 97 (Jan.-Mar. 1948)
nyp.33433000739114,1948,SE,serial,The sporting goods directory.,v. 98 (Apr.-June 1948)
nyp.33433000739122,1948,SE,serial,The sporting goods directory.,v. 98 (July-Sept. 1948)
nyp.33433000739163,1949,SE,serial,The sporting goods directory.,v. 100 (July-Sept. 1949)
nyp.33433000739171,1949,SE,serial,The sporting goods directory.,v. 101 (Oct.-Dec. 1949)
nyp.33433000739130,1949,SE,serial,The sporting goods directory.,v. 99 (Jan.-Mar. 1949)
nyp.33433000739155,1949,SE,serial,The sporting goods directory.,v. 100 (Apr.-June 1949)
nyp.33433000739197,1950,SE,serial,The sporting goods directory.,v. 102 (Apr.-June 1950)
nyp.33433000739189,1950,SE,serial,The sporting goods directory.,v. 101 (Jan.-Mar. 1950)
nyp.33433006239796,1950,SE,serial,The sporting goods directory.,v. 103 (Oct.-Dec. 1950)
nyp.33433006239804,1950,SE,serial,The sporting goods directory.,v. 102 (July-Sept. 1950)
nyp.33433006243269,1951,SE,serial,The sporting goods directory.,v. 103 (Jan.-Mar. 1951)
nyp.33433006243533,1951,SE,serial,The sporting goods directory.,v. 104 (Juy-Sept. 1951)
nyp.33433006243277,1951,SE,serial,The sporting goods directory.,v. 104 (Apr.-June 1951)
nyp.33433006243293,1951,SE,serial,The sporting goods directory.,v. 105 (Oct.-Dec. 1951)
nyp.33433006243285,1952,SE,serial,The sporting goods directory.,v. 105 (Jan.-Mar. 1952)
nyp.33433006243327,1952,SE,serial,The sporting goods directory.,v. 106 (July-Sept. 1952)
nyp.33433006243541,1952,SE,serial,The sporting goods directory.,v. 106 (Apr.-June1952)
nyp.33433006243319,1952,SE,serial,The sporting goods directory.,v. 107 (Oct.-Dec. 1952)
nyp.33433006243558,1953,SE,serial,The sporting goods directory.,v. 108 (July-Sept. 1953)
nyp.33433006243574,1953,SE,serial,The sporting goods directory.,v. 112 (Apr.-June 1953)
nyp.33433006243723,1953,SE,serial,The sporting goods directory.,v. 109 (Oct.-Dec. 1953)
nyp.33433006243301,1953,SE,serial,The sporting goods directory.,v. 108 (Apr.-June 1953)
nyp.33433006243566,1953,SE,serial,The sporting goods directory.,v. 107 (Jan.-Mar. 1953)
nyp.33433006243731,1954,SE,serial,The sporting goods directory.,v. 110 (Apr.-June 1954)
nyp.33433006243715,1954,SE,serial,The sporting goods directory.,v. 109 (Jan.-Mar. 1954)
nyp.33433006243590,1954,SE,serial,The sporting goods directory.,v. 111 (Oct.-Dec. 1954)
nyp.33433006243343,1954,SE,serial,The sporting goods directory.,v. 110 (July-Sept. 1954)
nyp.33433006243624,1955,SE,serial,The sporting goods directory.,v. 113 (Oct.-Dec. 1955)
nyp.33433006243335,1955,SE,serial,The sporting goods directory.,v. 111 (Jan.-Mar. 1955)
nyp.33433006243582,1955,SE,serial,The sporting goods directory.,v. 112 (July-Sept. 1955)
nyp.33433006243376,1956,SE,serial,The sporting goods directory.,v. 113 (Jan.-Mar .1956)
nyp.33433006243012,1957,SE,serial,The sporting goods directory.,"v. 115, no. 6 (Mar. 1957)"
nyp.33433006243707,1957,SE,serial,The sporting goods directory.,v. 117 (Oct.-Dec. 1957)
nyp.33433006243459,1957,SE,serial,The sporting goods directory.,v. 116 (Apr.-June 1957)
nyp.33433006243467,1957,SE,serial,The sporting goods directory.,v. 116 (July-Sept. 1957)
nyp.33433006243434,1958,SE,serial,The sporting goods directory.,v. 118 (July-Sept. 1958)
nyp.33433006243699,1958,SE,serial,The sporting goods directory.,v. 117 (Jan.-Mar. 1958)
nyp.33433006243442,1958,SE,serial,The sporting goods directory.,v. 118 (Apr.-June 1958)
nyp.33433006243681,1958,SE,serial,The sporting goods directory.,v. 119 (Oct.-Dec. 1958)
nyp.33433006243673,1959,SE,serial,The sporting goods directory.,v. 119 (Jan.-Mar. 1959)
nyp.33433006243657,1959,SE,serial,The sporting goods directory.,v. 121 (Oct.-Dec. 1959)
nyp.33433006243426,1959,SE,serial,The sporting goods directory.,v. 120 (Apr.-June 1959)
nyp.33433006243418,1959,SE,serial,The sporting goods directory.,v. 120 (July-Sept. 1959)
nyp.33433006243640,1960,SE,serial,The sporting goods directory.,v. 123 (Oct.-Dec. 1960)
nyp.33433006243392,1960,SE,serial,The sporting goods directory.,v. 122 (July-Sept. 1960)
nyp.33433006243400,1960,SE,serial,The sporting goods directory.,v. 122 (Apr.-June 1960)
nyp.33433006243665,1960,SE,serial,The sporting goods directory.,v. 121 (Jan.-Mar. 1960)
nyp.33433006243384,1961,SE,serial,The sporting goods directory.,v. 123-124 (Jan.-Aug. 1961)
