htid,year,stratum,title,reason
mdp.39015026651730,1965,book,"""I saw you from afar""; a visit to the Bushmen of the Kalahari Desert / [by] Carol Morse Perkins and Marlin Perkins.",book: brand name with no gun context (poet/painter/place/horse)
uc1.$b326480,1965,book,"""I saw you from afar""; a visit to the Bushmen of the Kalahari Desert / [by] Carol Morse Perkins and Marlin Perkins.",book: brand name with no gun context (poet/painter/place/horse)
coo.31924002886079,1953,book,1. Some factors for the development of color in potato chips. 2. Some observations on the browning reaction at a relatively extreme temperature.,book: brand name with no gun context (poet/painter/place/horse)
uc1.b3179423,1978,book,"20th-century foreign women writers / Martha O'Nan, ed. ; articles by Evelyne Accad ... [et al.] ; poems by Edith Södergran, Barbara Clarke Mossberg.",book: brand name with no gun context (poet/painter/place/horse)
uiug.30112029124283,1959,book,"4 from the circle : short stories and poems : reprinted from Der Kreis (The Circle), Zurich / original drawings by J. Colton.",book: no firearm word or gun-context brand in title
mdp.39015030947769,1974,book,A Browning calendar / edited by Constance M. Spender.,book: brand name with no gun context (poet/painter/place/horse)
mdp.39015024865670,1935,book,A Browning handbook / by William Clyde DeVane.,book: brand name with no gun context (poet/painter/place/horse)
mdp.39015000225733,1955,book,A Browning handbook.,book: brand name with no gun context (poet/painter/place/horse)
mdp.39015002240292,1955,book,A Browning handbook.,book: brand name with no gun context (poet/painter/place/horse)
uc1.b3489664,1955,book,A Browning handbook.,book: brand name with no gun context (poet/painter/place/horse)
mdp.39015047545184,1970,book,A Browning primer / With an introd. by F. J. Furnivall.,book: brand name with no gun context (poet/painter/place/horse)
uc1.$b112665,1937,book,"A Christmas book from the Department of English, Hunter College of the city of New York. Edited by Blanche Colton Williams, head of the department.",book: no firearm word or gun-context brand in title
nyp.33433112018134,1937,book,"A Christmas book from the Department of English, Hunter College of the city of New York. Edited by Blanche Colton Williams, head of the department.",book: no firearm word or gun-context brand in title
mdp.39015031307401,1940,book,A Tennyson Browning association book / by J. Christian Bay.,book: brand name with no gun context (poet/painter/place/horse)
mdp.39015011819441,1967,book,A bibliography of Elizabeth Barrett Browning.,book: brand name with no gun context (poet/painter/place/horse)
uc1.$b141137,1970,book,"A bibliography of dissertations in geography, 1901 to 1969: American and Canadian universities [by] Clyde E. Browning.",book: brand name with no gun context (poet/painter/place/horse)
uiug.30112106624940,1970,book,"A carbon dioxide reduction unit using Bosch reaction and expendable catalyst cartridges, by R.F. Holmes, E.E. Keller, and C.D. King.",book: no firearm word or gun-context brand in title
inu.32000014447231,1974,book,"A ceremonial cave in the Winchester Mountains, Arizona. [by] William Shirley Fulton.  Dragoon, Arizona, The Amerind Foundation, 1941.",book: brand name with no gun context (poet/painter/place/horse)
dul1.ark:/13960/t3qv6bg3w,1953,book,"A church history, by Charles Jerome Huneycutt; and, A fragmentary history of Pleasant Green Methodist Episcopal Church, South, Durham Circuit, Durham District, North Carolina Conference, by Alan Browning.",book: brand name with no gun context (poet/painter/place/horse)
mdp.39015023930590,1964,book,A classified bibliography of argumentation and debate / by Arthur N. Kruger.,book: no firearm word or gun-context brand in title
mdp.39015034563588,1964,book,A classified bibliography of argumentation and debate / by Arthur N. Kruger.,book: no firearm word or gun-context brand in title
uc1.$b680080,1964,book,A classified bibliography of argumentation and debate / by Arthur N. Kruger.,book: no firearm word or gun-context brand in title
uc1.b4456988,1964,book,A classified bibliography of argumentation and debate / by Arthur N. Kruger.,book: no firearm word or gun-context brand in title
mdp.39015004693787,1966,book,A commentary upon Browning's The ring and the book / by A.K. Cook.,book: brand name with no gun context (poet/painter/place/horse)
mdp.39015002197740,1966,book,A commentary upon Browning's The ring and the book / by A.K. Cook.,book: brand name with no gun context (poet/painter/place/horse)
mdp.39015004730175,1966,book,A commentary upon Browning's The ring and the book / by A.K. Cook.,book: brand name with no gun context (poet/painter/place/horse)
umn.319510016040689,1966,book,A commentary upon Browning's The ring and the book / by A.K. Cook.,book: brand name with no gun context (poet/painter/place/horse)
uc1.32106001926390,1976,book,"A critical edition of Robert Browning's ""Bishop Blougram's Apology"" / by Frank Charles Allen.",book: brand name with no gun context (poet/painter/place/horse)
uc1.31822011582673,1977,book,A day with Elizabeth Barrett Browning / by May Byron,book: brand name with no gun context (poet/painter/place/horse)
mdp.49015000545575,1970,book,"A deal in wheat, and other stories of the new and old West / Illustrated by Remington [and others] New York, Doubleday, Page, 1903.",book: brand name with no gun context (poet/painter/place/horse)
mdp.39015064857389,1942,book,A dramatic arrangement of Browning's Paracelsus.,book: brand name with no gun context (poet/painter/place/horse)
osu.32435021937891,1942,book,A dramatic arrangement of Browning's Paracelsus.,book: brand name with no gun context (poet/painter/place/horse)
ien.35556021319082,1964,book,A framework for balanced transportation planning in metropolitan regions / by Pieter Willem Bingle Kruger.,book: no firearm word or gun-context brand in title
mdp.39015014855665,1967,book,A group of English essayists of the early nineteenth century / by C.T. Winchester.,book: brand name with no gun context (poet/painter/place/horse)
mdp.49015000554353,1967,book,A group of English essayists of the early nineteenth century / by C.T. Winchester.,book: brand name with no gun context (poet/painter/place/horse)
uc1.b4306513,1967,book,A group of English essayists of the early nineteenth century / by C.T. Winchester.,book: brand name with no gun context (poet/painter/place/horse)
uc1.b3970931,1966,book,A guide to reading in American history; the unit approach [by] Herbert Herskowitz and Bernard Marlin.,book: brand name with no gun context (poet/painter/place/horse)
inu.32000007704671,1969,book,A handbook to the works of Robert Browning / by Mrs. Sutherland Orr.,book: brand name with no gun context (poet/painter/place/horse)
uva.x001607978,1947,book,"A history of the Presbytery of Winchester (Synod of Virginia): its rise and growth, ecclesiastical relations, institutions and agencies, churches and ministers, 1719-1945. / Based on official documents. ; By Robert Bell Woodworth, D.Sc.",book: brand name with no gun context (poet/painter/place/horse)
wu.89067534065,1947,book,"A history of the Presbytery of Winchester (Synod of Virginia): its rise and growth, ecclesiastical relations, institutions and agencies, churches and ministers, 1719-1945. / Based on official documents. ; By Robert Bell Woodworth, D.Sc.",book: brand name with no gun context (poet/painter/place/horse)
mdp.39015000063944,1971,book,A history of the modern world / [by] R. R. Palmer [and] Joel Colton.,book: no firearm word or gun-context brand in title
mdp.39015007180493,1965,book,A history of the modern world / by R. R. Palmer and Joel Colton.,book: no firearm word or gun-context brand in title
mdp.39015025029060,1971,book,A history of the modern world since 1815 / [by] R. R. Palmer [and] Joel Colton.,book: no firearm word or gun-context brand in title
wu.89031315195,1970,book,"A horse named Kelso, by Pat Johnson and Walter D. Osborne.  Introd. by Mrs. Richard C. Dupont. Illustrated with Richard Stone Reeves'  paintings.",book: no firearm word or gun-context brand in title
mdp.39015079889120,1967,book,"A list of doctoral dissertations on Australia, covering 1933/34 through 1964/65; Canada, covering 1933/34 through 1964/65; New Zealand, covering 1933/34 through 1964/65 / Compiled by Doris M. Cruger.",book: no firearm word or gun-context brand in title
inu.32000003250869,1971,book,"A phrase book from the poetic and dramatic works of Robert Browning, to which is added an index containing the significant words not elsewhere noted.",book: brand name with no gun context (poet/painter/place/horse)
wu.89001267681,1970,book,"A primer on Browning, by F. Mary Wilson.",book: brand name with no gun context (poet/painter/place/horse)
uva.x000212633,1976,book,A season in the life of Emmanuel / Marie-Claire Blais. Translated from the French by Derek Coltman. Introduction by Edmund Wilson.,book: no firearm word or gun-context brand in title
mdp.39015031305710,1971,book,A study of Browning's The ring and the book / by James Cassidy (E. M. Story),book: brand name with no gun context (poet/painter/place/horse)
umn.31951d01549911a,1978,book,A study of owners of small timber tracts in Louisiana / Clifton B. Marlin.,book: brand name with no gun context (poet/painter/place/horse)
uiug.30112019600730,1978,book,A study of owners of small timber tracts in Louisiana / Clifton B. Marlin.,book: brand name with no gun context (poet/painter/place/horse)
uiug.30112113048893,1979,book,A study of the applicability of batch reactor wastewater treatment for areas of intermittent loading / by James E. Alleman and Joanne S. Colt.,book: brand name with no gun context (poet/painter/place/horse)
umn.31951001986557n,1950,book,A study of the browning of bread on storage.,book: brand name with no gun context (poet/painter/place/horse)
coo.31924004701250,1959,book,A study of the thermionic point filament electron gun.,book: gun word is physics or a personal name
coo.31924004105999,1951,book,A study of two high current electron guns.,book: gun word is physics or a personal name
mdp.39015039925329,1980,book,A variorum edition of Elizabeth Barrett Browning's Sonnets from the Portuguese / by Miroslava Wein Dow.,book: brand name with no gun context (poet/painter/place/horse)
uva.x004211040,1964,book,"A working model of the generating electric field meter : a technical progress report / submitted to Harry Diamond Laboratories, submitted by Harold D. Browning.",book: brand name with no gun context (poet/painter/place/horse)
mdp.39015000539471,1935,book,About the murder of a startled lady : a Thatcher Colt detective mystery / by Anthony Abbot.,book: brand name with no gun context (poet/painter/place/horse)
uc1.$b104074,1935,book,About the murder of a startled lady : a Thatcher Colt detective mystery / by Anthony Abbot.,book: brand name with no gun context (poet/painter/place/horse)
mdp.39015000539513,1933,book,About the murder of the clergyman's mistress / by Anthony Abbot [pseudonym]; a Thatcher Colt detective mystery.,book: brand name with no gun context (poet/painter/place/horse)
nnc1.ar00006912,1960,book,"Accessions, 1960 : exhibition, December 21, 1960 to February 18, 1961 / by the Wintherthur Corporation for the Corbit House, the Henry Francis Du Pont Winterthur Museum, the Waldron Phoenix Belknap, Jr. Research Library of American Painting ; [catalogue and exhibition designed by Donald D. MacMillan",book: no firearm word or gun-context brand in title
mdp.39015003712455,1950,book,"Acetylene, homologs and derivatives / by Pierre Piganiol. Preface by G. Dupont. Translated from the 2d rev. ed. by Frederick A. Hessel and John B. Rust.",book: no firearm word or gun-context brand in title
osu.32437122129857,1979,book,"Advancing your citizenship : an advocacy manual for persons with disabilities / Anita Crosson, Philip Browning, Robert E. Krambs.",book: brand name with no gun context (poet/painter/place/horse)
osu.32437122180371,1980,book,"Advancing your citizenship : an annotated bibliography on consumerism/advocacy for persons with disabilities / Philip Browning, Cindy Rhoades, Anita Crosson.",book: brand name with no gun context (poet/painter/place/horse)
osu.32437122131465,1980,book,"Advancing your citizenship : essays on consumer involvement of the handicapped / Philip Browning, Cindy Rhoades, Anita Crosson.",book: brand name with no gun context (poet/painter/place/horse)
mdp.39015000520398,1968,book,"Adversity and grace; studies in recent American literature / by Preston M. Browning, Jr. [and others] Edited by Nathan A. Scott, Jr.",book: brand name with no gun context (poet/painter/place/horse)
mdp.39015005388080,1976,book,Aeolian harps : essays in literature in honor of Maurice Browning Cramer / edited by Donna G. Fricke and Douglas C. Fricke.,book: brand name with no gun context (poet/painter/place/horse)
mdp.39015020847771,1945,book,"Against these three : a biography of Paul Kruger, Cecil Rhodes, and Lobengula, last king of the Matabele / Stuart Cloete ; illustrated with maps and ports. by Roland Cosimini.",book: no firearm word or gun-context brand in title
uc1.$b303759,1945,book,"Against these three : a biography of Paul Kruger, Cecil Rhodes, and Lobengula, last king of the Matabele / Stuart Cloete ; illustrated with maps and ports. by Roland Cosimini.",book: no firearm word or gun-context brand in title
ufl.31262001451250,1945,book,"Against these three, a biography of Paul Kruger, Cecil Rhodes, and Lobengula, last king of the Matabele illustrated with maps and portraits by Roland Cosimini.",book: no firearm word or gun-context brand in title
mdp.39076005656116,1947,book,"Against these three, a biography of Paul Kruger, Cecil Rhodes, and Lobengula, last king of the Matabele.",book: no firearm word or gun-context brand in title
uva.x000157445,1974,book,Aging in America / Bert Kruger Smith.,book: no firearm word or gun-context brand in title
mdp.39015002250275,1975,book,Alexander Bestuzhev-Marlinsky / by Lauren G. Leighton.,book: no firearm word or gun-context brand in title
mdp.39015051361478,1941,book,"Alfred I. DuPont, the family rebel / by Marquis James ...",book: no firearm word or gun-context brand in title
uc1.b4986950,1941,book,"Alfred I. DuPont, the family rebel / by Marquis James ...",book: no firearm word or gun-context brand in title
wu.89066129784,1976,book,America's religious treasures : a spiritual heritage travel guide / text by Marion Rawson Vuilleumier ; ill. by Pierre DuPont Vuilleumier.,book: no firearm word or gun-context brand in title
mdp.39015031700001,1952,book,"American furniture, Queen Anne and Chippendale periods, in the Henry Francis du Pont Winterthur Museum / by Joseph Downs. Foreword by Henry Francis du Pont.",book: no firearm word or gun-context brand in title
uva.x006146640,1978,book,"American furniture, the Federal period : in the Henry Francis du Pont Winterthur Museum / by Charles F. Montgomery ; foreword by Henry Francis du Pont ; with photos. by Gilbert Ask.",book: no firearm word or gun-context brand in title
mdp.39015031700266,1966,book,"American furniture, the Federal period, in the Henry Francis du Pont Winterthur Museum / by Charles F. Montgomery. Foreword by Henry Francis du Pont. With photos. by Gilbert Ask.",book: no firearm word or gun-context brand in title
mdp.49015001227405,1966,book,"American furniture, the Federal period, in the Henry Francis du Pont Winterthur Museum / by Charles F. Montgomery. Foreword by Henry Francis du Pont. With photos. by Gilbert Ask.",book: no firearm word or gun-context brand in title
inu.30000001706724,1966,book,"American furniture, the Federal period, in the Henry Francis du Pont Winterthur Museum / by Charles F. Montgomery. Foreword by Henry Francis du Pont. With photos. by Gilbert Ask.",book: no firearm word or gun-context brand in title
osu.32435077073567,1963,book,"American paintings and drawings : Calder, Davis, Evergood, Glackens, Gwathmey, Inness, Kline, Kuniyoshi, Lawson, Luks, Marsh, Matta, Motherwell, Remington, Rice-Pereria, Shinn, M. and R. Soyer, Tamayo, Twachtman  : sculptures by Baker, Gross and Hebald : public auction, Wednesday, October 9.",book: brand name with no gun context (poet/painter/place/horse)
mdp.39015051363466,1973,book,An Elizabeth Barrett Browning concordance / compiled by Gladys W. Hudson.,book: brand name with no gun context (poet/painter/place/horse)
mdp.39015051363458,1973,book,An Elizabeth Barrett Browning concordance / compiled by Gladys W. Hudson.,book: brand name with no gun context (poet/painter/place/horse)
mdp.39015051363441,1973,book,An Elizabeth Barrett Browning concordance / compiled by Gladys W. Hudson.,book: brand name with no gun context (poet/painter/place/horse)
mdp.39015051363433,1973,book,An Elizabeth Barrett Browning concordance / compiled by Gladys W. Hudson.,book: brand name with no gun context (poet/painter/place/horse)
coo.31924029642323,1938,book,"An account of Browning Room at Baylor University, Waco, Texas.",book: brand name with no gun context (poet/painter/place/horse)
mdp.39015012563295,1977,book,"An analysis of health care delivery / James M. Rosser, Howard E. Mossberg.",book: brand name with no gun context (poet/painter/place/horse)
coo.31924013009034,1940,book,An analysis of pupil transportation problems in Pennsylvania with a view to establishing a more adequate system of transportation records / by George Marlin Spaid.,book: brand name with no gun context (poet/painter/place/horse)
ufl.31262041597476,1973,book,An archaeological and historical survey of the Florida Power and Light Company Manatee power plant / William D. Browning.,book: brand name with no gun context (poet/painter/place/horse)
ufl.31262041597492,1975,book,"An archaeological and historical survey of the International Mineral and Chemical Company [sic] Kingsford plant in Hillsborough County, Florida / William D. Browning.",book: brand name with no gun context (poet/painter/place/horse)
mdp.39015007415469,1968,book,"An atlas and dissection manual of Rhesus monkey anatomy / by Orville M. Berringer, Jr., Freddie M. Browning [and] Charles R. Schroeder.",book: brand name with no gun context (poet/painter/place/horse)
mdp.39015077923012,1940,book,An introduction to abstract algebra / by Cyrus Colton MacDuffee.,book: no firearm word or gun-context brand in title
uc1.$b531899,1947,book,An introduction to abstract algebra / by Cyrus Colton MacDuffee.,book: no firearm word or gun-context brand in title
uva.x000086523,1970,book,An introduction to the study of Browning.,book: brand name with no gun context (poet/painter/place/horse)
mdp.39015000672017,1970,book,An introduction to the study of Robert Browning's poetry / by Hiram Corson.,book: brand name with no gun context (poet/painter/place/horse)
uc1.c2933025,1957,book,An investigation of low-noise electron guns for backward-wave amplifiers / by William Bruce Bridges.,book: gun word is physics or a personal name
uc1.b3132092,1938,book,"An outline of statistical methods as applied to economics, business, education, social and physical sciences, etc. / Herbert Arkin, Raymond R. Colton ; with a preface by Justin H. Moore.",book: no firearm word or gun-context brand in title
uva.x030759240,1934,book,"An outline of statistical methods as applied to economics, business, education, social and physical sicences, etc. / Herbert Arkin, Raymond R. Colton ; with a preface by Justin H. Moore.",book: no firearm word or gun-context brand in title
umn.319510001332716,1950,book,"An outline of statistical methods as applied to economics, business, psychology, education and biology / Herbert Arkin, Raymond R. Colton.",book: no firearm word or gun-context brand in title
mdp.35128000434165,1938,book,"An outline of statistical methods, as applied to economics, business, education, social and physical sciences, etc. / [by] Herbert Arkin...and Raymond R. Colton ...with a preface by Justin H. Moore.",book: no firearm word or gun-context brand in title
wu.89033916123,1950,book,"An outline of statistical methods, as applied to economics, business, education, social and physical sciences, etc. [by] Herbert Arkin ... and Raymond R. Colton ... [with a preface by Justin H. Moore] ...",book: no firearm word or gun-context brand in title
uc1.b4586703,1977,book,Analysis of paper / B. L. Browning.,book: brand name with no gun context (poet/painter/place/horse)
mdp.39015010634585,1969,book,Analysis of paper / [by] B. L. Browning.,book: brand name with no gun context (poet/painter/place/horse)
uc1.b4405957,1980,book,Analytic theory of partial differential equations / David L. Colton.,book: no firearm word or gun-context brand in title
mdp.39015010768292,1970,book,Angkor; an essay on art and imperialism / [by] Jan Myrdal and Gun Kessle. Translated from the Swedish by Paul Britten Austin.,book: gun word is physics or a personal name
ufl.31262072527806,1975,book,"Archaeological investigation at the Rocky Point 2 site, 8Mt33 / William D. Browning.",book: brand name with no gun context (poet/painter/place/horse)
ufl.31262041598193,1975,book,"Archaeological salvage excavations at four sites in the Argyle Forest phase I development, Duval County / William D. Browning, field archaeologist.",book: brand name with no gun context (poet/painter/place/horse)
mdp.39015034712185,1975,book,Argumentation and debate: a classified bibliography / by Arthur N. Kruger.,book: no firearm word or gun-context brand in title
uc1.b4518867,1965,book,"Arrest; the decision to take a suspect into custody, by Wayne R. LaFave. Frank J. Remington, editor.",book: brand name with no gun context (poet/painter/place/horse)
umn.31951d00527124r,1934,book,Art for the schools of the Southwest / Mary-Russell F. Colton.,book: no firearm word or gun-context brand in title
mdp.39015051364712,1940,book,As a flame springs; the romance of Robert and Elizabeth Barrett Browning / by James Patton McCormick.,book: brand name with no gun context (poet/painter/place/horse)
mdp.39015072104816,1966,book,Atonement and psychotherapy / by Don S. Browning.,book: brand name with no gun context (poet/painter/place/horse)
coo.31924010482010,1979,book,"Aurora Leigh : a poem : from the last London edition, corrected by the author / Elizabeth Barrett Browning ; with a new introd. by Gardner B. Taplin.",book: brand name with no gun context (poet/painter/place/horse)
umn.319510009309824,1936,book,Automotive money-saving facts / by J. F. Winchester.,book: brand name with no gun context (poet/painter/place/horse)
uc1.b4498348,1946,book,"Ballistics of the future : with special reference to the dynamical and physical theory of the rocket weapons / J.M.J. Kooy, J.W.H. Uytenbogaart.",book: no firearm word or gun-context brand in title
mdp.39015054103166,1967,book,Balzac and his world / Translated from the French by Derek Coltman.,book: no firearm word or gun-context brand in title
inu.30000087983098,1957,book,Bankruptcy / [by] Martin R. Browning [and] Herbert A. Eggie.,book: brand name with no gun context (poet/painter/place/horse)
uc1.b4307687,1975,book,"Bankruptcy practice and procedure / Lewis Kruger, program chairman ; Henry W. Enberg II, staff editor",book: no firearm word or gun-context brand in title
uc1.b4307550,1978,book,"Bankruptcy reform act of 1978 / Lewis Kruger, Patrick A. Murphy, Arnold M. Quittner, cochairmen",book: no firearm word or gun-context brand in title
uc1.b4307696,1977,book,"Bankruptcy, practice and procedure / Lewis Kruger, chairman",book: no firearm word or gun-context brand in title
inu.30000087980151,1978,book,"Bankruptcy, practice and procedure, 1978 /Lewis Kruger, chairman.",book: no firearm word or gun-context brand in title
inu.39000007796423,1968,book,"Barton's Federal tax laws correlated; the Federal income, estate, and gift tax laws, from the Revenue act of 1913 to the Internal revenue code of 1954, as amended, by Walter E. Barton and Carroll W. Browning.",book: brand name with no gun context (poet/painter/place/horse)
inu.39000007796431,1968,book,"Barton's Federal tax laws correlated; the Federal income, estate, and gift tax laws, from the Revenue act of 1913 to the Internal revenue code of 1954, as amended, by Walter E. Barton and Carroll W. Browning.",book: brand name with no gun context (poet/painter/place/horse)
inu.39000007796449,1968,book,"Barton's Federal tax laws correlated; the Federal income, estate, and gift tax laws, from the Revenue act of 1913 to the Internal revenue code of 1954, as amended, by Walter E. Barton and Carroll W. Browning.",book: brand name with no gun context (poet/painter/place/horse)
inu.39000007796456,1968,book,"Barton's Federal tax laws correlated; the Federal income, estate, and gift tax laws, from the Revenue act of 1913 to the Internal revenue code of 1954, as amended, by Walter E. Barton and Carroll W. Browning.",book: brand name with no gun context (poet/painter/place/horse)
uva.x000563966,1979,book,"Basic education for children with learning disabilities / Wineva Grzynkowicz, with contributions by Diane Spurgeon Wirtz and Frances Marling.",book: no firearm word or gun-context brand in title
cub.p105212410002,1931,book,Baylor University Browning interests : Second series / edited by A. Joseph Armstrong.,book: brand name with no gun context (poet/painter/place/horse)
mdp.39015037390997,1931,book,Baylor university Browning interests. 2d ser. / edited by A. Joseph Armstrong.,book: brand name with no gun context (poet/painter/place/horse)
coo.31924002899221,1968,book,Bayou backwaters [by] Allan W. Eckert. With an introd. by Marlin Perkins. Illustrated by Joseph Cellini.,book: brand name with no gun context (poet/painter/place/horse)
mdp.39015000625627,1978,book,Before the revolution : a view of Russia under the last Tsar / [compiled by] Kyril Fitzlyon and Tatiana Browning.,book: brand name with no gun context (poet/painter/place/horse)
mdp.39015056438255,1979,book,"Beginnings, a university art museum collects : inaugural exhibition/the University of Kentucky Art Museum / introduction by Priscilla Colt ; introductory notes on the collections by Bruce Weber.",book: brand name with no gun context (poet/painter/place/horse)
mdp.39015016217799,1971,book,Behavior modification in child treatment; an experimental and clinical approach / [by] Robert M. Browning and Donald O. Stover.,book: brand name with no gun context (poet/painter/place/horse)
mdp.39015016217781,1971,book,Behavior modification in child treatment; an experimental and clinical approach / [by] Robert M. Browning and Donald O. Stover.,book: brand name with no gun context (poet/painter/place/horse)
mdp.39015072261145,1971,book,Behavior modification in child treatment; an experimental and clinical approach / [by] Robert M. Browning and Donald O. Stover.,book: brand name with no gun context (poet/painter/place/horse)
uc1.b4529023,1971,book,Behavior modification in child treatment; an experimental and clinical approach / [by] Robert M. Browning and Donald O. Stover.,book: brand name with no gun context (poet/painter/place/horse)
mdp.39015019966160,1972,book,Behind the glass / Translated by Derek Coltman.,book: no firearm word or gun-context brand in title
uva.x000176220,1977,book,Ben Ritter's Guide to the microfilmed Frederick County-Winchester (Virginia) census of 1850 : population schedules of the seventh census of the United States : National Archives microfilm publications.,book: brand name with no gun context (poet/painter/place/horse)
inu.30000011359266,1952,book,"Big Bend, a homesteader's story, by J.O. Langford with Fred Gipson.  Photos by Henry B. Du Pont and Joe W. Langford, drawings by Hal Story.",book: no firearm word or gun-context brand in title
uva.x000015417,1973,book,"Big Bend; a homesteader's story, by J. O. Langford, with Fred Gipson. Photos. by Henry B. Du Pont and Joe W. Langford. Drawings by Hal Story.",book: no firearm word or gun-context brand in title
mdp.39015002613183,1980,book,"Biography in the 18th century / J. D. Browning, editor in chief.",book: brand name with no gun context (poet/painter/place/horse)
uva.x000170865,1980,book,"Biography in the 18th century / J. D. Browning, editor in chief.",book: brand name with no gun context (poet/painter/place/horse)
uc1.b4315350,1980,book,"Biography in the 18th century / J. D. Browning, editor in chief.",book: brand name with no gun context (poet/painter/place/horse)
mdp.39015001915670,1969,book,Biology and its relation to mankind / [by] A. M. Winchester. With photographic illus. by the author.,book: brand name with no gun context (poet/painter/place/horse)
wu.89058291402,1980,book,"Blackfeet heritage, 1907-1908 : Blackfeet Indian Reservation, Browning, Montana / edited by Roxanne DeMarce.",book: brand name with no gun context (poet/painter/place/horse)
mdp.39015030939097,1974,book,Blast-power & ballistics : concepts of force and energy in the ancient world / Jack Lindsay.,book: no firearm word or gun-context brand in title
wu.89067603878,1956,book,Block Island : lore and legends / by Ethel Colt Ritchie.,book: brand name with no gun context (poet/painter/place/horse)
mdp.39015009374706,1980,book,Blood relations : the rise & fall of the du Ponts of Delaware / Leonard Mosley.,book: no firearm word or gun-context brand in title
coo.31924002874711,1939,book,Boron nutrition of cauliflower in relation to browning.,book: brand name with no gun context (poet/painter/place/horse)
coo.31924001517386,1980,book,"Brain and learning : directions in early childhood education / Marlin Languis, Tobie Sanders, Steven Tipps ; [photos, Betty C. Ford ... et al.].",book: brand name with no gun context (poet/painter/place/horse)
mdp.39015064568374,1945,book,Brawn and brains; the adventures of an international contractor / by Franklin Remington.,book: brand name with no gun context (poet/painter/place/horse)
wu.89038750105,1945,book,Brawn and brains; the adventures of an international contractor / by Franklin Remington.,book: brand name with no gun context (poet/painter/place/horse)
mdp.39015003491274,1969,book,"British dramatists from Dryden to Sheridan / edited by George H. Nettleton and Arthur E. Case. Rev. by George Winchester Stone, Jr.",book: brand name with no gun context (poet/painter/place/horse)
osu.32435009104431,1977,book,Browning / by Sir Frank T. Marzials.,book: brand name with no gun context (poet/painter/place/horse)
mdp.39015025114086,1952,book,Browning and America.,book: brand name with no gun context (poet/painter/place/horse)
coo.31924014151264,1965,book,Browning and the dramatic monologue; nature and interpretation of an overlooked form of literature.,book: brand name with no gun context (poet/painter/place/horse)
mdp.39015002242678,1969,book,Browning as the poet of immortality and love; a paper read to the Poetry Society on the fiftieth anniversary of the death of Robert Browning.,book: brand name with no gun context (poet/painter/place/horse)
uc1.x28145,1965,book,Browning of white wines.,book: brand name with no gun context (poet/painter/place/horse)
uc1.c2891774,1956,book,Browning rates and equilibrium vapor pressures of white potatoes in later stages of dehydration / by Carl Ernest Hendel.,book: brand name with no gun context (poet/painter/place/horse)
mdp.39015064857397,1933,book,"Browning the world over; being Baylor university Browning interests, series six, Browning's international influence, and series seven, A bibliography of foreign Browningiana / by A. Joseph Armstrong ...",book: brand name with no gun context (poet/painter/place/horse)
mdp.39015081564240,1972,book,Browning's Old schoolfellow; the artistic relationship of two Robert Brownings / by Jack Herring.,book: brand name with no gun context (poet/painter/place/horse)
mdp.39015008184890,1964,book,Browning's Parleyings; the autobiography of a mind.,book: brand name with no gun context (poet/painter/place/horse)
uc1.b4937890,1972,book,"Browning's Ring metaphor and truth, by Paul A. Cundiff.",book: brand name with no gun context (poet/painter/place/horse)
mdp.39015008163951,1972,book,"Browning's Ring metaphor and truth, by Paul A. Cundiff.",book: brand name with no gun context (poet/painter/place/horse)
mdp.39015001345621,1968,book,"Browning's Roman murder story; a reading of The ring and the book / [by] Richard D. Altick and James F. Loucks, II.",book: brand name with no gun context (poet/painter/place/horse)
uc1.$b387463,1969,book,Browning's analysis of a murder; a case for The inn album.,book: brand name with no gun context (poet/painter/place/horse)
mdp.49015001006486,1961,book,Browning's characters; a study in poetic technique.,book: brand name with no gun context (poet/painter/place/horse)
mdp.39015000225485,1961,book,Browning's characters; a study in poetic techniques.,book: brand name with no gun context (poet/painter/place/horse)
mdp.39015009046544,1948,book,Browning's essay on Chatterton / ed. with introductory chapters and notes by Donald Smalley; with a foreword by William C. De Vane.,book: brand name with no gun context (poet/painter/place/horse)
uc1.$b683254,1948,book,Browning's essay on Chatterton / ed. with introductory chapters and notes by Donald Smalley; with a foreword by William C. De Vane.,book: brand name with no gun context (poet/painter/place/horse)
mdp.39015000225519,1975,book,"Browning's later poetry, 1871-1889 / Clyde de L. Ryals.",book: brand name with no gun context (poet/painter/place/horse)
mdp.49015001004861,1968,book,Browning's mind and art / [by] Richard D. Altick [and others] Essays edited by Clarence Tracy.,book: brand name with no gun context (poet/painter/place/horse)
uc1.b4937895,1968,book,Browning's poetry of reticence.,book: brand name with no gun context (poet/painter/place/horse)
uc1.b4582044,1965,book,Browning's star-imagery; the study of a detail in poetic design,book: brand name with no gun context (poet/painter/place/horse)
mdp.49015001007625,1965,book,Browning's star-imagery; the study of a detail in poetic design,book: brand name with no gun context (poet/painter/place/horse)
uc1.b4582177,1979,book,"Browning's trumpeter : the correspondence of Robert Browning and Frederick J. Furnivall, 1872-1889 / edited by William S. Peterson.",book: brand name with no gun context (poet/painter/place/horse)
mdp.39015013346435,1979,book,"Browning's trumpeter : the correspondence of Robert Browning and Frederick J. Furnivall, 1872-1889 / edited by William S. Peterson.",book: brand name with no gun context (poet/painter/place/horse)
uc1.b4937897,1977,book,Browning's youth / John Maynard.,book: brand name with no gun context (poet/painter/place/horse)
mdp.39076005235853,1977,book,Browning's youth / John Maynard.,book: brand name with no gun context (poet/painter/place/horse)
mdp.39015010529447,1932,book,"Browning, background and conflict / [by] F. R. G. Duckworth, with a prefatory word by William Lyon Phelps.",book: brand name with no gun context (poet/painter/place/horse)
inu.32000006218525,1960,book,"Browning. Selected, with an introd. and notes, by Reed Whittemore.",book: brand name with no gun context (poet/painter/place/horse)
mdp.39015000350515,1966,book,Browning: background and conflict / [by] F.R.G. Duckworth. With a prefatory word by William Lyon Phelps.,book: brand name with no gun context (poet/painter/place/horse)
mdp.39015001449878,1970,book,Browning: the critical heritage / Edited by Boyd Litzinger and Donald Smalley.,book: brand name with no gun context (poet/painter/place/horse)
wu.89038491783,1975,book,"Build your own playground! A sourcebook of play sculptures, designs, and concepts from the work of Jay Beckwith. Photos. by Suzanne Arms. Drawings by Susan Colton.",book: no firearm word or gun-context brand in title
nyp.33433062537422,1951,book,"Canby, Shipley, Lea, Roberts, Price, Bradford, Du Pont, Boden, Newkirk.",book: no firearm word or gun-context brand in title
uc1.$b727315,1940,book,"Captain Lee Hall of Texas, by Dora Neill Raymond; with illus. by Louis Lundean and Frederic Remington.",book: brand name with no gun context (poet/painter/place/horse)
mdp.39015002418278,1975,book,"Cardiac arrhythmias : the modern electrophysiological approach / edited by Dennis M. Krikler, John F. Goodwin ; contributors, J. Coltart [and others].",book: no firearm word or gun-context brand in title
mdp.39015028123738,1976,book,Carl H. Milam and the United Nations Library / edited and with an introd. by Doris Cruger Dale.,book: no firearm word or gun-context brand in title
mdp.39015036878174,1976,book,Carl H. Milam and the United Nations Library / edited and with an introd. by Doris Cruger Dale.,book: no firearm word or gun-context brand in title
nyp.33433009109145,1950,book,"Cartridge identification, by Henry P. White and Burton D. Munhall; drawings by Henry P. White.",book: no firearm word or gun-context brand in title
pst.000044813390,1967,book,Cartridges for collectors / by Fred A. Datig.,book: no firearm word or gun-context brand in title
pst.000044813413,1967,book,Cartridges for collectors / by Fred A. Datig.,book: no firearm word or gun-context brand in title
pst.000044813383,1967,book,Cartridges for collectors / by Fred A. Datig.,book: no firearm word or gun-context brand in title
mdp.39015008462114,1977,book,Casa Guidi windows / Elizabeth Barrett Browning ; edited with an introd. by Julia Markus.,book: brand name with no gun context (poet/painter/place/horse)
uc1.$b100455,1969,book,"Cases and materials on criminal law and its procedures, by Frank J. Remington",book: brand name with no gun context (poet/painter/place/horse)
mdp.39015005375046,1968,book,Cataloging nonprint materials in the Alexis I. duPont Special School District / [by] Kathryn S. Howie [and others].,book: no firearm word or gun-context brand in title
uc1.31822031143704,1969,book,"Ceramic nuclear fuels; [proceedings of the] international symposium, May 3-8, 1969, Washington, D.C., sponsored by the Nuclear Division of the American Ceramic Society. Edited by Owen L. Kruger [and] Alexis I. Kaznoff",book: no firearm word or gun-context brand in title
uiug.30112107183425,1961,book,"Championship debating; West Point national debate tournament, final-round debates and critiques, 1949-60. Edited by: Russel R. Windes [and] Arthur N. Kruger.",book: no firearm word or gun-context brand in title
uc1.x28662,1959,book,Characteristics of browning enzymes in Fay Elberta freestone peaches.,book: brand name with no gun context (poet/painter/place/horse)
uc1.x28526,1961,book,Characteristics of the polyphenoloxidase system in browning of Bartlett pears.,book: brand name with no gun context (poet/painter/place/horse)
uc1.b4347320,1975,book,Chasin' the Trane : the music and mystique of John Coltrane / J. C. Thomas.,book: no firearm word or gun-context brand in title
mdp.39015064146387,1976,book,Chasin' the Trane : the music and mystique of John Coltrane / J.C. Thomas.,book: no firearm word or gun-context brand in title
mdp.39015019053704,1979,book,"China notebook, 1975-1978 / Jan Myrdal ; photos. by Gun Kessle ; translated from the Swedish by Rolf vom Dorp.",book: gun word is physics or a personal name
mdp.39015008805841,1970,book,China: the revolution continued / [by] Jan Myrdal and Gun Kessle. Translated from the rev. Swedish ed. by Paul Britten Austin.,book: gun word is physics or a personal name
uc1.$b592505,1970,book,China: the revolution continued / [by] Jan Myrdal and Gun Kessle. Translated from the rev. Swedish ed. by Paul Britten Austin.,book: gun word is physics or a personal name
ien.35556002084887,1970,book,China: the revolution continued / [by] Jan Myrdal and Gun Kessle. Translated from the rev. Swedish ed. by Paul Britten Austin.,book: gun word is physics or a personal name
mdp.39015002628660,1965,book,"Chinese journey / Photos, by Gun Kessle. Text by Jan Myrdal.",book: gun word is physics or a personal name
mdp.39015070418143,1965,book,"Chinese journey / Photos, by Gun Kessle. Text by Jan Myrdal.",book: gun word is physics or a personal name
uc1.31822014407787,1970,book,"Church silver of Colonial Virginia. An exhibition organized by the Virginia Museum, February 2-March 8, 1970; [catalogue. George A. Cruger, ed",book: no firearm word or gun-context brand in title
wu.89065991861,1974,book,"Churches on Cape Cod / by Marion Rawson Vuilleumier ; ill., Pierre Du Pont Vuilleumier.",book: no firearm word or gun-context brand in title
uva.x000748355,1969,book,"Civil War battles in Winchester and Frederick County, Virginia, 1861-1865.",book: brand name with no gun context (poet/painter/place/horse)
mdp.39015001659252,1941,book,"Clara Barton, daughter of destiny / by Blanche Colton Williams ... 31 illustrations.",book: no firearm word or gun-context brand in title
uc1.b4087783,1941,book,"Clara Barton, daughter of destiny / by Blanche Colton Williams ... 31 illustrations.",book: no firearm word or gun-context brand in title
uva.x006029424,1975,book,Climate and the affairs of men / Nels Winkless III and Iben Browning.,book: brand name with no gun context (poet/painter/place/horse)
inu.39000008104528,1975,book,Climate and the affairs of men / Nels Winkless III and Iben Browning.,book: brand name with no gun context (poet/painter/place/horse)
nnc2.ark:/13960/t0zp8q55r,1939,book,Co-operation with thirty countries : why how where : the international service of the North American Young Men's Christian Associations / by E.T. Colton.,book: no firearm word or gun-context brand in title
uc1.b4415070,1969,book,"Collective bargaining in the public service. Edited by Daniel H. Kruger [and] Charles T. Schmidt, Jr.",book: no firearm word or gun-context brand in title
mdp.39015065682877,1969,book,"Collective bargaining in the public service. Edited by Daniel H. Kruger [and] Charles T. Schmidt, Jr.",book: no firearm word or gun-context brand in title
uva.x006119640,1979,book,"Colleen Browning : recent paintings. From January 31 to February 17, 1979.",book: brand name with no gun context (poet/painter/place/horse)
mdp.39015007213559,1964,book,Colonial grandeur in Philadelphia; the house and furniture of General John Cadwalader / by Nicholas B. Wainwright. Foreword by Henry Francis du Pont.,book: no firearm word or gun-context brand in title
mdp.39076002227879,1950,book,Colt of destiny : a story of the California missions / by Alida Malkus ; illustrations by Manning de V. Lee.,book: brand name with no gun context (poet/painter/place/horse)
wu.89031312499,1956,book,"Colt sense, colt training / by Bob A. Carson.",book: brand name with no gun context (poet/painter/place/horse)
uc1.31822001316520,1956,book,"Colton : the Spanish fringe, 1772-1873 / by Clark Harding Jones.  The August 1956 newsletter of the Archeological Survey Association of Southern California. Report of Museum Association activities",book: no firearm word or gun-context brand in title
mdp.39076005084988,1936,book,Colts of Pegasus / compiled and edited by Frances Coffin Boaz; Beth Whatley Robertson: preface; Mary Eleanor Witherspoon: jacket design.,book: no firearm word or gun-context brand in title
mdp.39015016757042,1960,book,Column south: with the Fifteenth Pennsylvania Cavalry from Antietam to the capture of Jefferson Davis / Compiled by Suzanne Colton Wilson. Edited by J. Ferrell Colton and Antoinette G. Smith. Drawings by Barton A. Wright.,book: no firearm word or gun-context brand in title
mdp.39015020751874,1979,book,"Commissars, commanders, and civilian authority : the structure of Soviet military politics / Timothy J. Colton.",book: no firearm word or gun-context brand in title
wu.89102032919,1937,book,"Complete guide to handloading; a treatise on handloading for pleasure, economy, and utility, by Philip B. Sharpe.",book: no firearm word or gun-context brand in title
uva.x000221440,1969,book,Concerning Vatican Council II  / by Karl Rahner; translated by Karl-H. and Boniface Kruger.,book: no firearm word or gun-context brand in title
uva.x000412545,1969,book,Concerning Vatican Council II  / by Karl Rahner; translated by Karl-H. and Boniface Kruger.,book: no firearm word or gun-context brand in title
cub.p102320907002,1953,book,Corporate finance : principles and practice / Editors: Herbert Arkin [and] Raymond R. Colton.,book: no firearm word or gun-context brand in title
uiug.30112060748354,1965,book,"County government in North Carolina, by Robert G. Byrd [and others] George A. Coltrane, editor.",book: no firearm word or gun-context brand in title
chi.20873023,1969,book,"Crooked trails, written and illustrated by Frederic Remington.",book: brand name with no gun context (poet/painter/place/horse)
uc1.32106001059697,1976,book,Current perspectives in Latin American urban research : [papers] / edited by Alejandro Portes and Harley L. Browning.,book: brand name with no gun context (poet/painter/place/horse)
txu.059173026798095,1976,book,Current perspectives in Latin American urban research : [papers] / edited by Alejandro Portes and Harley L. Browning.,book: brand name with no gun context (poet/painter/place/horse)
txu.059173026798109,1976,book,Current perspectives in Latin American urban research : [papers] / edited by Alejandro Portes and Harley L. Browning.,book: brand name with no gun context (poet/painter/place/horse)
uc1.b4931236,1979,book,"David Garrick, a critical biography / by George Winchester Stone, Jr. and George M. Kahrl.",book: brand name with no gun context (poet/painter/place/horse)
mdp.49015000876483,1979,book,"David Garrick, a critical biography / by George Winchester Stone, Jr. and George M. Kahrl.",book: brand name with no gun context (poet/painter/place/horse)
mdp.39015007702809,1961,book,"David Garrick, director / [by] Kalman A. Burnim. With a foreword by Geo. Winchester Stone, Jr.",book: brand name with no gun context (poet/painter/place/horse)
mdp.39015005266211,1961,book,"David Garrick, director / with a foreword by Geo. Winchester Stone, Jr.",book: brand name with no gun context (poet/painter/place/horse)
uc1.32106001686234,1961,book,"David Garrick, director / with a foreword by Geo. Winchester Stone, Jr.",book: brand name with no gun context (poet/painter/place/horse)
mdp.39015010530692,1968,book,De Staël Du Pont letters; correspondence of Madame de Staël and Pierre Samuel Du Pont de Nemours and of other members of the Necker and Du Pont families / Edited and translated by James F. Marshall.,book: no firearm word or gun-context brand in title
uc1.$b713439,1968,book,De Staël Du Pont letters; correspondence of Madame de Staël and Pierre Samuel Du Pont de Nemours and of other members of the Necker and Du Pont families / Edited and translated by James F. Marshall.,book: no firearm word or gun-context brand in title
mdp.39015012886456,1970,book,"Dear John, dear Coltrane / poems by Michael S. Harper.",book: no firearm word or gun-context brand in title
uiug.30112014285180,1970,book,Dearest Isa; Robert Browning's letters to Isabella Blagden. Edited and with an introd. by Edward C. McAleer.,book: brand name with no gun context (poet/painter/place/horse)
wu.89091239095,1978,book,Deletion mutants in the region of the origin of replication of bacteriophage lambda : construction and functional analysis / by Kelly Kruger.,book: no firearm word or gun-context brand in title
mdp.39015004741776,1939,book,"Deplorable and impious homicide committed by Guido Franceschini against Pietro Comparini, Violante Comparini and Pompilia their accredited daughter / translated by E.H. Yarrill...with an introduction by William O. Raymond...Being Baylor University's Browning interests, series eleven.",book: brand name with no gun context (poet/painter/place/horse)
uc1.c2933178,1958,book,Design and control of strip-beam electron guns / by Kenneth Charles Tucker.,book: gun word is physics or a personal name
mdp.39015046287382,1978,book,Dictionary of twentieth century Italian violin makers / by Marlin Brinser.,book: brand name with no gun context (poet/painter/place/horse)
wu.89093697647,1941,book,Differences in Marlins based on weights and measurements / J.T. Nichols and Francesca R. LaMonte.,book: no firearm word or gun-context brand in title
mdp.39015000888183,1977,book,Differential treatment of drug and alcohol abusers / edited by Carl S. Davis and Marlin Ruth Schmidt ; written by Herbert Cross [and others].,book: brand name with no gun context (poet/painter/place/horse)
mdp.39015072146668,1970,book,Dimensions of nutrition : Proceedings of a conference held at Colorado State University by the Colorado Dietetic Association to commemorate its 40th anniversary / Edited by Jacqueline Dupont.,book: no firearm word or gun-context brand in title
ncs1.ark:/13960/t6f19m74r,1950,book,"Direct colors on cotton / E.I. du Pont de Nemours & Company, Organic Chemicals Department, Dyestuffs Division.",book: no firearm word or gun-context brand in title
nyp.33433093140642,1972,book,"Donaldson. [Genealogical notes on the Donaldson family and its maternal lines, Macfarland, Winchester, Johnston and Dorsey.]",book: brand name with no gun context (poet/painter/place/horse)
mdp.39015027228421,1972,book,Downtown is / by Dawn C. Thomas. Paintings by Colleen Browning.,book: brand name with no gun context (poet/painter/place/horse)
uc1.b3437881,1977,book,"Du Pont de Nemours : apostle of liberty and the promised land / by Pierre Jolly ; translated from the French with some additional paragraphs concerning the historical personages and the happenings mentioned therein composed by the translator, Elise Du Pont Elrick.",book: no firearm word or gun-context brand in title
mdp.39015084454423,1952,book,"Du Pont, the autobiography of an American enterprise; the story of E. I. du Pont de Nemours & Company, published in commemoration of the 150th anniversary of the founding of the company on July 19, 1802.",book: no firearm word or gun-context brand in title
umn.319510007160189,1952,book,"Du Pont, the autobiography of an American enterprise; the story of E. I. du Pont de Nemours & Company, published in commemoration of the 150th anniversary of the founding of the company on July 19, 1802.",book: no firearm word or gun-context brand in title
cub.p101171302003,1952,book,"Du Pont, the autobiography of an American enterprise; the story of E. I. du Pont de Nemours & Company, published in commemoration of the 150th anniversary of the founding of the company on July 19, 1802.",book: no firearm word or gun-context brand in title
mdp.39076005592055,1972,book,Du Pont--the story of a company town / by May G. Munyan. Introd. by Frank L. Green.,book: no firearm word or gun-context brand in title
mdp.39015010681297,1942,book,Du Pont; one hundred and forty years / by William S. Dutton.,book: no firearm word or gun-context brand in title
mdp.39015077928805,1942,book,Du Pont; one hundred and forty years / by William S. Dutton.,book: no firearm word or gun-context brand in title
wu.89059301747,1942,book,Du Pont; one hundred and forty years / by William S. Dutton.,book: no firearm word or gun-context brand in title
pst.000050817870,1942,book,Du Pont; one hundred and forty years / by William S. Dutton.,book: no firearm word or gun-context brand in title
coo.31924002464042,1951,book,Du Pont; one hundred and forty years.,book: no firearm word or gun-context brand in title
uva.x004623169,1967,book,"Dupont Circle, Washington, D.C., by George J. Olszewski.",book: no firearm word or gun-context brand in title
uiug.30112000643640,1952,book,"Dupont, the autobiography of an American enterprise.",book: no firearm word or gun-context brand in title
mdp.39015004068675,1966,book,"Earthly paradise; an autobiography / drawn from her lifetime writings by Robert Phelps. Translated by Herma Briffault, Derek Coltman, and others.",book: no firearm word or gun-context brand in title
mdp.39015011239970,1966,book,"Earthly paradise; an autobiography / drawn from her lifetime writings by Robert Phelps. Translated by Herma Briffault, Derek Coltman, and others.",book: no firearm word or gun-context brand in title
uc1.31822008702953,1979,book,"Ecology and growth of juvenile California spiny lobster, 'Panulirus interruptus' (Randall) / by John Marlin Engle",book: brand name with no gun context (poet/painter/place/horse)
mdp.39015007901021,1968,book,Edgard Varèse / Translated from the French by Derek Coltman.,book: no firearm word or gun-context brand in title
pst.000031636049,1970,book,Effective speaking : a complete course / [by] Arthur N. Kruger.,book: no firearm word or gun-context brand in title
uc1.31210018662138,1979,book,"Effects of point-source discharges and other inputs on water quality in Budd Inlet, Washington / by Dan M. Kruger.",book: no firearm word or gun-context brand in title
uc1.31822010662419,1979,book,Eleatic and Platonic semantics / by Eve Anne Browning,book: brand name with no gun context (poet/painter/place/horse)
uiug.30112089512211,1949,book,Electron guns for an 80 mev. synchrotron / [by] J.M. Lafferty and H.C. Pollock.,book: gun word is physics or a personal name
mdp.49015000999921,1972,book,Elizabeth Barrett Browning / by Virginia L. Radley.,book: brand name with no gun context (poet/painter/place/horse)
inu.30000011901216,1952,book,"Elizabeth Barrett Browning, a life.",book: brand name with no gun context (poet/painter/place/horse)
mdp.39015008883749,1952,book,"Elizabeth Barrett Browning, a life.",book: brand name with no gun context (poet/painter/place/horse)
uc1.b3553520,1973,book,"Elizabeth Barrett and the ""Centurion"" : the background to an addition to the Elizabeth Barrett Browning canon / by Robert W. Gladish",book: brand name with no gun context (poet/painter/place/horse)
uc1.b4105488,1955,book,Elizabeth Barrett to Mr. Boyd; unpublished letters of Elizabeth Barrett Browning to Hugh Stuart Boyd. Introduced and edited by Barbara P. McCarthy.,book: brand name with no gun context (poet/painter/place/horse)
uc1.31822043192152,1936,book,"Ellen Browning Scripps, 1836-1936",book: brand name with no gun context (poet/painter/place/horse)
mdp.39015076386500,1959,book,"Ellen Browning Scripps, woman of vision.",book: brand name with no gun context (poet/painter/place/horse)
mdp.39015025921902,1964,book,"En souvenir: the Du Pont family during an era of transition, 1763-1826.",book: no firearm word or gun-context brand in title
coo.31924014066348,1945,book,"English domestic needlework of the XVI, XVII, and XVIII centuries, by Preston Remington, curator of renaissance and modern art.",book: brand name with no gun context (poet/painter/place/horse)
uc1.31158006479538,1973,book,English poetry from Blake to Browning.,book: brand name with no gun context (poet/painter/place/horse)
uc1.b4147851,1974,book,"Environmental steel; pollution in the iron and steel industry, researched and written by James S. Cannon. Edited by Jean M. Halloran. Assisted by Joseph Adams. Advisors: Alice Tepper Marlin [and] Stephen Moody.",book: brand name with no gun context (poet/painter/place/horse)
uc1.x28766,1966,book,Enzymic browning in peaches.,book: brand name with no gun context (poet/painter/place/horse)
mdp.39015035564148,1970,book,Every man heart lay down / by Lorenz Graham. Pictures by Colleen Browning.,book: brand name with no gun context (poet/painter/place/horse)
dul1.ark:/13960/s2gfw530xnn,1962,book,"Excavations at Nessana [conducted by Harris Dunscombe Colt, Jr.]",book: brand name with no gun context (poet/painter/place/horse)
dul1.ark:/13960/s2m2fwd2fhd,1962,book,"Excavations at Nessana [conducted by Harris Dunscombe Colt, Jr.]",book: brand name with no gun context (poet/painter/place/horse)
dul1.ark:/13960/s2b4tpq0rmp,1962,book,"Excavations at Nessana [conducted by Harris Dunscombe Colt, Jr.]",book: brand name with no gun context (poet/painter/place/horse)
mdp.39015010705179,1962,book,"Excavations at Nessana [conducted by Harris Dunscombe Colt, Jr.]",book: brand name with no gun context (poet/painter/place/horse)
uc1.31175027796518,1976,book,Experimental facilities for the conduct of bioassay and growth studies for fish and other aquatic animals / by John Colt and George Tchobanoglous.,book: brand name with no gun context (poet/painter/place/horse)
mdp.39015015178323,1980,book,"Experimental organic chemistry / H. Dupont Durst, George W. Gokel.",book: no firearm word or gun-context brand in title
wu.89038762522,1972,book,Experiments and principles of systems engineering. Edited by Marlin H. Mickle [and others],book: brand name with no gun context (poet/painter/place/horse)
uc1.$b74136,1938,book,"Exterior ballistics; a reprint of chapter x, Exterior ballistics, and chapter XII, Bombing from airplanes, from Elements of ordnance, prepared under the direction of Lieutenant Colonel Thomas J. Hayes ...",book: no firearm word or gun-context brand in title
uc1.c2944481,1962,book,External control of xenon induced flux oscillations in nuclear reactors / by Gary Marlin Sandquist.,book: brand name with no gun context (poet/painter/place/horse)
coo.31924003615907,1971,book,Factors affecting the browning of Tren (apple juice-egg drink),book: brand name with no gun context (poet/painter/place/horse)
pst.000004329527,1977,book,"Favorite Vermont ski inns & lodging guide / Janet Colter, Rudyard Colter ; illustrated by Janet Colter.",book: no firearm word or gun-context brand in title
uc1.31210001704426,1939,book,"Federal military intervention in civil disturbances, by Marlin S. Reichley.",book: brand name with no gun context (poet/painter/place/horse)
umn.31951000011629i,1979,book,Financial management for the hospitality industry / Michael M. Coltman.,book: no firearm word or gun-context brand in title
coo.31924020578518,1935,book,"Fine French and English furniture; important bronzes: a Houdin ""Sabine"" bust, Rodin & Barye works, three Remington equestrian groups, sold by order of the noted explorer Harold McCracken.  Valuable Brussels and Aubusson tapestries ... property of the estate of the late Emma Rockefeller McAlpin ... C",book: brand name with no gun context (poet/painter/place/horse)
inu.30000084069529,1961,book,"First three wagon trains: to California, 184l, to Oregon, 1842, to Washington, 1853, by John Bidwell, Hubert Howe Bancroft [and] James Longmire. Pictures by Frederic Remington and others.",book: brand name with no gun context (poet/painter/place/horse)
uva.35007000986434,1980,book,"Fisheries of the North Pacific : history, species gear & processes / by Robert J. Browning ; with editorial assistance and review by Bruce J. Cole ... [et al.]",book: brand name with no gun context (poet/painter/place/horse)
mdp.39076006485978,1974,book,"Fisheries of the North Pacific: history, species, gear & processes / by Robert J. Browning. With editorial assistance and review by Dayton L. Alverson [and others.",book: brand name with no gun context (poet/painter/place/horse)
mdp.39015015683827,1965,book,"Five artists of the Old West: George Catlin, Karl Bodmer, Alfred Jacob Miller, Charles M. Russell [and] Frederic Remington / by Clide Hollmann. With reproductions of the artists' paintings.",book: brand name with no gun context (poet/painter/place/horse)
mdp.39015000519051,1974,book,"Flannery O'Connor / [by] Preston M. Browning, Jr. With a pref. by Harry T. Moore.",book: brand name with no gun context (poet/painter/place/horse)
mdp.39015002150657,1974,book,"Flannery O'Connor / [by] Preston M. Browning, Jr. With a pref. by Harry T. Moore.",book: brand name with no gun context (poet/painter/place/horse)
uc1.31970029595177,1980,book,"Food habits of California upland game birds / by William E. Grenfell, Bruce M. Browning, and Walter E. Stienecker",book: brand name with no gun context (poet/painter/place/horse)
uc1.c2870891,1952,book,Foraminifera from the Upper Santa Susana shale / by John Leverett Browning.,book: brand name with no gun context (poet/painter/place/horse)
mdp.39015005010072,1965,book,Forever in joy : the life of Robert Browning / by Rosemary Sprague.,book: brand name with no gun context (poet/painter/place/horse)
mdp.39015024455571,1940,book,"Forty years with Russians / by Ethan T. Colton, foreword by John R. Mott.",book: no firearm word or gun-context brand in title
uiug.30112106772418,1968,book,Fossil marine mammals from the Miocene Calvert Formation of Maryland and Virginia / Remington Kellogg.,book: brand name with no gun context (poet/painter/place/horse)
uiug.30112106772426,1968,book,Fossil marine mammals from the Miocene Calvert Formation of Maryland and Virginia / Remington Kellogg.,book: brand name with no gun context (poet/painter/place/horse)
uiug.30112106772434,1968,book,Fossil marine mammals from the Miocene Calvert Formation of Maryland and Virginia / Remington Kellogg.,book: brand name with no gun context (poet/painter/place/horse)
osu.32435029595618,1968,book,Fossil marine mammals from the Miocene Calvert Formation of Maryland and Virginia / Remington Kellogg.,book: brand name with no gun context (poet/painter/place/horse)
osu.32435075234617,1968,book,Fossil marine mammals from the Miocene Calvert Formation of Maryland and Virginia / Remington Kellogg.,book: brand name with no gun context (poet/painter/place/horse)
umn.31951001068076w,1978,book,Four experiments on underlining as a review aid for college students / by William Graham Browning.,book: brand name with no gun context (poet/painter/place/horse)
uc1.$b362852,1947,book,"Frederic Remington : (bibliographical check list) and more fact and fiction of the old West and the wild West / Mannados Bookshop, E. W. Latendorf.",book: brand name with no gun context (poet/painter/place/horse)
txu.059173023505317,1971,book,Frederic Remington and the Spanish-American War.,book: brand name with no gun context (poet/painter/place/horse)
mdp.39015033270995,1971,book,Frederic Remington and the Spanish-American War.,book: brand name with no gun context (poet/painter/place/horse)
mdp.39015011680801,1978,book,Frederic Remington and the West : with the eye of the mind / by Ben Merchant Vorpahl.,book: brand name with no gun context (poet/painter/place/horse)
mdp.39015017652374,1960,book,Frederic Remington's own West / written and illustrated by Frederic Remington ; edited and with an introduction by Harold McCracken.,book: brand name with no gun context (poet/painter/place/horse)
uva.x000610135,1960,book,Frederic Remington's own West / written and illustrated by Frederic Remington ; edited and with an introduction by Harold McCracken.,book: brand name with no gun context (poet/painter/place/horse)
uc1.$b362851,1943,book,"Frederic Remington, a painter of American life ...",book: brand name with no gun context (poet/painter/place/horse)
wu.89086115052,1947,book,"Frederic Remington, artist of the Old West : with a bibliographical check list of Remington pictures and books, Introd. by James Chillman, Jr.",book: brand name with no gun context (poet/painter/place/horse)
uva.x001045959,1947,book,"Frederic Remington, artist of the Old West;",book: brand name with no gun context (poet/painter/place/horse)
uc1.31822006017578,1947,book,"Frederic Remington, artist of the Old West; with a bibliographical check list of Remington pictures and books.  Introd. by James Chillman, Jr",book: brand name with no gun context (poet/painter/place/horse)
mdp.49015002662279,1978,book,"Frederic Remington, the American West : an official publication of the American Museum of Natural History / selected and edited by Philip R. St. Clair.",book: brand name with no gun context (poet/painter/place/horse)
mdp.39015014426111,1943,book,"Frederic, Remington, a painter of American life.",book: brand name with no gun context (poet/painter/place/horse)
wu.89050668078,1943,book,"Frederic, Remington, a painter of American life.",book: brand name with no gun context (poet/painter/place/horse)
cub.u183073495541,1955,book,Fur bearers of Colorado / by Jack D. Remington.,book: brand name with no gun context (poet/painter/place/horse)
uva.x006119456,1977,book,G. Ruger Donoho (1857-1916) : a retrospective exhibition.,book: brand name with no gun context (poet/painter/place/horse)
wu.89066147554,1979,book,"Gardner and allied families : Brown, Carson, Clyburn, Du Pont, Guerri, Guild, Ingram, Knight, Michau, Ogburn, Plyler, Rembert, Wells, Welsh / by William Leonard Gardner.",book: no firearm word or gun-context brand in title
mdp.39015008805858,1971,book,Gates to Asia: a diary from a long journey / [by] Jan Myrdal and Gun Kessle. Translated from the Swedish by Paul Britten Austin.,book: gun word is physics or a personal name
nyp.33433085501074,1962,book,Genealogy of the Trainer-Booth families / compiled by Caroline Okie Browning Trainer.,book: brand name with no gun context (poet/painter/place/horse)
nyp.33433068135056,1943,book,"Genealogy of the du Pont family, 1739-1949.",book: no firearm word or gun-context brand in title
nyp.33433068135064,1943,book,"Genealogy of the du Pont family, 1739-1949.",book: no firearm word or gun-context brand in title
mdp.39015039699908,1933,book,"General synopsis of treaties of arbitration, conciliation, judicial settlement, security and disarmament, actually in force between countries invited to the disarmament conference / by Francis Colt De Wolf.",book: brand name with no gun context (poet/painter/place/horse)
uc1.b4385924,1973,book,"Generative man: psychoanalytic perspectives, by Don S. Browning.",book: brand name with no gun context (poet/painter/place/horse)
mdp.39015002646928,1973,book,"Generative man: psychoanalytic perspectives, by Don S. Browning.",book: brand name with no gun context (poet/painter/place/horse)
mdp.39015003826180,1973,book,"Generative man: psychoanalytic perspectives, by Don S. Browning.",book: brand name with no gun context (poet/painter/place/horse)
wu.89031195688,1977,book,Genetics : a survey of the principles of heredity / A. M. Winchester.,book: brand name with no gun context (poet/painter/place/horse)
mdp.39015000286248,1972,book,Genetics: a survey of the principles of heredity / [by] A. M. Winchester.,book: brand name with no gun context (poet/painter/place/horse)
mdp.39015015217717,1966,book,Genetics; a survey of the principles of heredity / [by] A.M. Winchester.,book: brand name with no gun context (poet/painter/place/horse)
mdp.39015008508114,1971,book,"German baroque poetry, 1618-1723 / [by] Robert M. Browning.",book: brand name with no gun context (poet/painter/place/horse)
mdp.39015002282245,1978,book,German poetry in the Age of the Enlightenment : from Brockes to Klopstock / Robert M. Browning.,book: brand name with no gun context (poet/painter/place/horse)
uva.x000164118,1978,book,German poetry in the Age of the Enlightenment : from Brockes to Klopstock / Robert M. Browning.,book: brand name with no gun context (poet/painter/place/horse)
uc1.b4951487,1978,book,German poetry in the Age of the Enlightenment : from Brockes to Klopstock / Robert M. Browning.,book: brand name with no gun context (poet/painter/place/horse)
mdp.39015063185873,1941,book,"Glory, glory, hallelujah! / by Irvin S. Cobb ; illustrated by F.R. Gruger.",book: no firearm word or gun-context brand in title
uc1.$b248909,1941,book,"Glory, glory, hallelujah! / by Irvin S. Cobb ; illustrated by F.R. Gruger.",book: no firearm word or gun-context brand in title
uc1.31175005434124,1980,book,"Gnomic poetry in Anglo-Saxon / edited with introduction, notes and glossary by Blanche Colton Williams.",book: no firearm word or gun-context brand in title
mdp.39015015665162,1979,book,Gothic painting / text by Jacques Dupont and Cesare Gnudi ; [translated by Stuart Gilbert].,book: no firearm word or gun-context brand in title
mdp.39015000960156,1940,book,"Graphs, how to make and use them / by Herbert Arkin and Raymond R. Colton.",book: no firearm word or gun-context brand in title
uc1.$b546137,1936,book,"Graphs, how to make and use them, by Herbert Arkin ... and Raymond R. Colton ...",book: no firearm word or gun-context brand in title
mdp.39015068103038,1936,book,"Graphs, how to make and use them, by Herbert Arkin ... and Raymond R. Colton ...",book: no firearm word or gun-context brand in title
mdp.39015030932209,1933,book,"Great American short stories : O. Henry Memorial Prize winning stories, 1919-1932 / with an introduction by Blanche Colton Williams.",book: no firearm word or gun-context brand in title
uiug.30112029043384,1972,book,"Guide for municipal zoning administration, with forms, by R. Marlin Smith, Clyde W. Forrest and Eric C. Freund.",book: brand name with no gun context (poet/painter/place/horse)
wu.89066144783,1979,book,"Gumption : being a genealogical and historical perspective of the ancestors of Howard Remington Furman, Sr. / [compiled by Howard Remington Furman, Jr.]",book: brand name with no gun context (poet/painter/place/horse)
uc1.32106010257621,1976,book,HDC recommendations submitted to the City of Santa Cruz Housing Advisory Committee / prepared by Scott Coltrane.,book: no firearm word or gun-context brand in title
uiug.30112088952277,1955,book,"Handbook of favorite dances, compiled and arranged by Ed and Elsie Bossing. Illus. by Frank Colton.",book: no firearm word or gun-context brand in title
coo.31924009728910,1940,book,"Handbook of northern Arizona pottery wares, by Harold Sellers Colton and Lyndon Lane Hargrave. Supplement no. 1.  Colored plates of San Juan red ware and Tsegi orange ware, by Virgil Hubert.",book: no firearm word or gun-context brand in title
coo.31924090189279,1978,book,He saw a hummingbird / Norma Lee Browning and Russell Ogg.,book: brand name with no gun context (poet/painter/place/horse)
uc1.x14355,1979,book,High pressure liquid chromatographic separation of amadori compounds in model maillard browning systems.,book: brand name with no gun context (poet/painter/place/horse)
wu.89067597054,1975,book,"History of Winchester, Massachusetts / Henry Smith Chapman ; drawings by W. H. W. Bicknell.",book: brand name with no gun context (poet/painter/place/horse)
wu.89067597062,1975,book,"History of Winchester, Massachusetts / Henry Smith Chapman ; drawings by W. H. W. Bicknell.",book: brand name with no gun context (poet/painter/place/horse)
ien.35556006727671,1976,book,Homage to Robert Browning / by Aleph Tanner.,book: brand name with no gun context (poet/painter/place/horse)
coo.31924001677909,1979,book,Homotopy types of certain finite cw-complexes with finite fundamental group / by Wesley James Browning.,book: brand name with no gun context (poet/painter/place/horse)
wu.89075350926,1938,book,"Hoofbeats : drawings and comments / by Warren T. Halpin. Introductions: Polo, by Stewart B. Iglehart; Hunting, by Henry G. Vaughan; Steeplechasing, by William Du Pont, Jr.",book: no firearm word or gun-context brand in title
pst.000027594711,1978,book,Hospitality management accounting / Michael M. Coltman.,book: no firearm word or gun-context brand in title
cub.u183001047819,1954,book,How do I love thee? / by Norman Dello Joio ; text adapted from the poem by Elizabeth B. Browning.,book: brand name with no gun context (poet/painter/place/horse)
mdp.39015027614299,1953,book,How do I love thee? The story of Elizabeth Barrett Browning.,book: brand name with no gun context (poet/painter/place/horse)
uc1.b4098777,1953,book,How do I love thee? The story of Elizabeth Barrett Browning.,book: brand name with no gun context (poet/painter/place/horse)
uc1.31210005077431,1950,book,How the Du Pont organization appraises its performance:,book: no firearm word or gun-context brand in title
uc1.$b220466,1972,book,How to select/use/troubleshoot cassette and cartridge recorders [by] Murray P. Rosenthal.,book: no firearm word or gun-context brand in title
mdp.39015018098668,1979,book,"How to train singers : featuring illustrated ""natural"" techniques and exercises / Larra Browning Henderson.",book: brand name with no gun context (poet/painter/place/horse)
mdp.39015041886733,1971,book,Human genetics / A. M. Winchester.,book: brand name with no gun context (poet/painter/place/horse)
mdp.39015004323401,1975,book,Human genetics / A. M. Winchester.,book: brand name with no gun context (poet/painter/place/horse)
mdp.39015001651408,1973,book,Human sexuality: nursing implications / Compiled by Mary H. Browning and Edith P. Lewis.,book: brand name with no gun context (poet/painter/place/horse)
mdp.39015002054792,1968,book,"Hurricanes, storms, tornadoes / [by] James H. Winchester.",book: brand name with no gun context (poet/painter/place/horse)
uc1.x28806,1966,book,Hydroxymethylfurfural and furfural browning in sulfured and unsulfured fruit products.,book: brand name with no gun context (poet/painter/place/horse)
uva.x000174079,1980,book,"Images of the past : a photographic review of Winchester and Frederick County, Virginia / photos selected and researched by Michael Foreman ... [et al.].",book: brand name with no gun context (poet/painter/place/horse)
mdp.39015000796865,1976,book,Immunobiology of bone marrow transplantation / edited by Bo Dupont and Robert A. Good.,book: no firearm word or gun-context brand in title
uc1.c3529759,1977,book,Impacts and demand responses of selected traffic management strategies / A.J. Kruger.,book: no firearm word or gun-context brand in title
uc1.c3529760,1977,book,Impacts and demand responses of selected traffic management strategies / A.J. Kruger.,book: no firearm word or gun-context brand in title
wu.89097634513,1935,book,In desert and wilderness / by Henryk Sienkiewicz ; translated from the Polish by Max A. Drezmal ; with illustrations by Remington Schuyler.,book: brand name with no gun context (poet/painter/place/horse)
mdp.39015069745704,1965,book,"In the United States Court of Appeals, United States of America, plaintiff and respondent, v.David Browning, defendant and appellant, no. 19876. Appellant's opening brief: appeal from judgment of the United States District Court, Honorable Bruce H. Thompson, judge. James R. White III, court appointe",book: brand name with no gun context (poet/painter/place/horse)
wu.89042085282,1972,book,In the marketplace; consumerism in America. Edited by editors of Ramparts with Frank Browning.,book: brand name with no gun context (poet/painter/place/horse)
umn.319510000162728,1972,book,In the marketplace; consumerism in America. Edited by editors of Ramparts with Frank Browning.,book: brand name with no gun context (poet/painter/place/horse)
mdp.39015014426129,1961,book,"Inaugural exhibition, January 21, 1961 Selected works [of] Frederic Remington and Charles Marion Russell.",book: brand name with no gun context (poet/painter/place/horse)
mdp.39015036875162,1974,book,Index to 8mm motion cartridges.,book: no firearm word or gun-context brand in title
mdp.39015004198225,1941,book,"Indian-fighting army / [by] Fairfax Downey, illustrated from drawings by Frederic Remington, Charles Schreyvogel and R. F. Zogbaum.",book: brand name with no gun context (poet/painter/place/horse)
buf.39072022051035,1966,book,Individual weapons and marksmanship.,book: no firearm word or gun-context brand in title
mdp.39015000309388,1980,book,"Infections of the gastrointestinal tract : microbiology, pathophysiology, and clinical features / Herbert L. DuPont and Larry K. Pickering.",book: no firearm word or gun-context brand in title
uc1.b4333525,1976,book,Infectious diseases of the fetus and newborn infant / edited by Jack S. Remington and Jerome O. Klein,book: brand name with no gun context (poet/painter/place/horse)
mdp.39015000266018,1976,book,Infectious diseases of the fetus and newborn infant / edited by Jack S. Remington and Jerome O. Klein,book: brand name with no gun context (poet/painter/place/horse)
uc1.x30537,1971,book,Influence of the browning reaction on the availability of amino acids to microorganisms.,book: brand name with no gun context (poet/painter/place/horse)
mdp.49015000142035,1973,book,Instructor's manual to accompany methods of social research by Kenneth D. Bailey / Jill Kiecolt.,book: no firearm word or gun-context brand in title
mdp.39015003436246,1973,book,Instrumentation in applied nuclear chemistry / Edited by Jan Krugers. Contributors: Joel B. Ayers [and others],book: no firearm word or gun-context brand in title
coo.31924004702647,1962,book,"Instrumentation scale-up from laboratory to pilot plant to production : proceedings of the 1962 symposium, April 9-10, 1962, Du Pont Country Club, Wilmington, Delaware / sponsored by Instrument Society of America, Wilmington Section.",book: no firearm word or gun-context brand in title
mdp.39015035214801,1977,book,Integral operator methods in the theory of wave propagation and heat conduction / by David Colton.,book: no firearm word or gun-context brand in title
uiug.30112101465380,1978,book,"Interim report, September 25, 1978 / principal investigator, Richard D. Remington.",book: brand name with no gun context (poet/painter/place/horse)
uc1.x30346,1969,book,Internal browning of Thompson seedless grapes as influenced by growth regulator treatment and storage.,book: brand name with no gun context (poet/painter/place/horse)
uc1.b4579836,1969,book,"Interrogating the oracle; a history of the London Browning Society, by William S. Peterson.",book: brand name with no gun context (poet/painter/place/horse)
mdp.39015002672486,1969,book,"Interrogating the oracle; a history of the London Browning Society, by William S. Peterson.",book: brand name with no gun context (poet/painter/place/horse)
mdp.39015032328190,1934,book,Intimate glimpses from Browning's letter file : selected from letters in the Baylor University Browning collection / assembled by A. Joseph Armstrong ; with an introd. by Roland A. Young.,book: brand name with no gun context (poet/painter/place/horse)
mdp.39015064403507,1936,book,Introduction to college physics / [by] John Remington Hobbie.,book: brand name with no gun context (poet/painter/place/horse)
uc1.b3754067,1964,book,"Introduction to infrared and Raman spectroscopy [by] Norman B. Colthup, Lawrence H. Daly [and] Stephen E. Wiberley.",book: no firearm word or gun-context brand in title
mdp.39015016059761,1972,book,Introduction to molecular energies and spectra / [by] Marlin D. Harmony.,book: brand name with no gun context (poet/painter/place/horse)
mdp.39015000449390,1965,book,Introduction to physical gas dynamics. By Walter G. Vincenti and Charles H. Kruger.,book: no firearm word or gun-context brand in title
hvd.hn2y51,1947,book,"Irénée Bonfils [on the religion of his forefathers and of our forefathers] Published in Paris 1808, translated by Pierre S. Du Pont.",book: no firearm word or gun-context brand in title
uc1.$b580723,1961,book,"Issues, problems & approaches in the teaching of English, edited by George Winchester Stone, Jr.",book: brand name with no gun context (poet/painter/place/horse)
mdp.39076006084938,1977,book,"J. A. M., Junior Art Museum / Lynn R. Colter.",book: no firearm word or gun-context brand in title
nyp.33333080762616,1954,book,Jaro and the golden colt / by Margaret Phelps ; illustrated by Evelyn Copelman.,book: brand name with no gun context (poet/painter/place/horse)
pst.000053749468,1973,book,Jesus and the nonviolent revolution. / Translated by Michael H. Shank and Marlin E. Miller. With introd. by Marlin E. Miller.,book: brand name with no gun context (poet/painter/place/horse)
mdp.39015057494257,1976,book,John Coltrane / by Bill Cole.,book: no firearm word or gun-context brand in title
mdp.39015007946380,1976,book,John Coltrane / by Bill Cole.,book: no firearm word or gun-context brand in title
uc1.$b539219,1940,book,"John White Geary, soldier-statesman, 1819-1873, by Harry Marlin Tinkcom.",book: brand name with no gun context (poet/painter/place/horse)
mdp.39015037504886,1969,book,"John of Mirfield (d. 1407). Surgery. A translation of his Breviarium Bartholomei, pt. IX / by James B. Colton, 2nd. With an introd. by Frank B. Berry.",book: no firearm word or gun-context brand in title
mdp.39015028780537,1975,book,"Joint lives, Elizabeth Barrett and Robert Browning : a selection of works from the Henry W. and Albert A. Berg Collection of English and American Literature / [compiled] by John D. Gordan ; with a foreword by Lola L. Szladits.",book: brand name with no gun context (poet/painter/place/horse)
mdp.39076002198575,1957,book,King Oberon's forest / by Hilda van Stockum ; illustrated by Brigid Marlin.,book: brand name with no gun context (poet/painter/place/horse)
osu.32435070718366,1955,book,Knock 'em dead / Jack Karney. Point of no escape / Mel Colton.,book: no firearm word or gun-context brand in title
mdp.39015012077346,1971,book,"LTA's - their teachers, their training; proceedings of the Council on Library Technology (COLT) Central Regional Workshop, held February 5 and 6, 1971 / Edited by Richard L. Taylor.",book: brand name with no gun context (poet/painter/place/horse)
uva.x001030437,1978,book,Landscaping with native plants in the Middle-Atlantic region / Elizabeth N. Dupont ; technical ill. by Stephen Kuter ; native plant drawings by Jane H. Scott ; photography by Susan Andreen ; [edited and designed by Wick Williams].,book: no firearm word or gun-context brand in title
uva.x000680645,1966,book,Later writings / by Karl Rahner ; translated by Karl-H. Kruger.,book: no firearm word or gun-context brand in title
uc1.c2932971,1958,book,Law and feud in an aboriginal society of North Australia / by Arnold Remington Pilling.,book: brand name with no gun context (poet/painter/place/horse)
wu.89038844080,1973,book,Lectures on electrochemical corrosion [by] Marcel Pourbaix. Translated by J. A. S. Green. Translation edited by Roger W. Staehle. With a foreword by Jerome Kruger.,book: no firearm word or gun-context brand in title
uc1.c2946022,1961,book,Leisure and social structure / by Waltraut Marga Feindt Browning.,book: brand name with no gun context (poet/painter/place/horse)
mdp.39015032392899,1936,book,"Letters from Owen Meredith (Robert, first earl of Lytton) to Robert and Elizabeth Barrett Browning / edited by Aurelia Brooks Harlan and J. Lee Harlan, Jr. Being Baylor university's Browning interests, series ten.",book: brand name with no gun context (poet/painter/place/horse)
uc1.b3548133,1936,book,"Letters from Owen Meredith (Robert, first earl of Lytton) to Robert and Elizabeth Barrett Browning / edited by Aurelia Brooks Harlan and J. Lee Harlan, Jr. Being Baylor university's Browning interests, series ten.",book: brand name with no gun context (poet/painter/place/horse)
mdp.39015031242137,1937,book,"Letters from Owen Meredith (Robert, first earl of Lytton) to Robert and Elizabeth Barrett Browning / edited by Aurelia Brooks Harlan and J. Lee Harlan, jr.",book: brand name with no gun context (poet/painter/place/horse)
uc1.$b683256,1933,book,"Letters of Robert Browning, collected by Thomas J. Wise, edited with an introduction and notes by Thurman L. Hood.",book: brand name with no gun context (poet/painter/place/horse)
mdp.39015002672502,1933,book,"Letters of Robert Browning, collected by Thomas J. Wise, edited with an introduction and notes by Thurman L. Hood.",book: brand name with no gun context (poet/painter/place/horse)
uc1.$b90,1966,book,"Léon Blum, humanist in politics [by] Joel Colton.",book: no firearm word or gun-context brand in title
mdp.39015046376961,1966,book,"Léon Blum, humanist in politics [by] Joel Colton.",book: no firearm word or gun-context brand in title
mdp.39015010831306,1966,book,"Léon Blum, humanist in politics [by] Joel Colton.",book: no firearm word or gun-context brand in title
wu.89066029026,1969,book,"Lineage of Chovine Richardson Clark, Manning, South Carolina. On father's side: Clark, DuPont, Guerry, Graves, Kimmel, Long, Perdriau, Phillips. On mother's side: Benbow, Billups, Humphrey, Richardson. By Chovine R. Clark.",book: no firearm word or gun-context brand in title
coo.31924002810178,1963,book,Living flowers that last : A National symposium / By A. F. DeWerth [and others] Edited by Marlin N. Rogers.,book: brand name with no gun context (poet/painter/place/horse)
mdp.39076002202179,1961,book,Lonesome little colt / by C.W. Anderson.,book: brand name with no gun context (poet/painter/place/horse)
uc1.32106002179056,1974,book,Lookout cartridge.,book: no firearm word or gun-context brand in title
inu.30000007063427,1946,book,"Love poems of Elizabeth Barrett Browning and Robert Browning; selected, and with a foreword, by Louis Untermeyer.",book: brand name with no gun context (poet/painter/place/horse)
mdp.39015002335092,1973,book,Malevil / Translated from the French by Derek Coltman.,book: no firearm word or gun-context brand in title
uc1.b3997309,1966,book,Man and international relations; contributions of the social sciences to the study of conflict and integration [compiled by] J. K. Zawodny. With the editorial assistance of Aina Z. B. Kruger. Foreword by Ernest R. Hilgard.,book: no firearm word or gun-context brand in title
uc1.b3989187,1966,book,Man and international relations; contributions of the social sciences to the study of conflict and integration [compiled by] J. K. Zawodny. With the editorial assistance of Aina Z. B. Kruger. Foreword by Ernest R. Hilgard.,book: no firearm word or gun-context brand in title
mdp.39015008867098,1966,book,Man and international relations; contributions of the social sciences to the study of conflict and integration [compiled by] J. K. Zawodny. With the editorial assistance of Aina Z. B. Kruger. Foreword by Ernest R. Hilgard.,book: no firearm word or gun-context brand in title
mdp.39015008867080,1966,book,Man and international relations; contributions of the social sciences to the study of conflict and integration [compiled by] J. K. Zawodny. With the editorial assistance of Aina Z. B. Kruger. Foreword by Ernest R. Hilgard.,book: no firearm word or gun-context brand in title
uva.x000221468,1963,book,Man in the church / by Karl Rahner ; translated by Karl-H. Kruger.,book: no firearm word or gun-context brand in title
uva.x000386211,1963,book,Man in the church / by Karl Rahner ; translated by Karl-H. Kruger.,book: no firearm word or gun-context brand in title
uc1.b4151983,1970,book,"Marine mammals, by Earl L. Packard, Remington Kellogg, and Ernst Huber.",book: brand name with no gun context (poet/painter/place/horse)
mdp.39015029155101,1942,book,Marling hall / by Angela Thirkell.,book: no firearm word or gun-context brand in title
mdp.39015048141652,1980,book,"Mary Colter, builder upon the red earth / by Virginia L. Grattan.",book: no firearm word or gun-context brand in title
uc1.31822010267383,1980,book,"Mary Colter, builder upon the red earth / by Virginia L. Grattan.",book: no firearm word or gun-context brand in title
uc1.b2500973,1980,book,"Mary Colter, builder upon the red earth / by Virginia L. Grattan.",book: no firearm word or gun-context brand in title
mdp.39015000786171,1973,book,Maternal and newborn care: nursing interventions / Compiled by Mary H. Browning and Edith P. Lewis. -,book: brand name with no gun context (poet/painter/place/horse)
mdp.39015017344451,1944,book,Mathematics for exterior ballistics.,book: no firearm word or gun-context brand in title
wu.89067680652,1944,book,Mathematics for exterior ballistics.,book: no firearm word or gun-context brand in title
uiug.30112101469994,1954,book,Meet the parakeet; preface by R. Marlin Perkins.,book: brand name with no gun context (poet/painter/place/horse)
cub.u183001047990,1954,book,Meeting at night : high / by Norman Dello Joio ; poem by Robert Browning.,book: brand name with no gun context (poet/painter/place/horse)
mdp.39076006030519,1964,book,"Memory: a contribution to experimental psychology / Translated by Henry A. Ruger and Clara E. Bussenius, and with a new introd. by Ernest R. Hilgard.",book: brand name with no gun context (poet/painter/place/horse)
uc1.31822013485602,1973,book,"Men in a developing society : geographic and social mobility in Monterrey, Mexico / Jorge Balán, Harley L. Browning, Elizabeth Jelin ; with the assistance of Waltraut Feindt.",book: brand name with no gun context (poet/painter/place/horse)
uc1.31158000331131,1972,book,Mental retardation and the future / edited by Kevin B. McGovern and Philip L. Browning.,book: brand name with no gun context (poet/painter/place/horse)
uc1.31175000624752,1962,book,Methods in exterior ballistics / by Forest Ray Moulton.,book: no firearm word or gun-context brand in title
mdp.39015069112095,1967,book,Methods of wood chemistry / B. L. Browning.,book: brand name with no gun context (poet/painter/place/horse)
umn.31951000339213c,1967,book,Methods of wood chemistry / B. L. Browning.,book: brand name with no gun context (poet/painter/place/horse)
umn.31951000339214a,1967,book,Methods of wood chemistry / B. L. Browning.,book: brand name with no gun context (poet/painter/place/horse)
uc1.b2887236,1967,book,Methods of wood chemistry / B. L. Browning.,book: brand name with no gun context (poet/painter/place/horse)
uiug.30112106908624,1932,book,Mexican tailless amphibians in the United States National Museum / by Remington Kellogg.,book: brand name with no gun context (poet/painter/place/horse)
coo.31924030397008,1946,book,"Modern economics, its principles and practices, by Justin H. Moore, William H. Steiner, Herbert Arkin [and] Raymond R. Colton.",book: no firearm word or gun-context brand in title
mdp.39015014183738,1939,book,More homage to Browning / illustrated by Enrique Ramírez.,book: brand name with no gun context (poet/painter/place/horse)
uc1.b3553553,1939,book,More homage to Browning / illustrated by Enrique Ramírez.,book: brand name with no gun context (poet/painter/place/horse)
uva.x030796535,1947,book,Mountain pony and the pinto colt;,book: brand name with no gun context (poet/painter/place/horse)
mdp.39015028556010,1972,book,My dear Wister: the Frederic Remington-Owen Wister letters / By Ben Merchant Vorpahl. With a foreword by Wallace Stegner. -,book: brand name with no gun context (poet/painter/place/horse)
uc1.b4374180,1972,book,My dear Wister: the Frederic Remington-Owen Wister letters / By Ben Merchant Vorpahl. With a foreword by Wallace Stegner. -,book: brand name with no gun context (poet/painter/place/horse)
mdp.49015002398437,1955,book,Myths every child should know / Illus. by Colleen Browning.,book: brand name with no gun context (poet/painter/place/horse)
mdp.39015006391273,1968,book,Narrow angle electron guns and cathode ray tubes.,book: gun word is physics or a personal name
uva.x001401444,1968,book,Narrow angle electron guns and cathode ray tubes.,book: gun word is physics or a personal name
uc1.b4445892,1970,book,Nathaniel Hawthorne; an approach to an analysis of artistic creation. Translated from the French by Derek Coltman.,book: no firearm word or gun-context brand in title
mdp.39015002229147,1970,book,Nathaniel Hawthorne; an approach to an analysis of artistic creation. Translated from the French by Derek Coltman.,book: no firearm word or gun-context brand in title
mdp.39015001784266,1970,book,Nathaniel Hawthorne; an approach to an analysis of artistic creation. Translated from the French by Derek Coltman.,book: no firearm word or gun-context brand in title
uc1.c2908679,1956,book,Negative resistance in point-contact semi-conductor devices / by Bradford Eugene Kruger.,book: no firearm word or gun-context brand in title
osu.32435011522141,1971,book,"New poems, by Robert Browning and Elizabeth Barrett Browning. Edited by Sir Frederic G. Kenyon. New York, Macmillan, 1915.",book: brand name with no gun context (poet/painter/place/horse)
mdp.39015048711678,1979,book,Night studies : a novel / by Cyrus Colter.,book: no firearm word or gun-context brand in title
umn.31951d00382063o,1975,book,Non-enzymatic browning kinetics of an intermediate moisture model food system / by Henry Charles Warmbier.,book: brand name with no gun context (poet/painter/place/horse)
miua.4738143.0001.001,1970,book,"Nondestructive activation analysis of environmental samples : technical report / [by] Richard Dams [and] John A. Robbins. John W. Winchester, Project Director.",book: brand name with no gun context (poet/painter/place/horse)
uva.x000605932,1966,book,North Carolina parade; stories of history and people [by] Richard Walser and Julia Montgomery Street.  Illus. by Dixie Burrus Browning.,book: brand name with no gun context (poet/painter/place/horse)
mdp.39015072235206,1974,book,Nursing and the aging patient / compiled by Mary H. Browning.,book: brand name with no gun context (poet/painter/place/horse)
mdp.39015003787549,1973,book,Nursing and the cancer patient / compiled by Mary H. Browning and Edith P. Lewis.,book: brand name with no gun context (poet/painter/place/horse)
mdp.39015074094098,1972,book,Nursing in respiratory diseases / Compiled by Edith P. Lewis and Mary H. Browning.,book: brand name with no gun context (poet/painter/place/horse)
ien.35556021293055,1972,book,"Occupational licensing and public policy / Benjamin Shimberg, Barbara F. Esser, Daniel H. Kruger ; prepared at Educational Testing Service.",book: no firearm word or gun-context brand in title
uva.x000440517,1976,book,"Occupied Winchester, 1861-1865 : prepared for Farmers & Merchants National Bank, Winchester, Virginia / by Garland R. Quarles.",book: brand name with no gun context (poet/painter/place/horse)
mdp.39015016188651,1958,book,Office in the alley; report on a project with gang youngsters / [by] Harold J. Rahm [and] J. Robert Weber. Edited by Bert Kruger Smith.,book: no firearm word or gun-context brand in title
txu.059173026845468,1958,book,Office in the alley; report on a project with gang youngsters / [by] Harold J. Rahm [and] J. Robert Weber. Edited by Bert Kruger Smith.,book: no firearm word or gun-context brand in title
uc1.$b799950,1968,book,"Old Wolfville. Chapters from the fiction of Alfred Henry Lewis, selected and edited with an introd. and commentary by Louis Filler. Illus. by Frederic Remington",book: brand name with no gun context (poet/painter/place/horse)
pst.000015804075,1977,book,Omarr : astrology and the man / Norma Lee Browning.,book: brand name with no gun context (poet/painter/place/horse)
wu.89069665818,1958,book,"On the bloody trail of Geronimo. With the original illus. of Hooper, McDougall, Chapin, Hatfield, and Frederic Remington. Foreword, introd. and notes by Arthur Woodward.",book: brand name with no gun context (poet/painter/place/horse)
uc1.$b683861,1970,book,"On the diction of Tennyson, Browning, and Arnold.",book: brand name with no gun context (poet/painter/place/horse)
pst.000010476833,1970,book,"On the diction of Tennyson, Browning, and Arnold.",book: brand name with no gun context (poet/painter/place/horse)
osu.32435010863371,1980,book,On the hill / Bessie Marlin Mason.,book: brand name with no gun context (poet/painter/place/horse)
uc1.x29258,1957,book,On the mechanism of the browning reaction between ascorbic acid and glycine.,book: brand name with no gun context (poet/painter/place/horse)
wu.89038762258,1972,book,Optimization in systems engineering [by] Marlin H. Mickle and T. W. Sze.,book: brand name with no gun context (poet/painter/place/horse)
coo.31924013042977,1957,book,Organization for instructional supervision in elementary schools [by] Bruce C. Browning [and] Henry J. Otto.,book: brand name with no gun context (poet/painter/place/horse)
uc1.b4723004,1968,book,"Original radio script of Abraham Lincoln : from the Cavalcade of America / presented by Du Pont, Tuesday, February 13th, 1940.",book: no firearm word or gun-context brand in title
uc1.b3286494,1957,book,"Orville H. Browning, Lincoln's friend and critic.",book: brand name with no gun context (poet/painter/place/horse)
uiug.30112041544518,1941,book,Other worlds are empty [by] Marie Moon Winchester.,book: brand name with no gun context (poet/painter/place/horse)
umn.31951d00185697i,1966,book,"Oxidative browning carrots, Daucus Carota.",book: brand name with no gun context (poet/painter/place/horse)
uc1.b3695856,1976,book,"Ozone : analytical aspects & odor control, including abstracts of published articles on odor control with ozone : based on papers presented at a workshop held October 3, 1975, in Miami Beach, Florida / editors, Rip G. Rice, Myron E. Browning ; sponsored by the International Ozone Institute, inc.",book: brand name with no gun context (poet/painter/place/horse)
mdp.39076006201789,1979,book,Palmyra / by Iain Browning.,book: brand name with no gun context (poet/painter/place/horse)
mdp.39015003416453,1973,book,"Partially ionized gases / [by] M. Mitchner [and] Charles H. Kruger, Jr. -",book: no firearm word or gun-context brand in title
uc1.b4143803,1978,book,"Passivity of metals : proceedings of the fourth International Symposium on Passivity / edited by Robert P. Frankenthal, Jerome Kruger.",book: no firearm word or gun-context brand in title
pst.000049262087,1969,book,"Pathfinders of the West : being the thrilling story of the adventures of the men who discovered the great Northwest, Radisson, La Vérendrye, Lewis, and Clark. / Illus. by Remington, Goodwin, Marchand and others.",book: brand name with no gun context (poet/painter/place/horse)
uc1.31175007697587,1977,book,Peacock's Four ages of poetry ; Shelley's Defence of poetry ; Browning's Essay on Shelley / edited by H. F. B. Brett-Smith.,book: brand name with no gun context (poet/painter/place/horse)
wu.89062919774,1976,book,Peter Hurkos : I have many lives / Norma Lee Browning.,book: brand name with no gun context (poet/painter/place/horse)
mdp.39015014339496,1972,book,Picturesque ideas on the flight into Egypt / Etched by Giovanni Domenico Tiepolo. Introd. and captions by Colta Feller Ives.,book: no firearm word or gun-context brand in title
uva.x000574265,1972,book,Picturesque ideas on the flight into Egypt / etched by Giovanni Domenico Tiepolo ; introduction and captions by Colta Feller Ives.,book: no firearm word or gun-context brand in title
uc1.b4376403,1965,book,Pierre Samuel du Pont de Nemours.,book: no firearm word or gun-context brand in title
mdp.39015021035574,1967,book,Pigments : their manufacture properties and use / by John Stewart Remington and Wilfred Francis.,book: brand name with no gun context (poet/painter/place/horse)
mdp.39015002067752,1967,book,Pigments : their manufacture properties and use / by John Stewart Remington and Wilfred Francis.,book: brand name with no gun context (poet/painter/place/horse)
uc1.b4098540,1965,book,Pioneers and patriots: the lives of six Negroes of the Revolutionary era [by] Lavinia Dobler and Edgar A. Toppin. Illustrated by Colleen Browning.,book: brand name with no gun context (poet/painter/place/horse)
mdp.49015001000497,1947,book,"Pippa passes, and shorter poems / [by] Browning. Edited by Joseph E. Baker.",book: brand name with no gun context (poet/painter/place/horse)
mdp.39015047539484,1980,book,Pluralism and personality : William James and some contemporary cultures of psychology / Don S. Browning.,book: brand name with no gun context (poet/painter/place/horse)
uc1.31175020933464,1968,book,"Population mobility--focus on Texas / Harley L. Browning, Larry H. Long, editors.",book: brand name with no gun context (poet/painter/place/horse)
mdp.39015018111271,1974,book,Post-baccalaureate grants and awards in music / Compiled by Chaddie B. Kruger.,book: no firearm word or gun-context brand in title
rul.39030020928141,1933,book,"Powder, the story of a colt, a duchess and the circus; illustrated by Fedor Rojankovsky.",book: brand name with no gun context (poet/painter/place/horse)
nyp.33333060370869,1933,book,"Powder, the story of a colt, a duchess and the circus; illustrated by Fedor Rojankovsky.",book: brand name with no gun context (poet/painter/place/horse)
mdp.39015003235101,1978,book,Practical antimicrobial therapy / Herbert L. DuPont.,book: no firearm word or gun-context brand in title
mdp.39015047406353,1973,book,Practical handbook of industrial traffic management / [by] Richard C. Colton [and] Edmund S. Ward. Rev. by Charles H. Wager.,book: no firearm word or gun-context brand in title
wu.89033928359,1973,book,Practical handbook of industrial traffic management / [by] Richard C. Colton [and] Edmund S. Ward. Rev. by Charles H. Wager.,book: no firearm word or gun-context brand in title
uc1.32106005946394,1969,book,"Pre-Cretaceous sedimentation and metamorphism in the Winchester area, northern peninsular ranges, California [by] Henry P. Schwarcz.",book: brand name with no gun context (poet/painter/place/horse)
uiug.30112055989807,1959,book,Precepts for the young / by Ann Ree Colton.,book: no firearm word or gun-context brand in title
uc1.31175001054470,1953,book,Prentice Mulford's story; illus. by Frederic Remington.,book: brand name with no gun context (poet/painter/place/horse)
umn.31951000024227h,1969,book,"Preparative ultracentrifuge applications; an annotated bibliography, compiled by Phyllis M. Browning.",book: brand name with no gun context (poet/painter/place/horse)
wu.89057260549,1950,book,"Primitive painters in America, 1750-1950; an anthology, by Jean Lipman and Alice Winchester.",book: brand name with no gun context (poet/painter/place/horse)
mdp.39015009017321,1972,book,Prison life; a study of the explosive conditions in America's prisons / [by] the editors of Ramparts magazine and Frank Browning. -,book: brand name with no gun context (poet/painter/place/horse)
uc1.b4399777,1979,book,"Private practice handbook : the tools, tactics & techniques for successful practice development / by Charles H. Browning",book: brand name with no gun context (poet/painter/place/horse)
chi.62217478,1967,book,Proceedings [of the] Conference on Mental Health Services across State Lines: the potential for interstate cooperation. Editor: Avery M. Colt.,book: brand name with no gun context (poet/painter/place/horse)
osu.32435059253641,1958,book,Production of 2 x 2 inch slides for school use / prepared by Joe Coltharp ; designed and illustrated by Gerda McMurry.,book: no firearm word or gun-context brand in title
mdp.49015001270645,1974,book,"Prosecution; the decision to charge a suspect with a crime / by Frank W. Miller. Frank J. Remington, editor.",book: brand name with no gun context (poet/painter/place/horse)
umn.31951000230093c,1979,book,"Public finance and the price system / Edgar K. Browning, Jacqueline M. Browning.",book: brand name with no gun context (poet/painter/place/horse)
mdp.39015013307197,1980,book,"Quest for Eros : Browning and ""Fifine"" / Samuel B. Southwell.",book: brand name with no gun context (poet/painter/place/horse)
uc1.b3484133,1980,book,"Quest for Eros : Browning and ""Fifine"" / Samuel B. Southwell.",book: brand name with no gun context (poet/painter/place/horse)
uc1.31210024786806,1979,book,"Radar cross sections of low density ice spheres coated with higher density ice L.J. Battan, S.R. Browning, and B.M. Herman.",book: brand name with no gun context (poet/painter/place/horse)
mdp.39015013066496,1936,book,Railway wonders of the world / Editor: Clarence Winchester. Consulting editor: Cecil J. Allen ...,book: brand name with no gun context (poet/painter/place/horse)
mdp.39015021119279,1936,book,Railway wonders of the world / Editor: Clarence Winchester. Consulting editor: Cecil J. Allen ...,book: brand name with no gun context (poet/painter/place/horse)
mdp.39015021119238,1936,book,Railway wonders of the world / Editor: Clarence Winchester. Consulting editor: Cecil J. Allen ...,book: brand name with no gun context (poet/painter/place/horse)
uva.x000663699,1968,book,Ranch life in the Far West. Illustrated by Frederic Remington.,book: brand name with no gun context (poet/painter/place/horse)
cub.p102210901008,1946,book,"Range and ballistic tables, 1946 : printed for the use of the midshipmen at the U.S. Naval Academy in connection with the textbook Exterior ballistics, 1943 / U.S. Naval Institute.",book: no firearm word or gun-context brand in title
uc1.x29965,1968,book,"Reactions of biological antioxidants with aliphatic hydroperoxides, by Edward Hart Gruger, Jr.",book: no firearm word or gun-context brand in title
mdp.39015009355515,1976,book,Readings in Third World missions : a collection of essential documents / edited by Marlin L. Nelson.,book: brand name with no gun context (poet/painter/place/horse)
umn.319510007824527,1962,book,Really not really / by Lesley Frost ; illustrated by Barbara Remington.,book: brand name with no gun context (poet/painter/place/horse)
uc1.31970004239239,1976,book,"Recollections of Louisa May Alcott, John Greenleaf Whittier, and Robert Browning, together with several memorial poems / by Maria S. Porter",book: brand name with no gun context (poet/painter/place/horse)
chi.13584035,1969,book,"Records of Tennyson, Ruskin, Browning.",book: brand name with no gun context (poet/painter/place/horse)
umn.31951002164375r,1969,book,Red men and white. Illustrated by Frederic Remington.,book: brand name with no gun context (poet/painter/place/horse)
mdp.39015006473634,1975,book,Redistribution and the welfare system / Edgar K. Browning.,book: brand name with no gun context (poet/painter/place/horse)
uc1.b4448580,1976,book,Rehabilitation and the retarded offender / edited by Philip L. Browning.,book: brand name with no gun context (poet/painter/place/horse)
mdp.39015004327089,1976,book,Rehabilitation and the retarded offender / edited by Philip L. Browning.,book: brand name with no gun context (poet/painter/place/horse)
uva.x000170867,1979,book,"Religion in the 18th century / edited by R. E. Morton, J. D, Browning.",book: brand name with no gun context (poet/painter/place/horse)
uc1.31175003923714,1975,book,Remarks on Don Juan / by C. C. Colton.,book: no firearm word or gun-context brand in title
bc.ark:/13960/t1dj66f59,1975,book,Remarks on Don Juan / by C. C. Colton.,book: no firearm word or gun-context brand in title
loc.ark:/13960/t3qv3p64s,1975,book,Remarks on Don Juan / by C. C. Colton.,book: no firearm word or gun-context brand in title
ien.35558000603684,1980,book,Remington's Pharmaceutical sciences.,book: brand name with no gun context (poet/painter/place/horse)
coo.31924028724700,1969,book,Remington's frontier sketches.,book: brand name with no gun context (poet/painter/place/horse)
ien.35558004930166,1951,book,"Remington's practice of pharmacy : a treatise on the preparing, standardizing, and dispensing of official, unofficial, and extemporaneous pharmaceutical products, with descriptions of medicinal substances, their properties, uses and doses ...",book: brand name with no gun context (poet/painter/place/horse)
chi.086314835,1951,book,"Remington's practice of pharmacy; a treatise on the preparing, standardizing, and dispensing of official and extemporaneous pharmaceutical products, with descriptions of medicinal substances, their properties, uses and doses. Also a guide to other professional services rendered by the pharmacist in ",book: brand name with no gun context (poet/painter/place/horse)
mdp.39015002152414,1965,book,Report from a Chinese village / Illustrated and with photos. by Gun Kessle. Translated from the Swedish by Maurice Michael.,book: gun word is physics or a personal name
mdp.39015004762954,1965,book,Report from a Chinese village / Illustrated and with photos. by Gun Kessle. Translated from the Swedish by Maurice Michael.,book: gun word is physics or a personal name
uc1.31822002965861,1965,book,Report from a Chinese village / by Jan Myrdal ; Illustrated by Gun Kessle; Translated from the Swedish by Maurice Michael,book: gun word is physics or a personal name
uc1.$b717364,1972,book,Reverend Elhanan Winchester: biography and letters.,book: brand name with no gun context (poet/painter/place/horse)
mdp.39076000529417,1970,book,Robert Browning / [by] Ioan M. Williams.,book: brand name with no gun context (poet/painter/place/horse)
hvd.hw9mma,1978,book,Robert Browning / by Arthur Waugh.,book: brand name with no gun context (poet/painter/place/horse)
uva.x000046103,1977,book,Robert Browning / by Walter L. Sheldon.,book: brand name with no gun context (poet/painter/place/horse)
hvd.hnl2d5,1977,book,Robert Browning / by Walter L. Sheldon.,book: brand name with no gun context (poet/painter/place/horse)
mdp.39015002288689,1974,book,Robert Browning / edited by Isobel Armstrong.,book: brand name with no gun context (poet/painter/place/horse)
mdp.39015000374754,1969,book,Robert Browning and his world.,book: brand name with no gun context (poet/painter/place/horse)
mdp.39015028547910,1969,book,Robert Browning and his world.,book: brand name with no gun context (poet/painter/place/horse)
mdp.39015009139588,1969,book,Robert Browning and his world.,book: brand name with no gun context (poet/painter/place/horse)
mdp.39015009048425,1969,book,Robert Browning and his world.,book: brand name with no gun context (poet/painter/place/horse)
uc1.b3553519,1962,book,Robert Browning and the Babylonian Woman,book: brand name with no gun context (poet/painter/place/horse)
rul.39030014239091,1934,book,Robert Browning as a dramatist / Albert T. Puntney.,book: brand name with no gun context (poet/painter/place/horse)
mdp.39015064857405,1932,book,Robert Browning through French eyes.,book: brand name with no gun context (poet/painter/place/horse)
uc1.b3315400,1942,book,"Robert Browning's Pied piper of Hamelin, arranged as a choral drama by Agnes Curren Hamm.",book: brand name with no gun context (poet/painter/place/horse)
mdp.39015023472387,1969,book,Robert Browning's father: his way with a book / An account of annotations made by Browning's father in his copy of John Landseer's Lectures on the art of engraving delivered at the Royal Institution of Great Britain. -,book: brand name with no gun context (poet/painter/place/horse)
mdp.39015037385062,1947,book,Robert Browning's finances from his own account book.,book: brand name with no gun context (poet/painter/place/horse)
mdp.39015012431519,1967,book,"Robert Browning's moral-aesthetic theory, 1833-1855 / by Thomas J. Collins.",book: brand name with no gun context (poet/painter/place/horse)
uc1.b4592532,1977,book,"Robert Browning, a Shelley Promethean / Paul A. Cundiff.",book: brand name with no gun context (poet/painter/place/horse)
mdp.39015018882319,1977,book,"Robert Browning, a Shelley Promethean / Paul A. Cundiff.",book: brand name with no gun context (poet/painter/place/horse)
mdp.39015001345936,1932,book,Robert Browning.,book: brand name with no gun context (poet/painter/place/horse)
wu.89001266279,1970,book,Robert Browning.,book: brand name with no gun context (poet/painter/place/horse)
iau.31858005665751,1970,book,Robert Browning.,book: brand name with no gun context (poet/painter/place/horse)
hvd.32044086847266,1973,book,Robert Browning.,book: brand name with no gun context (poet/painter/place/horse)
uc1.b4937904,1974,book,Robert Browning.,book: brand name with no gun context (poet/painter/place/horse)
mdp.39015009290563,1974,book,Robert Browning.,book: brand name with no gun context (poet/painter/place/horse)
mdp.39015019375909,1974,book,Robert Browning.,book: brand name with no gun context (poet/painter/place/horse)
uc1.b4313637,1953,book,"Robert Browning: a bibliography, 1830-1950; compiled by Leslie Nathan Broughton, Clark Sutherland Northup [and] Robert Pearsall.",book: brand name with no gun context (poet/painter/place/horse)
uc1.b3578897,1953,book,"Robert Browning: a bibliography, 1830-1950; compiled by Leslie Nathan Broughton, Clark Sutherland Northup [and] Robert Pearsall.",book: brand name with no gun context (poet/painter/place/horse)
mdp.39015009304356,1966,book,Robert Browning: a collection of critical essays.,book: brand name with no gun context (poet/painter/place/horse)
mdp.39076006221951,1973,book,Robert Browning: a study of his poetry.,book: brand name with no gun context (poet/painter/place/horse)
wu.89001267442,1973,book,"Robert Browning: chief poet of the age, by William G. Kingsland.",book: brand name with no gun context (poet/painter/place/horse)
hvd.hwajst,1974,book,"Robert Browning: the thoughts of a poet on art and faith, a lecture delivered to the Birmingham Central Literary Association, March 27th, 1885, by Howard S. Pearson.",book: brand name with no gun context (poet/painter/place/horse)
uc1.31822004444287,1970,book,Robert Browning; essays and thoughts / by John T. Nettleship,book: brand name with no gun context (poet/painter/place/horse)
mdp.39015002672510,1974,book,"Robert and Elizabeth Barrett Browning : an annotated bibliography, 1951-1970 / by William S. Peterson.",book: brand name with no gun context (poet/painter/place/horse)
uc1.b4534808,1978,book,Robots on your doorstep (a book about thinking machines) / Nels Winkless and Iben Browning ; with an introd. by John Peers.,book: brand name with no gun context (poet/painter/place/horse)
mdp.39015002053083,1978,book,Robots on your doorstep (a book about thinking machines) / Nels Winkless and Iben Browning ; with an introd. by John Peers.,book: brand name with no gun context (poet/painter/place/horse)
mdp.39015002996257,1973,book,"Rural Santo Domingo: settled, unsettled, and resettled / [by] Marlin D. Clausner.",book: brand name with no gun context (poet/painter/place/horse)
uc1.b4245398,1973,book,"Rural Santo Domingo: settled, unsettled, and resettled / [by] Marlin D. Clausner.",book: brand name with no gun context (poet/painter/place/horse)
pst.000000369862,1976,book,Rural public welfare / Grace Browning.,book: brand name with no gun context (poet/painter/place/horse)
uc1.b4929958,1979,book,"Russian romantic prose : an anthology : containing tales by Alexander Pushkin, Nikolai Gogol, Orest Somov, Vladimir Odoevsky, Alexander Veltman, Mikhail Lermontov, Count Vladimir Sollogub, Alexander Bestuzhev-Marlinsky / with translations by David Lowe ... [et al.] ; edited by Carl R. Proffer.",book: no firearm word or gun-context brand in title
mdp.39015008203542,1979,book,"Russian romantic prose : an anthology : containing tales by Alexander Pushkin, Nikolai Gogol, Orest Somov, Vladimir Odoevsky, Alexander Veltman, Mikhail Lermontov, Count Vladimir Sollogub, Alexander Bestuzhev-Marlinsky / with translations by David Lowe ... [et al.] ; edited by Carl R. Proffer.",book: no firearm word or gun-context brand in title
nyp.33433008656419,1977,book,"SN00 aMid-Atlantic economic development region : b prospectus for development : bchallenges and opportunities for the mid-Atlantic region : ban application for designation under the provisions of PL 94-188.00, as a Title V Regional Action Planning Commission / cDelaware, Pierre du Pont, Governor; Ma",book: no firearm word or gun-context brand in title
mdp.39015081364864,1953,book,SOME STUDIES IN THE SHORTER POEMS OF ROBERT BROWNING: STYLISTIC INTERPRETATIONS.,book: brand name with no gun context (poet/painter/place/horse)
mdp.39015073497458,1951,book,Sagas of struggle : a labor anthology / selected by Samuel Colton ; drawings by Raymond Zalstein.,book: no firearm word or gun-context brand in title
mdp.39015042874902,1952,book,Samuel Colt : a man and an epoch / by Martin Rywell.,book: brand name with no gun context (poet/painter/place/horse)
uc1.31210010912176,1974,book,Samuel Colt's submarine battery : the secret and the enigma [by] Philip K. Lundeberg.,book: brand name with no gun context (poet/painter/place/horse)
mdp.39015023177739,1974,book,Samuel Colt's submarine battery : the secret and the enigma [by] Philip K. Lundeberg.,book: brand name with no gun context (poet/painter/place/horse)
wu.89059409300,1969,book,"Samuel Francis Du Pont; a selection from his Civil War letters, edited by John D. Hayes.",book: no firearm word or gun-context brand in title
wu.89059409334,1969,book,"Samuel Francis Du Pont; a selection from his Civil War letters, edited by John D. Hayes.",book: no firearm word or gun-context brand in title
wu.89059409367,1969,book,"Samuel Francis Du Pont; a selection from his Civil War letters, edited by John D. Hayes.",book: no firearm word or gun-context brand in title
uva.x004884605,1969,book,"Samuel Francis Du Pont; a selection from his Civil War letters, edited by John D. Hayes.",book: no firearm word or gun-context brand in title
uva.x000391166,1969,book,"Samuel Francis Du Pont; a selection from his Civil War letters, edited by John D. Hayes.",book: no firearm word or gun-context brand in title
uva.x001124048,1969,book,"Samuel Francis Du Pont; a selection from his Civil War letters, edited by John D. Hayes.",book: no firearm word or gun-context brand in title
mdp.39015019956187,1969,book,"Samuel Francis Du Pont; a selection from his Civil War letters, edited by John D. Hayes.",book: no firearm word or gun-context brand in title
mdp.39015019101180,1969,book,"Samuel Francis Du Pont; a selection from his Civil War letters, edited by John D. Hayes.",book: no firearm word or gun-context brand in title
mdp.39015019101172,1969,book,"Samuel Francis Du Pont; a selection from his Civil War letters, edited by John D. Hayes.",book: no firearm word or gun-context brand in title
uc1.b3923967,1968,book,"Santayana on America; essays, notes, and letters on American life, literature, and philosophy. Edited and with an introd. by Richard Colton Lyon.",book: no firearm word or gun-context brand in title
uc1.$b243679,1961,book,Saturday lunch with the Brownings; stories.,book: no firearm word or gun-context brand in title
mdp.39015053616507,1961,book,Saturday lunch with the Brownings; stories.,book: no firearm word or gun-context brand in title
uva.x000004637,1977,book,Science of education and the psychology of the child / Jean Piaget ; translated from the French by Derek Coltman.,book: no firearm word or gun-context brand in title
mdp.39015013962132,1970,book,Science of education and the psychology of the child / Translated from the French by Derek Coltman.,book: no firearm word or gun-context brand in title
mdp.39015040128475,1970,book,Science of education and the psychology of the child / Translated from the French by Derek Coltman.,book: no firearm word or gun-context brand in title
uc1.b4165976,1970,book,Science of education and the psychology of the child / Translated from the French by Derek Coltman.,book: no firearm word or gun-context brand in title
mdp.39015024214648,1970,book,Science of education and the psychology of the child / Translated from the French by Derek Coltman.,book: no firearm word or gun-context brand in title
uva.x004026065,1949,book,Second differentials of functions in exterior ballistics.,book: no firearm word or gun-context brand in title
umn.31951001317827r,1979,book,"Selected proceedings of the 1978 Science Fiction Research Association National Conference / editor, Thomas J. Remington ; associate editor, James Bittner ; assistant editors, Frank Downes [and others].",book: brand name with no gun context (poet/painter/place/horse)
pst.000033274867,1969,book,Selected readings in American national government / edited by Jung-Gun-Kim [and] James C. Dixon.,book: gun word is physics or a personal name
mdp.39015017572119,1959,book,"Selected topics on ballistics, Cranz Centenary Colloquium, University of Freiburg, Freiburg/Br., West Germany / editor: Wilbur C. Nelson.",book: no firearm word or gun-context brand in title
mdp.39015039878973,1959,book,"Selected topics on ballistics, Cranz Centenary Colloquium, University of Freiburg, Freiburg/Br., West Germany / editor: Wilbur C. Nelson.",book: no firearm word or gun-context brand in title
mdp.39015000966047,1975,book,Semiconductor circuits: linear and digital / [by] Marlin P. Ristenbatt.,book: brand name with no gun context (poet/painter/place/horse)
mdp.49015001052167,1974,book,"Sentencing: the decision as to type, length, and conditions of sentence / by Robert O. Dawson. Frank J. Remington: editor.",book: brand name with no gun context (poet/painter/place/horse)
mdp.39076006248244,1980,book,"Serving handicapped students / Hazel Z. Sprandel, Marlin R. Schmidt, guest editors.",book: brand name with no gun context (poet/painter/place/horse)
uc1.l0091502708,1974,book,Shakespeare and the Bible : parallel passages and passages suggested by the Bible with the religious sentiments of Shakespeare / by G. Q. Colton ; with an introduction by Rev Robert Collyer.,book: no firearm word or gun-context brand in title
wu.89058353095,1964,book,Shaping the spirit of America; articles from Harper's and Century magazines recalling events and times that helped determine the present national image of the United States of America. Compiled by Thomas C. Jones. Color reproductions of paintings by Frederic Remington and Winslow Homer.,book: brand name with no gun context (poet/painter/place/horse)
mdp.39015000225451,1965,book,Shelley and Browning: a myth and some facts / by Frederick A. Pottle. With a foreword by William Lyon Phelps.,book: brand name with no gun context (poet/painter/place/horse)
wu.89001028844,1977,book,"Shelley, the man and the poet : being a reprint of the introductory essay prefixed to (twenty-five spurious) Letters of Percy Bysshe Shelley, published by Edward Moxon in 1852 / by Robert Browning.",book: brand name with no gun context (poet/painter/place/horse)
nyp.33333024226033,1944,book,"Shipmates in white; navy nurses on sea duty, by Jean Dupont Miller.",book: no firearm word or gun-context brand in title
yul.11727381_000_00,1972,book,Smack! By the editors of Ramparts magazine and Frank Browning.,book: brand name with no gun context (poet/painter/place/horse)
mdp.39015027589046,1938,book,Social case records: family welfare / edited by Elizabeth S. Dixon and Grace Browning.,book: brand name with no gun context (poet/painter/place/horse)
uc1.$b350399,1938,book,Social case records: family welfare / edited by Elizabeth S. Dixon and Grace Browning.,book: brand name with no gun context (poet/painter/place/horse)
mdp.39015002664517,1973,book,Socio-economic systems and principles / Edited by William G. Vogt and Marlin H. Mickle. Guest editor: H. E. Hoelscher. Associate editors: Carl Beck [and others],book: brand name with no gun context (poet/painter/place/horse)
pst.000005387342,1979,book,Soil classification in the United States / Marlin G. Cline.,book: brand name with no gun context (poet/painter/place/horse)
uc1.c2946439,1960,book,Some aspects of American and Indonesian fiscal and monetary policies : a comparative study / by Johannes Baptista Sumarlin.,book: no firearm word or gun-context brand in title
coo.31924001693161,1943,book,"Some morphological and anatomical investigations on the flowers of the genus Potamogeton. Variation in stone cells in ""seed"" coats of different species of the genus Najas. By Natalie Browning Whitford.",book: brand name with no gun context (poet/painter/place/horse)
pst.000005756148,1969,book,Song of a woods colt : poetry.,book: brand name with no gun context (poet/painter/place/horse)
uc1.32106001926044,1977,book,Sonnets from the Portuguese / Elizabeth Barrett Browning.,book: brand name with no gun context (poet/painter/place/horse)
mdp.39015001449688,1932,book,Sonnets from the Portuguese / by Elizabeth Barrett Browning.,book: brand name with no gun context (poet/painter/place/horse)
mdp.39015004248426,1977,book,Sordello / Robert Browning ; edited by Morse Peckham.,book: brand name with no gun context (poet/painter/place/horse)
coo.31924001887417,1976,book,South Pacific birds / by John E. duPont ; ill. by George Sandström.,book: no firearm word or gun-context brand in title
umn.31951002002862x,1937,book,Spanish pesos : a western story / William Colt MacDonald.,book: brand name with no gun context (poet/painter/place/horse)
mdp.39015074134175,1933,book,"Specialization of verbal facility at the college entrance level; a comparative study of scientific and literary vocabularies / by Warren George Findley ... Professor Henry A. Ruger, sponsor.",book: brand name with no gun context (poet/painter/place/horse)
uc1.b4390647,1979,book,"Speech communication and theater arts : a classified bibliography of theses and dissertations, 1973-1978 / Merilyn D. Merenda and James W. Polichak ; with an introd. by Arthur N. Kruger.",book: no firearm word or gun-context brand in title
mdp.49015000774902,1969,book,"St. Anne and the gouty rector, and other plays / by Henri Ghéon and Henri Brochet ; translated by Marcus Selden Goldman & Olive Remington Goldman.",book: brand name with no gun context (poet/painter/place/horse)
uc1.$b703786,1950,book,"St. Anne and the gouty rector, and other plays, by Henri Ghéon and Henri Brochet. Translated by Marcus Selden Goldman & Olive Remington Goldman.",book: brand name with no gun context (poet/painter/place/horse)
uc1.b3751384,1950,book,"St. Anne and the gouty rector, and other plays, by Henri Ghéon and Henri Brochet. Translated by Marcus Selden Goldman & Olive Remington Goldman.",book: brand name with no gun context (poet/painter/place/horse)
mdp.39015000673023,1972,book,"Standards relating to the urban police function / Recommended by the Advisory Committee on the Police Function. Frank J. Remington, chairman. Herman Goldstein, reporter; Sheldon Krantz, reporter. Tentative draft.",book: brand name with no gun context (poet/painter/place/horse)
umn.31951d016981217,1978,book,"State park system plan for South Dakota / prepared by the Division of Parks and Recreation ; Lowen Schuett, director, David A. Kruger, division staff specialist, David L. Anderson, resource staff specialist.",book: no firearm word or gun-context brand in title
mdp.39015053931005,1963,book,"Statistical methods / Herbert Arkin, Raymond R. Colton.",book: no firearm word or gun-context brand in title
uc1.b4539463,1960,book,"Statistical methods [as applied to economics, business psychology, education, and biology. Keyed to standard textbooks. By Herbert Arkin [and] Raymond R. Colton.",book: no firearm word or gun-context brand in title
uc1.b4513827,1970,book,Statistics in endocrinology; proceedings. Edited by Janet W. McArthur and Theodore Colton,book: no firearm word or gun-context brand in title
mdp.39015000836190,1974,book,Statistics in medicine / Theodore Colton.,book: no firearm word or gun-context brand in title
mdp.39015023428819,1970,book,Statistics with applications to the biological and health sciences / [by] Richard D. Remington [and] M. Anthony Schork.,book: brand name with no gun context (poet/painter/place/horse)
mdp.39015003820480,1970,book,Statistics with applications to the biological and health sciences / [by] Richard D. Remington [and] M. Anthony Schork.,book: brand name with no gun context (poet/painter/place/horse)
mdp.39015009862874,1970,book,Statistics with applications to the biological and health sciences / [by] Richard D. Remington [and] M. Anthony Schork.,book: brand name with no gun context (poet/painter/place/horse)
uiug.30112110271373,1962,book,"Stories from Italy, by Edward W. Dolch and Marguerite P. Dolch. Illustrated by Colleen Browning.",book: brand name with no gun context (poet/painter/place/horse)
uc1.b4433095,1965,book,Strange marriage. [By] James Colton [pseud.],book: no firearm word or gun-context brand in title
mdp.39015054504736,1979,book,"Studies in Victorian verse drama : an appraisal of the poetic plays of Browning, Tennyson and other Victorians / by Virendra Sharma.",book: brand name with no gun context (poet/painter/place/horse)
inu.32000003477389,1972,book,Studies in the poetry of Robert Browning.,book: brand name with no gun context (poet/painter/place/horse)
wu.89011024270,1976,book,Studies on the excitable membrane of Paramecium aurelia / by Jeffrey Lee Browning.,book: brand name with no gun context (poet/painter/place/horse)
uc1.$c124290,1937,book,"Study of the transportation of cement in sacks between Colton, Crestmore, Victorville, Oro Grande, Monolith, Los Angeles and Wingfoot, to points in southern California. Case no. 3981, case no. 4071, application no. 21172.",book: no firearm word or gun-context brand in title
mdp.39015004397637,1978,book,Survey of medical technology / Roger W. Coltey.,book: no firearm word or gun-context brand in title
mdp.39015004432558,1963,book,Tables for statisticians / [by] Herbert Arkin and Raymond R. Colton.,book: no firearm word or gun-context brand in title
uc1.$b85183,1966,book,Talleyrand's last duchess. Trans. from the French by Derek Coltman.,book: no firearm word or gun-context brand in title
mdp.39015026132202,1966,book,Talleyrand's last duchess. Trans. from the French by Derek Coltman.,book: no firearm word or gun-context brand in title
mdp.39015031804373,1971,book,Teaching inefficient learners / by Wineva Montooth Grzynkowicz. With a contribution by Frances Marling.,book: no firearm word or gun-context brand in title
uc1.b4384405,1973,book,"Teilhard de Chardin: in quest of the perfection of man. An international symposium, edited and compiled by Geraldine O. Browning, Joseph L. Alioto [and] Seymour M. Farber.",book: brand name with no gun context (poet/painter/place/horse)
mdp.39015001550600,1973,book,"Teilhard de Chardin: in quest of the perfection of man. An international symposium, edited and compiled by Geraldine O. Browning, Joseph L. Alioto [and] Seymour M. Farber.",book: brand name with no gun context (poet/painter/place/horse)
coo.31924070371301,1949,book,"Testimony of Crawford H. Greenewalt, President E. I. du Pont de Nemours and Co. : before the Special Subcommittee on Study of Monopoly Power, Committee on the Judiciary, House of Representatives, U. S., November 15, 1949, Washington, D.C.",book: no firearm word or gun-context brand in title
mdp.39015006437217,1979,book,"Textbook of oral and maxilliofacial surgery / edited by Gustav O. Kruger ; art editor, B. John Melloni.",book: no firearm word or gun-context brand in title
mdp.39015007421582,1974,book,Textbook of oral surgery / Edited by Gustav O. Kruger. Art editor: B. John Melloni.,book: no firearm word or gun-context brand in title
mdp.39015000270887,1974,book,Textbook of oral surgery / Edited by Gustav O. Kruger. Art editor: B. John Melloni.,book: no firearm word or gun-context brand in title
uc1.31822011682820,1976,book,The 2nd bronze world of Frederic Remington / by Bruce Wear,book: brand name with no gun context (poet/painter/place/horse)
wu.89041978263,1950,book,"The Antiques book; outstanding, authoritative articles on ceramics, furniture, glass, silver, pewter, architecture, prints and other collecting interests. Edited by Alice Winchester and the staff of the magazine Antiques.",book: brand name with no gun context (poet/painter/place/horse)
inu.39000005819680,1950,book,"The Antiques book; outstanding, authoritative articles on ceramics, furniture, glass, silver, pewter, architecture, prints and other collecting interests. Edited by Alice Winchester and the staff of the magazine Antiques.",book: brand name with no gun context (poet/painter/place/horse)
mdp.39015006787058,1973,book,"The Antiques guide to decorative arts in America, 1600-1875 / With an introd. by Alice Winchester. Illustrated with 192 drawings by Pauline W. Inman and 434 photos.",book: brand name with no gun context (poet/painter/place/horse)
inu.30000001673635,1959,book,"The Antiques treasury of furniture and other decorative arts at Winterthur, Williamsburg, Sturbridge, Ford Museum, Cooperstown, Deerfield [and] Shelburne / Edited by Alice Winchester and the staff of Antiques magazine.",book: brand name with no gun context (poet/painter/place/horse)
mdp.39015014256955,1959,book,"The Antiques treasury of furniture and other decorative arts at Winterthur, Williamsburg, Sturbridge, Ford Museum, Cooperstown, Deerfield [and] Shelburne. / edited by Alice Winchester and the staff of Antiques magazine.",book: brand name with no gun context (poet/painter/place/horse)
mdp.39015014090842,1959,book,"The Antiques treasury of furniture and other decorative arts at Winterthur, Williamsburg, Sturbridge, Ford Museum, Cooperstown, Deerfield [and] Shelburne. / edited by Alice Winchester and the staff of Antiques magazine.",book: brand name with no gun context (poet/painter/place/horse)
mdp.39015025117543,1979,book,"The Armstrong Browning Library, Baylor University, Waco Texas.",book: brand name with no gun context (poet/painter/place/horse)
uc1.$b440969,1965,book,The Browning critics [by] Boyd Litzinger and K.L. Knickerbocker.,book: brand name with no gun context (poet/painter/place/horse)
mdp.39015046414713,1965,book,The Browning critics [by] Boyd Litzinger and K.L. Knickerbocker.,book: brand name with no gun context (poet/painter/place/horse)
mdp.39015066052773,1965,book,The Browning critics [by] Boyd Litzinger and K.L. Knickerbocker.,book: brand name with no gun context (poet/painter/place/horse)
umn.31951002399074k,1932,book,The Brownings ; a Victorian idyll.,book: no firearm word or gun-context brand in title
mdp.39015013311926,1978,book,The Brownings' correspondence : a checklist / compiled by Philip Kelley and Ronald Hudson.,book: no firearm word or gun-context brand in title
uc1.b3484142,1978,book,The Brownings' correspondence : a checklist / compiled by Philip Kelley and Ronald Hudson.,book: no firearm word or gun-context brand in title
mdp.39015001449985,1970,book,"The Brownings, letters and poetry / Selected and with an introd. by Christopher Ricks. Illus. by Barnett I. Plotkin.",book: no firearm word or gun-context brand in title
uc1.b4239608,1969,book,"The Buffalo Soldiers in the Indian Wars, by Fairfax Downey. Illustrated with old Remington prints and line drawings by Harold James.",book: brand name with no gun context (poet/painter/place/horse)
uva.x000217782,1980,book,The Byzantine Empire / Robert Browning.,book: brand name with no gun context (poet/painter/place/horse)
pst.000027492406,1980,book,The Byzantine Empire / Robert Browning.,book: brand name with no gun context (poet/painter/place/horse)
mdp.39015020751866,1980,book,The Byzantine Empire / Robert Browning.,book: brand name with no gun context (poet/painter/place/horse)
uc2.ark:/13960/t4pk07f34,1966,book,"The Colt Press : Jane Bissell Grabhorn ; tape-recorded interview conducted by Ruth Teiser in December, 1965. Regional Oral History Office, the Bancroft Library, University of California, Berkeley, Calif., 1966 : and related material,",book: brand name with no gun context (poet/painter/place/horse)
txu.059173026952130,1977,book,"The Colthurst journal : journal of a special magistrate in the islands of Barbados and St. Vincent, July 1835-September 1838 / edited by Woodville K. Marshall.",book: no firearm word or gun-context brand in title
uiug.30112002411368,1972,book,The Corps of Engineers : construction in the United States / by Lenore Fine and Jesse A. Remington.,book: brand name with no gun context (poet/painter/place/horse)
osu.32435016730582,1972,book,The Corps of Engineers : construction in the United States / by Lenore Fine and Jesse A. Remington.,book: brand name with no gun context (poet/painter/place/horse)
wu.89062874714,1979,book,The Cross connections : about the families of Cross-Cannon-Givens-Hope-Marlett-McGuire-Stout with marriages to the Baileys-Cecil-Dunn-Humphries-Brooks and Browning families / by Nadeen Cross Marlett.,book: brand name with no gun context (poet/painter/place/horse)
rul.39030019181686,1934,book,The Du Pont Company and munitions.,book: no firearm word or gun-context brand in title
cub.p101241503011,1935,book,The Du Pont dynasty / by John K. Winkler.,book: no firearm word or gun-context brand in title
umn.31951001846637k,1976,book,The Emperor Julian / Robert Browning.,book: brand name with no gun context (poet/painter/place/horse)
uc1.32106015277020,1976,book,The Emperor Julian / Robert Browning.,book: brand name with no gun context (poet/painter/place/horse)
mdp.39015000851678,1973,book,The Expanded role of the nurse / compiled by Mary H. Browning and Edith P. Lewis.,book: brand name with no gun context (poet/painter/place/horse)
inu.32000004797033,1966,book,"The Indians of Colta : essays on the Colta Lake zone, Chimborazo (Ecuador) / editor, Eileen Maynard.",book: no firearm word or gun-context brand in title
mdp.39076000851555,1968,book,"The London stage, 1747-1776 : a critical introduction / George Winchester Stone.",book: brand name with no gun context (poet/painter/place/horse)
uc1.31158001522027,1969,book,"The Magna charta barons and their American descendants, together with the pedigrees of the founders of the Order of Runnemede deduced from the sureties for the enforcement of the statutes of the Magna charta of King John, by Charles H. Browning.",book: brand name with no gun context (poet/painter/place/horse)
uc1.b4446468,1968,book,The Marlin compound; letters of a singular family.,book: brand name with no gun context (poet/painter/place/horse)
wu.89062852512,1968,book,The Marlin compound; letters of a singular family.,book: brand name with no gun context (poet/painter/place/horse)
pst.000019975153,1980,book,"The Official Sotheby Parke Bernet price guide to antiques and decorative arts / edited by Charles C. Colt, Jr.",book: brand name with no gun context (poet/painter/place/horse)
uiug.30112101467543,1977,book,The Oregon sunbook / written for the Oregon Department of Energy by Hal Brown ; illustrated by Jerry Kruger.,book: no firearm word or gun-context brand in title
uc1.b4925122,1979,book,The Parnasse fra Titon du Tillet and the origins of the monument to genius / Judith Colton.,book: no firearm word or gun-context brand in title
wu.89092485424,1977,book,The Parti ouvrier socialiste révolutionnaire : a study of an attempt to synthesize syndicalism and socialism / by Marline Erina Pearson.,book: no firearm word or gun-context brand in title
mdp.49015000917972,1971,book,The Pied Piper of Hamelin / Robert Browning ; illustrated by C. Walter Hodges.,book: brand name with no gun context (poet/painter/place/horse)
uc1.b4211270,1955,book,"The Prevention of disease in everyday practice, by Isadore Givner and Maurice Bruger and contributors.",book: no firearm word or gun-context brand in title
umn.31951000170351z,1979,book,"The Use and potential of aquatic species for wastewater treatment. Appendix B, The environmental requirements of fish / by John Colt [and others] ; project officer, Cecil Martin.",book: brand name with no gun context (poet/painter/place/horse)
uc1.$b364395,1975,book,"The Winchester Psalter : iconographic sources and themes of the Virgin Mary, kingship and law / by Carol Uhlig Crown.",book: brand name with no gun context (poet/painter/place/horse)
mdp.39015001215592,1973,book,"The Winchester troper, from mss. of the Xth and XIth centuries; with other documents illustrating the history of tropes in England and France / Edited by Walter Howard Frere. London, 1894. -",book: brand name with no gun context (poet/painter/place/horse)
mdp.39015014375060,1976,book,The acts of King Arthur and his noble knights : from the Winchester manuscripts of Thomas Malory and other sources / by John Steinbeck ; edited by Chase Horton.,book: brand name with no gun context (poet/painter/place/horse)
inu.30000111968255,1963,book,The angeleno / by John Winchester Stuart.,book: brand name with no gun context (poet/painter/place/horse)
mdp.39015006765534,1973,book,The art of retouching / by Burrows & Colton. [Rev. by] J. P. Ourdan.,book: no firearm word or gun-context brand in title
mdp.39015040642988,1970,book,The attitudes of rhetoric / [by] Winston Weathers [and] Otis Winchester.,book: brand name with no gun context (poet/painter/place/horse)
uc1.31822009409541,1967,book,The basaltic cinder cones and lava flows of the San Francisco Mountain volcanic field / Harold S. Colton,book: no firearm word or gun-context brand in title
uiug.30112074022978,1976,book,The basics of practical parenting / Ken Marlin.,book: brand name with no gun context (poet/painter/place/horse)
uiug.30112053091143,1942,book,The best of Browning. Edited with notes by William Hudson Rogers.,book: brand name with no gun context (poet/painter/place/horse)
uc1.b000736269,1942,book,The best of Browning. Edited with notes by William Hudson Rogers.,book: brand name with no gun context (poet/painter/place/horse)
uc1.b4099079,1960,book,The blind colt / Written & illustrated by Glen Rounds.,book: brand name with no gun context (poet/painter/place/horse)
umn.31951000888728r,1961,book,The blind colt / written and illustrated by Glen Rounds.,book: brand name with no gun context (poet/painter/place/horse)
mdp.39015027559338,1950,book,The blood bay colt / Walter Farley ; illustrated by Milton Menasco.,book: brand name with no gun context (poet/painter/place/horse)
uva.x000842984,1950,book,The blood bay colt / Walter Farley ; illustrated by Milton Menasco.,book: brand name with no gun context (poet/painter/place/horse)
mdp.39015003627083,1974,book,"The book, the ring, & the poet; a biography of Robert Browning / [by] William Irvine & Park Honan.",book: brand name with no gun context (poet/painter/place/horse)
mdp.39015002304676,1957,book,The bow and the lyre: The art of Robert Browning.,book: brand name with no gun context (poet/painter/place/horse)
mdp.39015016819545,1966,book,The bronze world of Frederic Remington / Bruce Wear.,book: brand name with no gun context (poet/painter/place/horse)
coo.31924002841470,1963,book,The browning reaction in potato chip production and the role of sulphur dioxide in its control.,book: brand name with no gun context (poet/painter/place/horse)
coo.31924003032293,1955,book,The browning reaction in potato chips.,book: brand name with no gun context (poet/painter/place/horse)
mdp.39015005295178,1979,book,The collected writings of Frederic Remington / edited by Peggy and Harold Samuels ; illustrated by Frederic Remington.,book: brand name with no gun context (poet/painter/place/horse)
mdp.39015008607585,1973,book,The company state; Ralph Nader's study group report on DuPont in Delaware / by James Phelan & Robert Pozen.,book: no firearm word or gun-context brand in title
uc1.b4438177,1973,book,The company state; Ralph Nader's study group report on DuPont in Delaware / by James Phelan & Robert Pozen.,book: no firearm word or gun-context brand in title
uc1.31158002210697,1937,book,"The complete poetical works of Robert Browning; new ed.; with additional poems, first pub. in 1914.",book: brand name with no gun context (poet/painter/place/horse)
mdp.39015008352075,1968,book,The convex glass; the mind of Robert Browning / by Norton B. Crowell.,book: brand name with no gun context (poet/painter/place/horse)
uva.x004105148,1979,book,The correspondence of Jefferson and Du Pont de Nemours / with and introd. on Jefferson and the Physiocrats by Gilbert Chinard.,book: no firearm word or gun-context brand in title
inu.30000128172107,1977,book,The critical reception of Browning's The ring and the book : 1869-1889 and 1951-1968 / by Ezzat Abdulmajeed Khattab.,book: brand name with no gun context (poet/painter/place/horse)
mdp.39015014106242,1967,book,"The day is dark, and Three travelers; two novellas / Translated from the French by Derek Coltman.",book: no firearm word or gun-context brand in title
uc1.$b703662,1967,book,"The day is dark, and Three travelers; two novellas / Translated from the French by Derek Coltman.",book: no firearm word or gun-context brand in title
uc1.b3790624,1967,book,"The day is dark, and Three travelers; two novellas / Translated from the French by Derek Coltman.",book: no firearm word or gun-context brand in title
coo.31924004999607,1968,book,"The design of a data processing system for inventory control at Universal Instruments, by Philip Winchester Jaeger [and] Charles Ernest Nigro.",book: brand name with no gun context (poet/painter/place/horse)
mdp.39015000536717,1968,book,The dialectical temper; the rhetorical art of Robert Browning / [by] W. David Shaw.,book: brand name with no gun context (poet/painter/place/horse)
cub.p103300414006,1933,book,The diary of Orville Hickman Browning / edited with introduction and notes by Theodore Calvin Pease ... James G. Randall.,book: brand name with no gun context (poet/painter/place/horse)
yul.11863191_001_00,1933,book,The diary of Orville Hickman Browning edited with introduction and notes by Theodore Calvin Pease ... James G. Randall.,book: brand name with no gun context (poet/painter/place/horse)
yul.11863191_002_00,1933,book,The diary of Orville Hickman Browning edited with introduction and notes by Theodore Calvin Pease ... James G. Randall.,book: brand name with no gun context (poet/painter/place/horse)
cub.p101280407005,1955,book,The drafting of partnership agreements : (revised to March 1955) / by John E. Mulder and Marlin M. Volz. Tax material by Donald McDonald.,book: brand name with no gun context (poet/painter/place/horse)
wu.89062879135,1979,book,The du Pont family / John D. Gates.,book: no firearm word or gun-context brand in title
uva.x000151427,1979,book,The du Pont family / John D. Gates.,book: no firearm word or gun-context brand in title
uc1.b3898176,1979,book,The du Pont family / John D. Gates.,book: no firearm word or gun-context brand in title
wu.89062879333,1976,book,The du Ponts : portrait of a dynasty / Marc Duke.,book: no firearm word or gun-context brand in title
uva.x000618142,1976,book,The du Ponts : portrait of a dynasty / Marc Duke.,book: no firearm word or gun-context brand in title
mdp.39015010214818,1976,book,The du Ponts : portrait of a dynasty / Marc Duke.,book: no firearm word or gun-context brand in title
uc1.$b242177,1964,book,The du Ponts of Delaware.,book: no firearm word or gun-context brand in title
mdp.39015005269249,1962,book,The du Ponts: from gunpowder to nylon / Translated by Edward B. Garside. With photos. by Dixie Reynolds.,book: no firearm word or gun-context brand in title
uc1.b4438176,1962,book,The du Ponts: from gunpowder to nylon / Translated by Edward B. Garside. With photos. by Dixie Reynolds.,book: no firearm word or gun-context brand in title
mdp.39015000260466,1972,book,The dying patient: a nursing perspective / Compiled by Mary H. Browning and Edith P. Lewis.,book: brand name with no gun context (poet/painter/place/horse)
mdp.39015003777136,1972,book,The dying patient: a nursing perspective / Compiled by Mary H. Browning and Edith P. Lewis.,book: brand name with no gun context (poet/painter/place/horse)
uc1.b4697946,1966,book,The early literary career of Robert Browning; four lectures by Thomas R. Lounsbury.,book: brand name with no gun context (poet/painter/place/horse)
uiug.30112072457275,1949,book,The effect of grain size on the mechanical properties of precision cast cartridge brass.,book: no firearm word or gun-context brand in title
coo.31924003461336,1944,book,"The effect of high temperature and various chemical agents upon the heat stability, browning and apparent change in lactose concentration of whole and evaporated milk.",book: brand name with no gun context (poet/painter/place/horse)
uc1.c2933501,1958,book,The effects of brain damage on respnoses on four perceptual tests / by Emily Browning Philbrick.,book: brand name with no gun context (poet/painter/place/horse)
mdp.39015009298111,1963,book,The faith of Robert Browning.,book: brand name with no gun context (poet/painter/place/horse)
mdp.39015005259794,1978,book,"The final solution and the German Foreign Office : a study of Referat D III of Abteilung Deutschland, 1940- / by Christopher R. Browning.",book: brand name with no gun context (poet/painter/place/horse)
uc1.b4580521,1968,book,"The focusing artifice; the poetry of Robert Browning [by] Roma A. King, Jr.",book: brand name with no gun context (poet/painter/place/horse)
mdp.39015002357583,1968,book,"The focusing artifice; the poetry of Robert Browning [by] Roma A. King, Jr.",book: brand name with no gun context (poet/painter/place/horse)
wu.89081598450,1979,book,The fun of raising a colt Frank B. Griffith and Rubye Mae Griffith.,book: brand name with no gun context (poet/painter/place/horse)
mdp.39015035848475,1968,book,The gardens of Winterthur in all seasons / Photos. by Gottlieb and Hilda Hampfler. Foreword by Henry Francis du Pont. A history of the gardens by C. Gordon Tyrrell.,book: no firearm word or gun-context brand in title
mdp.39015011873836,1971,book,The general of the dead army; a novel / Translated by Derek Coltman from the French.,book: no firearm word or gun-context brand in title
uva.x000609693,1978,book,"The golden age of American illustration : F. R. Gruger and his circle / by Bennard B. Perlman ; introd. by F. R. Gruger, Jr.",book: no firearm word or gun-context brand in title
wu.89092951698,1953,book,The good luck colt / by Genevieve Torrey Eames ; illustrated by Paul Brown.,book: brand name with no gun context (poet/painter/place/horse)
uc1.b4097900,1956,book,The great world and Timothy Colt.,book: brand name with no gun context (poet/painter/place/horse)
uc1.b3710947,1956,book,The great world and Timothy Colt.,book: brand name with no gun context (poet/painter/place/horse)
mdp.39015003472407,1956,book,The great world and Timothy Colt.,book: brand name with no gun context (poet/painter/place/horse)
pur1.32754001359128,1977,book,The grotesque in the poetry of Robert Browning / by Lily Bess Campbell.,book: brand name with no gun context (poet/painter/place/horse)
osu.32435010346062,1932,book,The history of Cherokee County / by Rev. Lloyd G. Marlin.,book: brand name with no gun context (poet/painter/place/horse)
mdp.39015027747909,1976,book,The how and why of third world missions : an Asian case study / Marlin L. Nelson.,book: brand name with no gun context (poet/painter/place/horse)
mdp.39076006107994,1970,book,"The illustrations of Frederic Remington / with a commentary by Owen Wister. Edited with a concise biography and an account of Remington's work and career, by Marta Jackson.",book: brand name with no gun context (poet/painter/place/horse)
mdp.39015002833039,1950,book,"The immortal lovers / Elizabeth Barrett and Robert Browning, a biography.",book: brand name with no gun context (poet/painter/place/horse)
uc1.b3578902,1950,book,"The immortal lovers / Elizabeth Barrett and Robert Browning, a biography.",book: brand name with no gun context (poet/painter/place/horse)
uc1.b5378714,1950,book,The immortal lovers: Elizabeth Barrett & Robert Browning; a biography.,book: brand name with no gun context (poet/painter/place/horse)
uc1.b000678277,1969,book,The immortality of the soul in the poems of Tennyson and Browning.,book: brand name with no gun context (poet/painter/place/horse)
txu.059173024038603,1966,book,The importance of population factors in the current development of Latin America / Harley L. Browning.,book: brand name with no gun context (poet/painter/place/horse)
uc1.c2862341,1962,book,The infrared spectra of NF₂ ; The microwave spectrum of CH₃SF₅ ; The microwave spectra of free radicals / by Marlin Dale Harmony.,book: brand name with no gun context (poet/painter/place/horse)
mdp.39015005374726,1978,book,The international relations of Eastern Europe : a guide to information sources / Robin Alison Remington.,book: brand name with no gun context (poet/painter/place/horse)
uc1.b4474997,1948,book,"The inverted mountains: canyons of the West. Contributors, Weldon F. Heald, Edwin D. McKee [and] Harold S. Colton.",book: no firearm word or gun-context brand in title
mdp.39015010341249,1948,book,"The inverted mountains: canyons of the West. Contributors, Weldon F. Heald, Edwin D. McKee [and] Harold S. Colton.",book: no firearm word or gun-context brand in title
uc1.c077821373,1947,book,"The ladies' Browning circle meets, a comedy in one act for twelve women, by Enid Crawford Pierce ...",book: brand name with no gun context (poet/painter/place/horse)
mdp.39076000859384,1978,book,"The law and public school operation / LeRoy J. Peterson, Richard A. Rossmiller, Marlin M. Volz.",book: brand name with no gun context (poet/painter/place/horse)
mdp.39015008939814,1969,book,"The law and public school operation / [by] LeRoy J. Peterson, Richard A. Rossmiller [and] Marlin M. Volz.",book: brand name with no gun context (poet/painter/place/horse)
uc1.b4279475,1969,book,"The law and public school operation / [by] LeRoy J. Peterson, Richard A. Rossmiller [and] Marlin M. Volz.",book: brand name with no gun context (poet/painter/place/horse)
uc1.b3553521,1975,book,"The letters of Robert Browning to Frederick and Nina Lehmann, 1863-1889 / edited with introd. and notes by Boyd Litzinger",book: brand name with no gun context (poet/painter/place/horse)
uc1.b4937892,1966,book,"The life of Robert Browning, with notices of his writings,",book: brand name with no gun context (poet/painter/place/horse)
mdp.39015009107643,1966,book,"The life of Robert Browning, with notices of his writings,",book: brand name with no gun context (poet/painter/place/horse)
mdp.39015003720516,1980,book,The loss rate concept in safety engineering / R. L. Browning.,book: brand name with no gun context (poet/painter/place/horse)
cub.p101293008004,1936,book,The man of the storm : a romance of Colter who discovered Yellowstone / by Ethel Hueston.,book: no firearm word or gun-context brand in title
umn.319510021036314,1936,book,The man of the storm : a romance of Colter who discovered Yellowstone.,book: no firearm word or gun-context brand in title
mdp.39076000683446,1980,book,"The managerial experience : cases, exercises, and readings / William F. Glueck, Lawrence R. Jauch, Sally Coltrin.",book: no firearm word or gun-context brand in title
mdp.39015033162630,1970,book,The manuscripts of Pauline Archange; a novel / Translated from the French by Derek Coltman.,book: no firearm word or gun-context brand in title
uc1.$b114703,1970,book,The manuscripts of Pauline Archange; a novel / Translated from the French by Derek Coltman.,book: no firearm word or gun-context brand in title
nyp.33433010755597,1960,book,The marlinspike sailor / by Hervey Garrett Smith.,book: no firearm word or gun-context brand in title
mdp.49015000321241,1971,book,The marlinspike sailor.,book: no firearm word or gun-context brand in title
mdp.39015003213249,1967,book,"The molecular biology of viruses : proceedings of the Symposium of the Molecular Biology of Viruses held at the University of Alberta, Canada, June 27th to 30th, 1966 in conjunction with the Faculty of Medicine of the University of Alberta. / edited by John S. Colter and William Paranchych.",book: no firearm word or gun-context brand in title
mdp.39015003393975,1967,book,"The molecular biology of viruses : proceedings of the Symposium of the Molecular Biology of Viruses held at the University of Alberta, Canada, June 27th to 30th, 1966 in conjunction with the Faculty of Medicine of the University of Alberta. / edited by John S. Colter and William Paranchych.",book: no firearm word or gun-context brand in title
uc1.b4521673,1967,book,"The molecular biology of viruses : proceedings of the Symposium of the Molecular Biology of Viruses held at the University of Alberta, Canada, June 27th to 30th, 1966 in conjunction with the Faculty of Medicine of the University of Alberta. / edited by John S. Colter and William Paranchych.",book: no firearm word or gun-context brand in title
mdp.39015006704426,1976,book,The moral context of pastoral care / Don S. Browning.,book: brand name with no gun context (poet/painter/place/horse)
uc1.$b116507,1938,book,"The mystery and the detective, a collection of stories, edited by Blanche Colton Williams ...",book: no firearm word or gun-context brand in title
uc1.31822012849501,1972,book,"The natural resources of Elkhorn Slough; their present and future use. Prepared by Bruce M. Browning, assisted by John A. Aplin [and others",book: brand name with no gun context (poet/painter/place/horse)
uc1.31210026475499,1972,book,"The natural resources of Elkhorn Slough; their present and future use. Prepared by Bruce M. Browning, assisted by John A. Aplin [and others",book: brand name with no gun context (poet/painter/place/horse)
mdp.39015063851011,1934,book,"The new pioneers; the first picture of the American people, East--West--North--South, under the new deal / by James Remington McCarthy.",book: brand name with no gun context (poet/painter/place/horse)
mdp.39015000873912,1972,book,The nurse in community mental health / Compiled by Edith P. Lewis and Mary H. Browning. -,book: brand name with no gun context (poet/painter/place/horse)
txu.059173004384565,1976,book,The origins and comparability of Peruvian population data : 1776-1815 / David G. Browning and David J. Robinson.,book: brand name with no gun context (poet/painter/place/horse)
mdp.39015073376702,1971,book,The outward side / James Colton.,book: no firearm word or gun-context brand in title
inu.32000004651966,1934,book,The poems and plays of Robert Browning.,book: brand name with no gun context (poet/painter/place/horse)
mdp.39015032548425,1971,book,"The poems of Robert Browning / Selected, edited & introduced by C. Day Lewis ; illustrated with wood engravings by Peter Reddick.",book: brand name with no gun context (poet/painter/place/horse)
inu.30000117261150,1979,book,"The poems of Robert Browning / selected, edited & introduced by C. Day Lewis ; illustrated with wood engravings by Peter Reddick.",book: brand name with no gun context (poet/painter/place/horse)
mdp.49015000811548,1967,book,The poet's eye; an introduction to poetry for young people / Illustrated by Colleen Browning.,book: brand name with no gun context (poet/painter/place/horse)
pst.000006567583,1965,book,"The poetry of Robert Browning, by Ralph Ranald.",book: brand name with no gun context (poet/painter/place/horse)
inu.30000117261234,1978,book,The portrait of a lady / Henry James ; illustrations by Colleen Browning ; introduction by R.W. Stallman.,book: brand name with no gun context (poet/painter/place/horse)
mdp.39015054031870,1967,book,The portrait of a lady / Illus. by Colleen Browning. Introd. by R.W. Stallman.,book: brand name with no gun context (poet/painter/place/horse)
uc1.31210006720336,1971,book,The private correspondence of Henry Clay. Edited by Calvin Colton.,book: no firearm word or gun-context brand in title
mdp.39015004744655,1977,book,The pursuit of dignity : new living alternatives for the elderly / Bert Kruger Smith.,book: no firearm word or gun-context brand in title
mdp.39015072126785,1977,book,The pursuit of dignity : new living alternatives for the elderly / Bert Kruger Smith.,book: no firearm word or gun-context brand in title
uc1.b3868932,1977,book,The pursuit of dignity : new living alternatives for the elderly / Bert Kruger Smith.,book: no firearm word or gun-context brand in title
coo.31924091592281,1957,book,"The raccolta ; or, A manual of indulgences, prayers, and devotions enriched with indulgences in favor of all the faithful in Christ or of certain groups of persons, and now opportunely revised, edited and in part newly translated into English from the 1950 official edition ""Enchiridion indulgentiaru",book: no firearm word or gun-context brand in title
mdp.39015095008168,1960,book,The radiochemistry of mercury / J. Roesmer and P. Kruger.,book: no firearm word or gun-context brand in title
uc1.b3315096,1934,book,"The reader's Browning; selected poems, edited, with introduction, bibliography, and notes by Walter Graham.",book: brand name with no gun context (poet/painter/place/horse)
mdp.39015041086169,1972,book,"The recent paintings of Colleen Browning. Exhibition to be shown at Kennedy Galleries, New York City, Jan. 5-22, 1972; the Columbus Museum of Arts and Crafts, Columbus, Ga., Feb. 13-Mar. 5, 1972; Columbia Museum of Art, Columbia, S.C., Mar. 19-Apr. 23, 1972; the Florence Museum, Florence, S.C., Apr.",book: brand name with no gun context (poet/painter/place/horse)
mdp.39076000518139,1977,book,The recordings of John Coltrane : a discography / by David Wild.,book: no firearm word or gun-context brand in title
pur1.32754065494357,1969,book,"The republic of Ecuador, social, intellectual and religious conditions today, by Webster E. Browning ...",book: brand name with no gun context (poet/painter/place/horse)
nnc2.ark:/13960/s2t887x9njb,1969,book,"The republic of Ecuador, social, intellectual and religious conditions today, by Webster E. Browning ...",book: brand name with no gun context (poet/painter/place/horse)
umn.31951d01736452n,1975,book,"The requirements and maintenance of environmental quality in the intensive culture of channel catfish : an annotated bibliography / John Colt, George Tchobanoglous, Brian Wong.",book: brand name with no gun context (poet/painter/place/horse)
mdp.39015024090154,1967,book,The roan colt / Illustrated by David Parry.,book: brand name with no gun context (poet/painter/place/horse)
uc1.$b1705,1964,book,"The role of the United States Employment Service in a changing economy, by William Haber and Daniel H. Kruger.",book: no firearm word or gun-context brand in title
mdp.39015065420039,1964,book,"The role of the United States Employment Service in a changing economy, by William Haber and Daniel H. Kruger.",book: no firearm word or gun-context brand in title
mdp.39015065420047,1964,book,"The role of the United States Employment Service in a changing economy, by William Haber and Daniel H. Kruger.",book: no firearm word or gun-context brand in title
mdp.39015065420054,1964,book,"The role of the United States Employment Service in a changing economy, by William Haber and Daniel H. Kruger.",book: no firearm word or gun-context brand in title
uc1.$b676050,1969,book,The rules of the game in Paris [by] Nathan Leites. Translated by Derek Coltman. With a foreword by Raymond Aron.,book: no firearm word or gun-context brand in title
mdp.39015049909651,1969,book,The rules of the game in Paris [by] Nathan Leites. Translated by Derek Coltman. With a foreword by Raymond Aron.,book: no firearm word or gun-context brand in title
inu.39000002302532,1979,book,The salvation of the gentiles : essays on the Acts of the Apostles / Jacques Dupont ; translated by John R. Keating.,book: no firearm word or gun-context brand in title
pst.000003094303,1968,book,The scarlet thread : a group on one-act plays for young people. / Drawings by Barbara Remington.,book: brand name with no gun context (poet/painter/place/horse)
iau.31858024255303,1939,book,"The scene shifter, by Alice Du Pont Ortiz.",book: no firearm word or gun-context brand in title
uva.x000890511,1942,book,The selected poems of Robert Browning / introduction by Pierre Loving.,book: brand name with no gun context (poet/painter/place/horse)
uva.x000330349,1942,book,The selected poems of Robert Browning / introduction by Pierre Loving.,book: brand name with no gun context (poet/painter/place/horse)
uc1.31822039170147,1968,book,"The shell : five hundred million years of inspired design / by Hugh and Marguerite Stix and R. Tucker Abbott, Du Pont Chair of Malacology, Delaware Museum of Natural History ; photographs by H. Landshoff.",book: no firearm word or gun-context brand in title
iau.31858007092145,1937,book,The shorter poems of Robert Browning / edited with an introduction by William Clyde De Vane.,book: brand name with no gun context (poet/painter/place/horse)
uva.x000302004,1947,book,"The shorter poems of Robert Browning, edited with an introd. by William Clyde De Vane.",book: brand name with no gun context (poet/painter/place/horse)
mdp.39015053777457,1968,book,The song of Hiawatha / by Henry Wadsworth Longfellow ; with ill. from designs by Frederic Remington.,book: brand name with no gun context (poet/painter/place/horse)
uc1.31970006396185,1969,book,The sonnets of Robert Browning / by Benjamin Sagar,book: brand name with no gun context (poet/painter/place/horse)
uc1.$b172944,1960,book,The surgery of Theodoric: ca. A.D. 1267. Translated from the Latin by Eldridge Campbell and James Colton.,book: no firearm word or gun-context brand in title
uc1.$b172945,1960,book,The surgery of Theodoric: ca. A.D. 1267. Translated from the Latin by Eldridge Campbell and James Colton.,book: no firearm word or gun-context brand in title
mdp.39015011279117,1960,book,The surgery of Theodoric: ca. A.D. 1267. Translated from the Latin by Eldridge Campbell and James Colton.,book: no firearm word or gun-context brand in title
mdp.39015011277962,1960,book,The surgery of Theodoric: ca. A.D. 1267. Translated from the Latin by Eldridge Campbell and James Colton.,book: no firearm word or gun-context brand in title
msu.31293031752946,1975,book,The tenth year / by Kaye Kruger Zahorchak.,book: no firearm word or gun-context brand in title
uva.x000221438,1967,book,The theology of the spiritual life / by Karl Rahner ; translated by Karl-H. and Boniface Kruger.,book: no firearm word or gun-context brand in title
uva.x000619575,1967,book,The theology of the spiritual life / by Karl Rahner ; translated by Karl-H. and Boniface Kruger.,book: no firearm word or gun-context brand in title
pst.000006168384,1962,book,The three bears and Goldilocks. / Edited by Nova Nestrick. Illustrated by Barbara Remington.,book: brand name with no gun context (poet/painter/place/horse)
txu.059173018310443,1965,book,The tongue of the Tirilones; a linguistic study of a criminal argot / by Lurline Coltharp.,book: no firearm word or gun-context brand in title
txu.059173015221675,1965,book,The tongue of the Tirilones; a linguistic study of a criminal argot / by Lurline Coltharp.,book: no firearm word or gun-context brand in title
uc1.32106009254126,1965,book,The tongue of the Tirilones; a linguistic study of a criminal argot / by Lurline Coltharp.,book: no firearm word or gun-context brand in title
uc1.32106000240942,1967,book,The tournament: its periods and phases [by] R. Coltman Clephan. With a pref. by Charles Ffoulkes.,book: no firearm word or gun-context brand in title
uiuc.1347713,1967,book,The tournament: its periods and phases [by] R. Coltman Clephan. With a pref. by Charles Ffoulkes.,book: no firearm word or gun-context brand in title
uc1.b4592588,1972,book,The tragi-comedy of Pen Browning (1849-1912). With an introd. by Robert Coles.,book: brand name with no gun context (poet/painter/place/horse)
mdp.39015031213419,1972,book,The tragi-comedy of Pen Browning (1849-1912). With an introd. by Robert Coles.,book: brand name with no gun context (poet/painter/place/horse)
mdp.39015031169306,1963,book,"The treasure house of early American rooms / Photos, by Gilbert Ask. Introd. by Henry Francis du Pont.",book: no firearm word or gun-context brand in title
mdp.39015007067989,1963,book,The triple soul: Browning's theory of knowledge.,book: brand name with no gun context (poet/painter/place/horse)
uc1.b3578900,1963,book,The triple soul: Browning's theory of knowledge.,book: brand name with no gun context (poet/painter/place/horse)
mdp.39076005352732,1975,book,The vanishing land : the corporate theft of America / Frank Browning.,book: brand name with no gun context (poet/painter/place/horse)
mdp.39015009290589,1973,book,The variance and the unity; a study of the complementary poems of Robert Browning / [by] William E. Harrold.,book: brand name with no gun context (poet/painter/place/horse)
coo.31924004019034,1962,book,The velocity distribution in a velocity-modulated electron beam from a shielded Pierce gun.,book: gun word is physics or a personal name
uva.x000131975,1976,book,The versification of Robert Browning / by Harlan Henthorne Hatcher.,book: brand name with no gun context (poet/painter/place/horse)
mdp.39076006224641,1968,book,The versification of Robert Browning.,book: brand name with no gun context (poet/painter/place/horse)
mdp.49015001008342,1969,book,The versification of Robert Browning.,book: brand name with no gun context (poet/painter/place/horse)
mdp.39015046858547,1966,book,The woman with the little fox : three novellas / by Violette Leduc ; translated from the French by Derek Coltman.,book: no firearm word or gun-context brand in title
uc1.$b63973,1933,book,"The woods colt, a novel of the Ozark hills, by Thames Williamson; illustrated by Raymond Bishop.",book: brand name with no gun context (poet/painter/place/horse)
uiug.30112124388437,1958,book,"The worth of a boy; report on a camp for disturbed youngsters [by] Bert Kruger Smith, with the assistance of Campbell Loughmiller. Based in part on a master's thesis by Wilbur Clarence Breining, jr.",book: no firearm word or gun-context brand in title
hvd.32044004481974,1937,book,"The year book of the golden anniversary of the Boston Browning Society, 1885-1935.",book: brand name with no gun context (poet/painter/place/horse)
mdp.39015095256676,1974,book,"Thermal ecology : proceedings of a symposium held at Augusta, Georgia, May 3-5, 1973 / edited by J. Whitfield Gibbons, Rebecca R. Sharitz ; sponsored by Savannah River Ecology Laboratory, University of Georgia, Savannah River Laboratory, E. I. DuPont de Nemours & Co., inc., Savannah River Operations",book: no firearm word or gun-context brand in title
uc1.b4127558,1974,book,"Thermal ecology : proceedings of a symposium held at Augusta, Georgia, May 3-5, 1973 / edited by J. Whitfield Gibbons, Rebecca R. Sharitz ; sponsored by Savannah River Ecology Laboratory, University of Georgia, Savannah River Laboratory, E. I. DuPont de Nemours & Co., inc., Savannah River Operations",book: no firearm word or gun-context brand in title
uc1.b3760379,1974,book,"Thermal ecology : proceedings of a symposium held at Augusta, Georgia, May 3-5, 1973 / edited by J. Whitfield Gibbons, Rebecca R. Sharitz ; sponsored by Savannah River Ecology Laboratory, University of Georgia, Savannah River Laboratory, E. I. DuPont de Nemours & Co., inc., Savannah River Operations",book: no firearm word or gun-context brand in title
mdp.39015063732658,1976,book,Three years in California / Walter Colton.,book: no firearm word or gun-context brand in title
txu.059173018131488,1976,book,Three years in California / Walter Colton.,book: no firearm word or gun-context brand in title
wu.89010821957,1978,book,Time dependent subtraction imaging using computerized fluoroscopy / by Robert Anthony Kruger.,book: no firearm word or gun-context brand in title
uc1.$b440968,1964,book,"Time's revenges; Browning's reputation as a thinker, 1889-1962.",book: brand name with no gun context (poet/painter/place/horse)
mdp.39015013444123,1964,book,"Time's revenges; Browning's reputation as a thinker, 1889-1962.",book: brand name with no gun context (poet/painter/place/horse)
mdp.39015001960213,1969,book,Toward a new curriculum in physical education / [by] Marlin M. Mackenzie.,book: brand name with no gun context (poet/painter/place/horse)
uc1.b4384697,1969,book,Toward a new curriculum in physical education / [by] Marlin M. Mackenzie.,book: brand name with no gun context (poet/painter/place/horse)
umn.31951d01416151y,1979,book,Trails for Oregon : a plan for a recreation trails system / by Jack Remington and Jean Keating.,book: brand name with no gun context (poet/painter/place/horse)
coo.31924000873038,1971,book,"Training a colt at the ""Ranch in White"", by Cal and Ruth Thompson.",book: brand name with no gun context (poet/painter/place/horse)
uc1.c3474296,1957,book,"Transfer of learning sets employing ""learning without awareness"" procedures / by Julius Marlin Sassenrath.",book: brand name with no gun context (poet/painter/place/horse)
mdp.39015011853101,1966,book,Transistor physics and circuits / [by] Marlin P. Ristenbatt [and] Robert L. Riddle.,book: brand name with no gun context (poet/painter/place/horse)
uc1.b4164615,1966,book,Transistor physics and circuits / [by] Marlin P. Ristenbatt [and] Robert L. Riddle.,book: brand name with no gun context (poet/painter/place/horse)
pst.000025073386,1969,book,Trapshooting with D. Lee Braun and the Remington pros. / Edited by Robert Campbell.,book: brand name with no gun context (poet/painter/place/horse)
wu.89038467411,1940,book,Trees and shrubs for landscape effects / by Marian Cruger Coffin.,book: no firearm word or gun-context brand in title
mdp.39015033369037,1971,book,Tristan; a novel / Translated by Derek Coltman.,book: no firearm word or gun-context brand in title
mdp.39015008538236,1968,book,Twentieth century / by Joel G. Colton and the editors of Time-Life Books.,book: no firearm word or gun-context brand in title
mdp.39015005395051,1971,book,Twenty-two unpublished letters of Elizabeth Barrett Browning and Robert Browning addressed to Henrietta and Arabella Moulton-Barrett.,book: brand name with no gun context (poet/painter/place/horse)
uva.x030800547,1945,book,"Twinkle, the baby colt,",book: brand name with no gun context (poet/painter/place/horse)
uc1.b3843784,1965,book,"Understanding mental health, a common need, a less frequent achievement. Edited by Robert L. Sutherland and Bert Kruger Smith.",book: no firearm word or gun-context brand in title
mdp.39015072181228,1965,book,"Understanding mental health, a common need, a less frequent achievement. Edited by Robert L. Sutherland and Bert Kruger Smith.",book: no firearm word or gun-context brand in title
chi.46388285,1957,book,Univac GP : generalized programming/ Remington Rand Univac.,book: brand name with no gun context (poet/painter/place/horse)
txu.059173026797911,1968,book,Urbanization and internal migration in Latin America / Harley L. Browning.,book: brand name with no gun context (poet/painter/place/horse)
uc1.c2944680,1962,book,Urbanization in Mexico / by Harley Linwood Browning.,book: brand name with no gun context (poet/painter/place/horse)
mdp.39015008619549,1967,book,Vanishing Cornwall / Photos. by Christian Du Maurier Browning.,book: brand name with no gun context (poet/painter/place/horse)
uc1.b4092946,1967,book,Vanishing Cornwall / Photos. by Christian Du Maurier Browning.,book: brand name with no gun context (poet/painter/place/horse)
coo.31924004484584,1978,book,"Vapor phase epitaxial growth of GaAs / by William Marlin Evey, Jr.",book: brand name with no gun context (poet/painter/place/horse)
mdp.39015065512496,1949,book,Vectors and matrices / by Cyrus Colton MacDuffee.,book: no firearm word or gun-context brand in title
uc1.b4062781,1943,book,"Vectors and matrices, by Cyrus Colton MacDuffee.",book: no firearm word or gun-context brand in title
uc1.31822013022561,1973,book,"Versatile Yankee; the art of Jonathan Fisher, 1768-1847 [by] Alice Winchester",book: brand name with no gun context (poet/painter/place/horse)
mdp.39015008269931,1974,book,Very sure of God: religious language in the poetry of Robert Browning / [by] E. LeRoy Lawson.,book: brand name with no gun context (poet/painter/place/horse)
uc1.b4585166,1974,book,Very sure of God: religious language in the poetry of Robert Browning / [by] E. LeRoy Lawson.,book: brand name with no gun context (poet/painter/place/horse)
inu.30000104741016,1972,book,"Video cartridge, cassette, and disc player systems; proceedings of the symposium, October 7 and 8, 1971, Montreal. Stanley F. Quinn, chairman.",book: no firearm word or gun-context brand in title
wu.89010874170,1976,book,"Visions of reality : value and perspectives in the prose of Carlos Castaneda, Robert M. Prisig, Ursula K. Le Guin, James Purdy, Cyrus Colter and Sylvia Plath / by Joan Ellen Perry.",book: no firearm word or gun-context brand in title
mdp.39015034431182,1966,book,Went to Kansas / by Miriam (Davis) Colt.,book: brand name with no gun context (poet/painter/place/horse)
uva.x000378296,1953,book,"What I know about Winchester; recollections of William Greenway Russell, 1800-1891. Reprinted from the Winchester news by the Winchester-Frederick County Historical Society. Editors: Garland R. Quarles [and] Lewis N. Barton ...",book: brand name with no gun context (poet/painter/place/horse)
iau.31858024964177,1953,book,What to do when [by] Jennifer Colton [pseud.,book: no firearm word or gun-context brand in title
uc1.b4099080,1962,book,Whitey & the colt-killer.,book: brand name with no gun context (poet/painter/place/horse)
ien.35556003065067,1969,book,Why pension funds should buy common stocks [by] Colin A. Browning.,book: brand name with no gun context (poet/painter/place/horse)
wu.89100332493,1936,book,"Winchester house,/ by Anne Green.",book: brand name with no gun context (poet/painter/place/horse)
uva.x000574314,1976,book,Winterthur Museum and gardens / Henry Francis du Pont Winterthur Museum.,book: no firearm word or gun-context brand in title
hvd.32044031756927,1949,book,"Wisconsin practice methods; a lawyers ̓practical treatise and guide on what to do and how to proceed in the discharge of the various services performed by Wisconsin lawyers, with informative practice suggestions and outlines of procedure, by Marlin M Volz [and others].",book: brand name with no gun context (poet/painter/place/horse)
mdp.39015002385568,1968,book,"Wolfville yarns of Alfred Henry Lewis / Selected and edited by Rolfe and John Humphries, with an introd. by the former. Illus. of Frederic Remington.",book: brand name with no gun context (poet/painter/place/horse)
osu.32435024382368,1953,book,"Woodchuck Cave, a Basketmaker II site in Tsegi Canyon, Arizona, by H. Claiborne Lockett and Lyndon L. Hargrave. Edited by Harold S. Colton and Robert C. Euler.",book: no firearm word or gun-context brand in title
uc1.b4625643,1968,book,"Wordsworth, Tennyson, and Browning; a study in human freedom, by Solomon F. Gingerich.",book: brand name with no gun context (poet/painter/place/horse)
pst.000028592037,1968,book,"Wordsworth, Tennyson, and Browning; a study in human freedom, by Solomon F. Gingerich.",book: brand name with no gun context (poet/painter/place/horse)
uc1.b4098531,1965,book,Worth fighting for; a history of the Negro in the United States during the Civil War and Reconstruction [by] Agnes McCarthy and Lawrence Reddick. Illustrated by Colleen Browning.,book: brand name with no gun context (poet/painter/place/horse)
uiug.30112129280431,1947,serial,"Accommodations for hunters / compiled by Tourist Division, State Department of Commerce.",serial: off-topic title (bare 'hunting' match)
uiug.30112129280449,1948,serial,"Accommodations for hunters / compiled by Tourist Division, State Department of Commerce.",serial: off-topic title (bare 'hunting' match)
uiug.30112122579102,1978,serial,Archery deer hunting information.,serial: off-topic title (bare 'hunting' match)
osu.32435030908727,1954,serial,"Campground guide for tent or trailer tourists, fishermen, hunters, etc.",serial: off-topic title (bare 'hunting' match)
uiug.30112107767516,1940,serial,"Compilation of laws affecting hunting, fishing and trapping; dealing in furs; and taxidemy / compiled under direction of ... Game and Fish Commissioner.",serial: off-topic title (bare 'hunting' match)
uiug.30112107767508,1942,serial,"Compilation of laws affecting hunting, fishing and trapping; dealing in furs; and taxidemy / compiled under direction of ... Game and Fish Commissioner.",serial: off-topic title (bare 'hunting' match)
coo.31924053805523,1959,serial,Field and stream.,serial: duplicate library copy (same title/year/enumeration)
inu.30000048861862,1980,serial,Indiana ... hunting and trapping regulations.,serial: off-topic title (bare 'hunting' match)
mdp.39015014104536,1931,serial,Journal of the outdoor life.,serial: off-topic title (bare 'hunting' match)
uc1.b4332603,1931,serial,Journal of the outdoor life.,serial: off-topic title (bare 'hunting' match)
chi.77578319,1931,serial,Journal of the outdoor life.,serial: off-topic title (bare 'hunting' match)
mdp.39015014104528,1932,serial,Journal of the outdoor life.,serial: off-topic title (bare 'hunting' match)
uc1.b4332604,1932,serial,Journal of the outdoor life.,serial: off-topic title (bare 'hunting' match)
chi.77578371,1932,serial,Journal of the outdoor life.,serial: off-topic title (bare 'hunting' match)
mdp.39015014104510,1933,serial,Journal of the outdoor life.,serial: off-topic title (bare 'hunting' match)
chi.77578439,1933,serial,Journal of the outdoor life.,serial: off-topic title (bare 'hunting' match)
mdp.39015014104502,1934,serial,Journal of the outdoor life.,serial: off-topic title (bare 'hunting' match)
chi.77578491,1934,serial,Journal of the outdoor life.,serial: off-topic title (bare 'hunting' match)
mdp.39015014104494,1935,serial,Journal of the outdoor life.,serial: off-topic title (bare 'hunting' match)
chi.77578559,1935,serial,Journal of the outdoor life.,serial: off-topic title (bare 'hunting' match)
uma.ark:/13960/t6tx4n09x,1978,serial,"Manual for the issuance of sporting, hunting, fishing and trapping licenses for the year ..",serial: off-topic title (bare 'hunting' match)
umn.31951d009559796,1980,serial,"Status of wildlife populations, fall ... and ... hunting and trapping harvest statistics.",serial: off-topic title (bare 'hunting' match)
mdp.39015071311172,1974,serial,Suburban Detroit's home hunters guide.,serial: off-topic title (bare 'hunting' match)
mdp.39015071311164,1976,serial,Suburban Detroit's home hunters guide.,serial: off-topic title (bare 'hunting' match)
mdp.39015071311156,1977,serial,Suburban Detroit's home hunters guide.,serial: off-topic title (bare 'hunting' match)
nyp.33433000725915,1932,serial,"The Rider & Driver. An illustrated weekly devoted to horse shows, coaching, hunting ... and all forms of amateur horse manship ...",serial: off-topic title (bare 'hunting' match)
nyp.33433000725949,1932,serial,"The Rider & Driver. An illustrated weekly devoted to horse shows, coaching, hunting ... and all forms of amateur horse manship ...",serial: off-topic title (bare 'hunting' match)
nyp.33433000725923,1932,serial,"The Rider & Driver. An illustrated weekly devoted to horse shows, coaching, hunting ... and all forms of amateur horse manship ...",serial: off-topic title (bare 'hunting' match)
nyp.33433000725931,1933,serial,"The Rider & Driver. An illustrated weekly devoted to horse shows, coaching, hunting ... and all forms of amateur horse manship ...",serial: off-topic title (bare 'hunting' match)
nyp.33433000725956,1934,serial,"The Rider & Driver. An illustrated weekly devoted to horse shows, coaching, hunting ... and all forms of amateur horse manship ...",serial: off-topic title (bare 'hunting' match)
nyp.33433000725964,1934,serial,"The Rider & Driver. An illustrated weekly devoted to horse shows, coaching, hunting ... and all forms of amateur horse manship ...",serial: off-topic title (bare 'hunting' match)
nyp.33433000725972,1935,serial,"The Rider & Driver. An illustrated weekly devoted to horse shows, coaching, hunting ... and all forms of amateur horse manship ...",serial: off-topic title (bare 'hunting' match)
nyp.33433000725980,1936,serial,"The Rider & Driver. An illustrated weekly devoted to horse shows, coaching, hunting ... and all forms of amateur horse manship ...",serial: off-topic title (bare 'hunting' match)
nyp.33433000725998,1937,serial,"The Rider & Driver. An illustrated weekly devoted to horse shows, coaching, hunting ... and all forms of amateur horse manship ...",serial: off-topic title (bare 'hunting' match)
nyp.33433000726004,1938,serial,"The Rider & Driver. An illustrated weekly devoted to horse shows, coaching, hunting ... and all forms of amateur horse manship ...",serial: off-topic title (bare 'hunting' match)
nyp.33433000726012,1939,serial,"The Rider & Driver. An illustrated weekly devoted to horse shows, coaching, hunting ... and all forms of amateur horse manship ...",serial: off-topic title (bare 'hunting' match)
nyp.33433000726103,1950,serial,"The Rider & Driver. An illustrated weekly devoted to horse shows, coaching, hunting ... and all forms of amateur horse manship ...",serial: off-topic title (bare 'hunting' match)
nyp.33433000726111,1951,serial,"The Rider & Driver. An illustrated weekly devoted to horse shows, coaching, hunting ... and all forms of amateur horse manship ...",serial: off-topic title (bare 'hunting' match)
