htid,year,decade,bib_fmt,imprint_country,genre_stratum,n_copies,ht_bib_key,title
coo.31924014488302,1939,1930,BK,uk,AGRICULTURAL,2,005972511,British and Irish writers on agriculture.
wu.89078199718,1933,1930,BK,uk,AGRICULTURAL,1,006772428,The organisation of agriculture.
inu.30000090963780,1934,1930,BK,uk,CATALOG,1,010556918,A catalogue of rare books ...
mdp.39015079952738,1935,1930,BK,uk,CATALOG,1,001178428,Catalogue of Arabic printed books in the British Museum / by A. G. Ellis.
osu.32435004608717,1938,1930,BK,uk,CATALOG,1,102618824,A catalogue of the ammonites of the Liassic family Liparoceratidae in the British museum (Natural history) by L. F. Spat
iau.31858049682366,1934,1930,BK,uk,GENERAL_PERIODICAL,1,102973878,"The complete Marjory Fleming ; her journals, letters, and verses / Transcribed and edited by Frank Sidgwick."
uiug.30112056958215,1935,1930,BK,uk,GENERAL_PERIODICAL,1,103087051,"The complete journalist; a study of the principles and practice of newspaper-making, by F.J. Mansfield. With a foreword "
inu.30000022544278,1931,1930,BK,uk,LEGAL,1,009403406,"The complete statutes of England : classified and annotated, in continuation of Halsbury's Laws of England and for ready"
uc1.$b297443,1932,1930,BK,uk,MEDICAL,1,006531724,"Konnersreuth; a medical and psychological study of the case of Teresa Neumann, by R. W. Hynek, translated and adapted by"
uc1.b4100225,1939,1930,BK,uk,MEDICAL,1,006153975,Synopsis of regional anatomy / by T.B. Johnston
mdp.39015033681035,1931,1930,BK,uk,REFERENCE,2,001169188,1100 obscure points : the bibliographies of 25 English and 21 American authors / by Dr. Jacob Schwartz.
mdp.39015033894083,1935,1930,BK,uk,REFERENCE,3,001107587,"A manual of library organization, by B. M. Headicar."
mdp.39015066348197,1938,1930,BK,uk,REFERENCE,1,000199113,The Victoria history of the county of Huntingdon. Index to the Victoria history of the county of Huntingdon.
mdp.39015073192992,1939,1930,BK,uk,REFERENCE,1,000194051,The city of Liverpool official handbook ... : 1939.
uc1.$b574496,1936,1930,BK,uk,REFERENCE,2,008851369,"Thorpe's dictionary of applied chemistry. Supplement, by Jocelyn Field Thorpe ... and M.A. Whiteley ..."
uc1.31822028365112,1937,1930,BK,uk,REFERENCE,1,102481050,Manipulus vocabulorum : a rhyming dictionary of the English language / by Peter Levins (1570) ; edited with an alphabeti
inu.32000014228680,1939,1930,BK,uk,RELIGIOUS,1,006018718,Divided Christendom; a Catholic study of the problem of reunion.
mdp.39015030615556,1938,1930,BK,uk,RELIGIOUS,1,000720085,"Sermons, addresses and studies / by the Chief Rabbi (J. H. Hertz)."
mdp.39015033587646,1934,1930,BK,uk,RELIGIOUS,1,001757204,The Mount Sinai manuscript of the Bible; with four illustrations.
mdp.39015062952851,1933,1930,BK,uk,RELIGIOUS,1,001942485,"Church reform, a national obligation / With foreword by Dr. Stanton Coit."
mdp.39015069714650,1934,1930,BK,uk,RELIGIOUS,1,001638894,"Jus gentium methodo scientifica pertractatum, by Christian Wolff."
mdp.39076005304584,1935,1930,BK,uk,RELIGIOUS,1,006009111,"The philosophy of às if,́ a system of the theoretical, practical and religious fictions of mankind / by H. Vaihinger. Tr"
coo.31924002822512,1939,1930,BK,uk,UNLABELED,1,001506112,"Wall shrubs and hardy climbers, by W. J. Bean."
coo.31924006883395,1939,1930,BK,uk,UNLABELED,1,103190733,Ken and Joyce and the ghost elephant / by Hazel Armitage.
coo.31924091521413,1935,1930,BK,uk,UNLABELED,1,010697523,Acts of parliament affecting mines and agreements under the acts.
hvd.32044099171423,1931,1930,BK,uk,UNLABELED,1,102714248,Adam Bede.
iau.31858009608393,1936,1930,BK,uk,UNLABELED,2,000431971,The works of John Galt / Ed. by D. S. Meldrum and William Roughead.
iau.31858024950622,1935,1930,BK,uk,UNLABELED,1,102943642,Man's becoming / received and recorded by Helen Sheppard Plimpton.
iau.31858028856627,1934,1930,BK,uk,UNLABELED,1,102880234,The Lutheran origin of the Anglican ordinal / by E.C. Messenger.
ien.35556001165869,1935,1930,BK,uk,UNLABELED,1,010606510,"Awareness and the neuroses of declining years [by] Drs. Mary Ferguson, Hilda Weber, O.H. Woodcock, F.V. Bevan-Brown and "
inu.30000005481803,1935,1930,BK,uk,UNLABELED,2,006033333,Charles I and Cromwell : an essay / by G. M. Young.
inu.30000108290432,1932,1930,BK,uk,UNLABELED,1,006048111,The tasks of the proletariat in our revolution / by V.I. Lenin.
inu.30000134532203,1936,1930,BK,uk,UNLABELED,1,011807068,Cæsar's mantle; the end of the Roman republic [by] Ferdinand Mainzer.
inu.32000004747806,1939,1930,BK,uk,UNLABELED,2,006068603,The Cambridge ancient history : volume of plates I-V / prepared by C.T. Seltman.
inu.32000004953701,1934,1930,BK,uk,UNLABELED,1,006067155,"The Cambridge modern history / planned by Lord Acton ; edited by A.W. Ward, G.W. Prothero, and Stanley Leathes."
inu.32000006714283,1939,1930,BK,uk,UNLABELED,1,006026507,"Our case, by Christopher Hollis."
inu.32000007937784,1933,1930,BK,uk,UNLABELED,2,006527110,Escape to life. Translated from the Hungarian by E.I. Holt and M.L. Elting.
inu.32000014409066,1933,1930,BK,uk,UNLABELED,1,006033178,"Queen Victoria, by Mona Wilson."
inu.39000002873706,1933,1930,BK,uk,UNLABELED,2,006034857,"England, by William Ralph Inge ..."
mdp.39015001143687,1934,1930,BK,uk,UNLABELED,1,001385337,Kant.
mdp.39015001523060,1938,1930,BK,uk,UNLABELED,1,000601701,The mosaics of Antioch / by C. R. Morey.
mdp.39015001612756,1935,1930,BK,uk,UNLABELED,1,001689865,Alliterative poetry in Middle English / by J. P. Oakden.
mdp.39015002190695,1936,1930,BK,uk,UNLABELED,1,004678195,Historic costuming / by Nevil Truman; with a foreword by C. B. Cochran.
mdp.39015002755885,1932,1930,BK,uk,UNLABELED,2,001377660,John Ruskin.
mdp.39015002841669,1932,1930,BK,uk,UNLABELED,1,000686581,"Moral theory, an introduction to ethics / by G. C. Field."
mdp.39015002917675,1936,1930,BK,uk,UNLABELED,1,001986512,The conduction of electricity through gases / by K.G. Emeléus ... With 37 diagrams.
mdp.39015003909911,1938,1930,BK,uk,UNLABELED,6,001193314,Plautus / with an English translation by Paul Nixon.
mdp.39015004178615,1933,1930,BK,uk,UNLABELED,1,001889957,"An economic history of Europe, 1760-1930 / by Arthur Birnie ..."
mdp.39015004763085,1935,1930,BK,uk,UNLABELED,1,000347350,A history of the Roman world from 146 to 30 B.C. / by Frank Burr Marsh. With five maps.
mdp.39015005275832,1937,1930,BK,uk,UNLABELED,1,001245212,Destiny of a revolution.
mdp.39015005309128,1933,1930,BK,uk,UNLABELED,1,001623705,Sailing craft.
mdp.39015005565513,1932,1930,BK,uk,UNLABELED,2,001371376,"English burlesque poetry, 1700-1750 / by Richmond P. Bond."
mdp.39015006880366,1936,1930,BK,uk,UNLABELED,1,001507077,"Transactions of the third International congress of soil science, Oxford, England, 1935 ..."
mdp.39015007047262,1935,1930,BK,uk,UNLABELED,1,001879759,Sex and temperament in three primitive societies / by Margaret Mead ...
mdp.39015008498050,1937,1930,BK,uk,UNLABELED,1,001110412,The works of Leo Tolstoy ...
mdp.39015008521653,1934,1930,BK,uk,UNLABELED,1,000311412,England in the reign of Charles II / by David Ogg.
mdp.39015009352207,1938,1930,BK,uk,UNLABELED,1,000239329,"A guide to the reports on collections of manuscripts of private families, corporations and institutions in Great Britain"
mdp.39015009608707,1931,1930,BK,uk,UNLABELED,1,001460784,Mendelssohn's 'Elijah'.
mdp.39015010405267,1936,1930,BK,uk,UNLABELED,1,001255771,Scott of the Shan hills; orders and impressions.
mdp.39015010421157,1934,1930,BK,uk,UNLABELED,1,000771719,The Jesuits and the Popish plot / by Malcolm V. Hay.
mdp.39015010568718,1939,1930,BK,uk,UNLABELED,1,001145529,"The House of Commons, 1832-1901 : a study of its economic and functional character / by J.A. Thomas."
mdp.39015011019109,1932,1930,BK,uk,UNLABELED,1,001768921,The geography of Strabo / with an English translation by Horace Leonard Jones ... Based in part upon the unfinished vers
mdp.39015012102912,1931,1930,BK,uk,UNLABELED,1,000634887,Bolshevism in Hungary; the Béla Kun period / by Baron Albert Kaas and Fedor de Lazarovics. With twenty-three illustratio
mdp.39015013237691,1936,1930,BK,uk,UNLABELED,1,001775039,A sentimental journey through France and Italy / by Laurence Sterne; with etching by Denis Tegetmeier.
mdp.39015013491520,1934,1930,BK,uk,UNLABELED,1,000458588,"The case of civilization against Hitlerism, presented under the auspices of the American Jewish congress at Madison squa"
mdp.39015017147672,1937,1930,BK,uk,UNLABELED,1,001475552,"Hevelius, Flamsteed and Halley; three contemporary astronomers and their mutual relations / by Eugene Fairfield MacPike "
mdp.39015019215279,1939,1930,BK,uk,UNLABELED,1,000193572,A history of Carmarthenshire / edited for the London Carmarthenshire Society.
mdp.39015020703164,1935,1930,BK,uk,UNLABELED,1,001054973,Darkness and dawn.
mdp.39015020935139,1931,1930,BK,uk,UNLABELED,1,001157017,"The reports of parliamentary debates, 1803-1908 / by H. Donaldson Jordan."
mdp.39015021998458,1938,1930,BK,uk,UNLABELED,1,002481424,The fatal years; fresh revelations on a chapter of underground history / by Colonel B. V. Nikitine; with a preface by Si
mdp.39015022777117,1937,1930,BK,uk,UNLABELED,1,001742842,The borderland between public and voluntary action in the social services / by Sir Hubert Llewellyn Smith ... Sidney Bal
mdp.39015026436843,1931,1930,BK,uk,UNLABELED,1,000360192,"The experimental study of reading / by M. D. Vernon, M. A."
mdp.39015026881592,1939,1930,BK,uk,UNLABELED,1,002859736,"The voyage of Nicholas Downton to the East Indies, 1614-15, as recorded in contemporary narratives and letters / Edited "
mdp.39015026987977,1938,1930,BK,uk,UNLABELED,1,001247808,Going home.
mdp.39015026999741,1931,1930,BK,uk,UNLABELED,2,001249728,Mandelslo's travels in western India (1638-9)
mdp.39015027768202,1931,1930,BK,uk,UNLABELED,1,001266744,"Life of Sayaji Rao III, maharaja of Baroda."
mdp.39015028185075,1936,1930,BK,uk,UNLABELED,1,000110549,Portrait of an unknown Victorian / by R. H. Mottram.
mdp.39015030723772,1935,1930,BK,uk,UNLABELED,1,001374684,English drama.
mdp.39015031030243,1937,1930,BK,uk,UNLABELED,1,001440993,Everyday English phrases : their idiomatic meanings and origins / by J.S. Whitehead ; with a foreword by Lord Sanderson.
mdp.39015031225215,1936,1930,BK,uk,UNLABELED,1,000430684,Arnold Bennett's letters to his nephew / with a preface by Frank Swinnerton.
mdp.39015031980371,1935,1930,BK,uk,UNLABELED,1,000687777,The recollections of a geographer / By E. A. Reeves ; with a foreword by Sir Francis Younghusband.
mdp.39015034570658,1939,1930,BK,uk,UNLABELED,1,001759886,A primer of book classification / by W. Howard Phillips ...
mdp.39015035283491,1933,1930,BK,uk,UNLABELED,1,001129912,Sir Ebenezer Howard and the town planning movement.
mdp.39015035763963,1933,1930,BK,uk,UNLABELED,3,001848818,Driving axle : a novel of socialist construction / by V. Ilyenkov.
mdp.39015038923531,1935,1930,BK,uk,UNLABELED,1,001768940,Thucydides / with an English translation by C. Forster Smith ... in four volumes ... History of the Peloponnesian war. B
mdp.39015047701316,1938,1930,BK,uk,UNLABELED,1,001970877,Mountains of the Moon; an expedition to the equatorial mountains of Africa.
mdp.39015048133865,1931,1930,BK,uk,UNLABELED,1,000366415,"Foundations of modern art / [by] Ozenfant, translated by John Rodker."
mdp.39015048883667,1937,1930,BK,uk,UNLABELED,1,000537731,"Andrew Lang's poetry / by A. Blyth Webster, being the Andrew Lang lecture delivered before the University of St. Andrews"
mdp.39015051098633,1939,1930,BK,uk,UNLABELED,1,102827796,Tacitus historical works ... / Tr. by Arthur Murphy.
mdp.39015054070530,1936,1930,BK,uk,UNLABELED,1,000670848,"The wild Irish girl; the life of Sydney Owenson, lady Morgan (1776-1859) / by Lionel Stevenson."
mdp.39015054084630,1939,1930,BK,uk,UNLABELED,3,001897361,Democracy and socialism: a contribution to the political history of the past 150 years / translated from the German by G
mdp.39015055354495,1938,1930,BK,uk,UNLABELED,2,001429335,Peasantry and crisis in France / by Neil Hunter.
mdp.39015058538003,1937,1930,BK,uk,UNLABELED,3,001260684,I find Australia.
mdp.39015059375629,1938,1930,BK,uk,UNLABELED,1,000779050,"The Winsome Wench; the story of a London inn, 1825-1900."
mdp.39015059392079,1934,1930,BK,uk,UNLABELED,1,000117719,Verses / by Elizabeth Daryush.
mdp.39015059418460,1936,1930,BK,uk,UNLABELED,1,000119438,Anthony and Anna; a comedy in three acts / by St. John G. Ervine.
mdp.39015062307346,1932,1930,BK,uk,UNLABELED,1,000752099,"An ambassador in bonds : the story of William Henry Jackson, priest, of the mission to the blind of Burma / by his siste"
mdp.39015063786605,1932,1930,BK,uk,UNLABELED,1,000233894,"Speeches and documents on the British dominions, 1918-1931; from self-government to national sovereignty / edited with a"
mdp.39015063787132,1937,1930,BK,uk,UNLABELED,1,000272724,"The study of British imperial history, an inaugural lecture delivered on 26 April 1937 / by Eric A. Walker."
mdp.39015068596918,1936,1930,BK,uk,UNLABELED,2,001498691,"Natural history / edited by Charles Tate Regan, with sixteen colour plates, and over a thousand photographs."
mdp.39015068636326,1938,1930,BK,uk,UNLABELED,1,002452532,"Palestine, terror or peace."
mdp.39015068649840,1934,1930,BK,uk,UNLABELED,1,001843084,The truth about Trotsky / by R.F. Andrews.
mdp.39015069768946,1934,1930,BK,uk,UNLABELED,1,000158472,A soviet writer looks at Vienna / Ilya Ehrenburg ; translated by Ivor Montagu.
mdp.39015069862376,1936,1930,BK,uk,UNLABELED,1,000350692,Fascist Italy / by Herbert Vivian.
mdp.39015074867543,1939,1930,BK,uk,UNLABELED,1,001315193,The story of the British colonial empire / by Douglas Woodruff. Issued by the Colonial Empire Marketing Board. Designed 
mdp.39015077935784,1938,1930,BK,uk,UNLABELED,2,001357194,"Essays in value, edited by Irving H. White, in collaboration with George B. Franklin, Edward A. Post ... [et al.] ..."
mdp.39015080189015,1934,1930,BK,uk,UNLABELED,1,001470194,Hiroshige / by Yoné Noguchi.
mdp.39076005051649,1931,1930,BK,uk,UNLABELED,1,009927698,Lessons from a self made continent / by William G. Fern.
nyp.33433103493999,1934,1930,BK,uk,UNLABELED,1,103091193,"Pictures and politics; a book of reminiscences, by Arthur Pillans Laurie."
nyp.33433105097525,1937,1930,BK,uk,UNLABELED,1,103060589,The hall of the Institute of Chartered Accountants in England and Wales ...
nyp.33433105107050,1938,1930,BK,uk,UNLABELED,1,103059593,"Modern cabinet work, furniture & fitments; an account of the theory & practice in the production of all kinds of cabinet"
nyp.33433105186708,1931,1930,BK,uk,UNLABELED,1,103060500,"Aert Schouman and the glasses that he engraved, with a supplementary note on glasses engraved by Frans Greenwood, by Wil"
nyp.33433106408010,1935,1930,BK,uk,UNLABELED,1,103061400,The Loseley manuscripts relating to the Office of Revels : an unsurpassed collection of original documents relating to t
osu.32435014067425,1938,1930,BK,uk,UNLABELED,1,102995713,The determination of orpiment in shellac.
osu.32435083599753,1932,1930,BK,uk,UNLABELED,1,102950190,Life and behavior of the cuckoo / [by] Francis H. Herrick.
osu.32437000294518,1931,1930,BK,uk,UNLABELED,1,101673573,Slater's Mercantile law.
pst.000050670543,1932,1930,BK,uk,UNLABELED,3,000448636,"What is art? and essays on art / by Tolstóy, translated by Aylmer Maude."
uc1.$b114359,1939,1930,BK,uk,UNLABELED,1,006608285,"Shakespeare no seaman, the theme of an unpublished book, by C. L'Estrange Ewen ..."
uc1.$b13600,1939,1930,BK,uk,UNLABELED,1,006552183,"A first record of proceedings complied by the Hon. Secretary, W.S. Maguinness ... With a foreword by the president, Prof"
uc1.$b192109,1934,1930,BK,uk,UNLABELED,1,006657113,"8 new one-act plays of 1934, edited by John Bourne."
uc1.$b196667,1939,1930,BK,uk,UNLABELED,1,006659310,Old books on various subjects : many illustrated with woocuts and engravings : navigation and maritime law : a collectio
uc1.$b197162,1939,1930,BK,uk,UNLABELED,1,006659543,"Introduction to physical chemistry, by Alexander Findlay."
uc1.$b20323,1936,1930,BK,uk,UNLABELED,1,006555828,"The last plague of Egypt, by Baron Harry D'Erlanger."
uc1.$b247499,1939,1930,BK,uk,UNLABELED,2,001045839,Rubber and railways.
uc1.$b263797,1938,1930,BK,uk,UNLABELED,1,006511053,"Obscurantism, by the Lord Horder."
uc1.$b270132,1935,1930,BK,uk,UNLABELED,2,001150940,How greater London is governed. By Herbert Morrison.
uc1.$b282657,1931,1930,BK,uk,UNLABELED,1,006523247,The English: are they human? By Dr. G.J. Renier. Illustrated by Mendoza.
uc1.$b290681,1939,1930,BK,uk,UNLABELED,1,006527796,"A new Latin reader, ed. by H.W.F. Franklin ... and J.A.G. Bruce ..."
uc1.$b294691,1931,1930,BK,uk,UNLABELED,2,001266921,Seringapatam.
uc1.$b312661,1936,1930,BK,uk,UNLABELED,1,006541612,"See how they run, by Jerrard Tickell."
uc1.$b39441,1934,1930,BK,uk,UNLABELED,1,006567087,"The hop industry, by Hubert H. Parker."
uc1.$b39693,1938,1930,BK,uk,UNLABELED,1,006567245,Proposals for the extension of old age pensions and national health insurance.
uc1.$b40529,1931,1930,BK,uk,UNLABELED,1,006567741,Is Britain decadent? by Allan W. Rather; with an introduction by C. E. M. Joad.
uc1.$b47714,1937,1930,BK,uk,UNLABELED,1,006571199,"Saint Augustine of Hippo; essays dealing with his life and times and some features of his work, by the Very Rev. Father "
uc1.$b48746,1935,1930,BK,uk,UNLABELED,1,006571863,"Frederick the Great; his life and place in history, by F. J. P.Veale."
uc1.$b504651,1938,1930,BK,uk,UNLABELED,1,007324361,Italy.
uc1.$b509016,1934,1930,BK,uk,UNLABELED,1,007339924,"Garibaldi, by Evarts Scudder ..."
uc1.$b54810,1937,1930,BK,uk,UNLABELED,1,001653751,Pontificale lanaletense (Bibliothèque de la ville de Rouen A. 27. cat. 368.) A pontifical formerly in use at St. German
uc1.$b556486,1932,1930,BK,uk,UNLABELED,1,006089927,"To hell and gone, by Penryn Goldman; with an introduction by Sir Wilfred Grenfell ..."
uc1.$b557753,1936,1930,BK,uk,UNLABELED,1,008861283,"A nomad of the sea; memoirs of Captain Guy de Reya, British merchant skipper & smuggler. With 25 illustrations."
uc1.$b56315,1938,1930,BK,uk,UNLABELED,1,006575805,"The queen's cause, Scottish narrative, 1561-1587."
uc1.$b568385,1933,1930,BK,uk,UNLABELED,1,006091393,"Blazing trails in Bantuland, by Dugald Campbell."
uc1.$b572402,1934,1930,BK,uk,UNLABELED,1,008851967,"Rhodesian mosaic, by Rawdon Hoare ..."
uc1.$b58300,1931,1930,BK,uk,UNLABELED,2,001267911,"Pioneer, soldier and politician."
uc1.$b583143,1933,1930,BK,uk,UNLABELED,2,001150135,Local government in many lands; a comparative study.
uc1.$b627132,1937,1930,BK,uk,UNLABELED,2,001613847,"Matthew Boulton, by H. W. Dickinson ..."
uc1.$b63580,1931,1930,BK,uk,UNLABELED,1,006579951,"The theatre, by J. W. Marriott."
uc1.$b670507,1934,1930,BK,uk,UNLABELED,1,009981957,"The economic advance of British co-operation,"
uc1.$b689783,1939,1930,BK,uk,UNLABELED,1,009974467,The world is our parish
uc1.$b755343,1932,1930,BK,uk,UNLABELED,1,008222249,"London, by H. G. Corner."
uc1.$b801300,1938,1930,BK,uk,UNLABELED,1,007940146,The progress of music / by George Dyson.
uc1.$b808622,1938,1930,BK,uk,UNLABELED,1,002449160,"The Scottish works of Alexander Ross ... consisting of Helenore, or, The fortunate shepherdess; Songs; The fortunate she"
uc1.31158003067427,1932,1930,BK,uk,UNLABELED,1,102155976,As we were ; a Victorian peep show / by E. F. Benson.
uc1.31175038025618,1933,1930,BK,uk,UNLABELED,1,103132265,"The history of Compton in Surrey, by Cecilia, lady Boston."
uc1.31210002742433,1932,1930,BK,uk,UNLABELED,2,000912295,Dryden: the dramatic works ...
uc1.31210003154927,1934,1930,BK,uk,UNLABELED,1,002925872,Karl Liebknecht / by Emile Burns.
uc1.31822000682518,1938,1930,BK,uk,UNLABELED,1,007179927,"Coast fishes. Part III, Antarctic zone / by J.R. Norman"
uc1.31822011034998,1936,1930,BK,uk,UNLABELED,1,102930585,So you're going to Paris! / by Clara E. Laughlin.
uc1.31822023785165,1935,1930,BK,uk,UNLABELED,1,008847355,Mozart
uc1.31822035115138,1936,1930,BK,uk,UNLABELED,1,001867479,The Hindu-Muslim problem in India [by] Clifford Manshardt.
uc1.31822040926511,1936,1930,BK,uk,UNLABELED,1,102930638,President Masaryk tells his story / recounted by Karel Capek.
uc1.31822041129693,1931,1930,BK,uk,UNLABELED,1,101796644,"Buckingham palace : its furniture, decoration & history / by H. Clifford Smith; with introductory chapters on the buildi"
uc1.32106001448619,1934,1930,BK,uk,UNLABELED,1,001467451,"Henry Moore, sculptor, an appreciation by Herbert Read;"
uc1.32106001542643,1939,1930,BK,uk,UNLABELED,2,001058430,The lyric genius of Catullus / by E. A. Havelock.
uc1.32106002283940,1932,1930,BK,uk,UNLABELED,1,008852443,Notes on the preparation of mathematical papers.
uc1.b003015641,1933,1930,BK,uk,UNLABELED,1,102979259,"A guide to Ismaili literature, by W. Ivanow."
uc1.b2847903,1933,1930,BK,uk,UNLABELED,1,007359822,Bradlaugh and Ingersoll; a centenary appreciation of two great reformers.
uc1.b3314489,1931,1930,BK,uk,UNLABELED,2,001582866,A system of bacteriology in relation to medicine.
uc1.b3319922,1936,1930,BK,uk,UNLABELED,1,007924428,A bird in the bush / by E. Hilton Young ; with illustrations by Peter Scott.
uc1.b3342595,1936,1930,BK,uk,UNLABELED,1,007930765,"Miss Marlow at play; a one-act comedy, by A. A. Milne ..."
uc1.b3393071,1933,1930,BK,uk,UNLABELED,1,007844753,"Waldere, edited by F. Norman."
uc1.b3565777,1933,1930,BK,uk,UNLABELED,1,006675666,"Shakespeare at work, 1592-1603 / by G. B. Harrison."
uc1.b3579009,1939,1930,BK,uk,UNLABELED,1,006678296,The gypsy gentleman : a study of George Borrow / by Seton Dearden.
uc1.b3581580,1935,1930,BK,uk,UNLABELED,1,007861475,Epitaph on George Moore.
uc1.b3826080,1938,1930,BK,uk,UNLABELED,1,006727580,17th century art in Europe; an illustrated souvenir of the exhibition of 17th century art in Europe at the Royal Academy
uc1.b3946645,1936,1930,BK,uk,UNLABELED,1,006606238,Complete works; edited by A. Trevor Barker.
uc1.b3972961,1938,1930,BK,uk,UNLABELED,1,006765456,"A citizen's guide to social service, by J. Q. Henriques ... foreword by Sir Wyndham Deedes."
uc1.b4036613,1933,1930,BK,uk,UNLABELED,1,009643496,"The prae-Italic dialects of Italy / by R.S. Conway, J. Whatmough, S.E. Johnson."
uc1.b4249308,1936,1930,BK,uk,UNLABELED,2,000354825,Higher algebra / by S. Barnard and J. M. Child.
uc1.b4329972,1934,1930,BK,uk,UNLABELED,1,001586111,"Clinical studies on the physiology of the eye, by J. Grandson Byrne ... with forty-nine illustrations."
uc1.b4400868,1939,1930,BK,uk,UNLABELED,1,009514127,"Behind the scenes at the Prussian court,"
uc1.b4519789,1933,1930,BK,uk,UNLABELED,2,000970961,London's buses : the story of a hundred years / compiled by Vernon Sommerfield.
uc1.c061295494,1935,1930,BK,uk,UNLABELED,1,103016939,The National Gallery : France and England / by Sir Charles Holmes.
uc1.l0060144110,1939,1930,BK,uk,UNLABELED,1,102908375,"Calendar of the patent rolls preserved in the Public Record Office : Philip and Mary, 1553-1558 / prepared under the sup"
uga1.32108006126786,1936,1930,BK,uk,UNLABELED,1,102904437,"Letters to Isabel; with seventeen more letters, and some postscripts. By Lord Craigmyle, formerly Lord Shaw of Dunfermli"
uga1.32108006132420,1932,1930,BK,uk,UNLABELED,1,102903885,In search of Wales.
uga1.32108008582580,1939,1930,BK,uk,UNLABELED,1,102920038,New London.
uga1.32108010843434,1931,1930,BK,uk,UNLABELED,1,102996587,"Great ghost stories, collected and edited, with an introduction on the ghost story, by Harrison Dale."
uiug.30112022840778,1938,1930,BK,uk,UNLABELED,1,103009523,The law of collisions on land / by Andrew Dewar Gibb.
uiug.30112057470483,1938,1930,BK,uk,UNLABELED,1,103068165,The Socialist Party exposes Mr. Chamberlain and his Labour critics ...
uiug.30112062733750,1936,1930,BK,uk,UNLABELED,1,103251984,"The finance of foreign trade; a practical guide to the operations of banker and merchant, by William F. Spalding."
uiug.30112097515909,1934,1930,BK,uk,UNLABELED,2,001603710,The civilizations of the East ...
uiug.30112101003892,1931,1930,BK,uk,UNLABELED,1,103005059,Candied peel : tales without prejudice / by Kinsey Peile ; with a preface by Sir Nigel Playfair ; containing eight page 
umn.31951001506202s,1933,1930,BK,uk,UNLABELED,1,009369151,For to-day;
umn.31951p01105388n,1937,1930,BK,uk,UNLABELED,1,100681515,"Biology and morphology of the immature stages of Mycetophilidae (Diptera, Nematocera) / by S. Madwar."
uva.x000310485,1934,1930,BK,uk,UNLABELED,1,101859397,Ninety-two days.
uva.x000383667,1936,1930,BK,uk,UNLABELED,1,000480317,A London girl of the eighties
uva.x000415836,1937,1930,BK,uk,UNLABELED,2,001445403,Battlefield of the gods.
uva.x000703586,1939,1930,BK,uk,UNLABELED,1,101868583,Flight from a lady / by A.G. Macdonell.
uva.x030243667,1935,1930,BK,uk,UNLABELED,1,102053360,One hundred Kyoto gardens / by Loraine E. Kuck.
wu.89008437600,1939,1930,BK,uk,UNLABELED,1,007960893,"The Cambridge history of British foreign policy, 1783-1919 / edited by Sir A.W. Ward and G.P. Gooch."
wu.89030493811,1939,1930,BK,uk,UNLABELED,1,000307194,"Ruwenzori expedition, 1934-5 ..."
wu.89035505916,1931,1930,BK,uk,UNLABELED,1,001960949,The letters of the Rev. John Wesley ... / edited by John Telford. B.A.
wu.89047181805,1939,1930,BK,uk,UNLABELED,1,005794122,From hunter to husbandman / by J. W. Page.
wu.89047193719,1935,1930,BK,uk,UNLABELED,1,005973709,Transactions and The pastoral industries of New Zealand / by R. Ogilvie Buchanan.
wu.89047224258,1935,1930,BK,uk,UNLABELED,1,006772473,"Back to the land, by C. S. Orwin and W. F. Darke."
wu.89053851804,1938,1930,BK,uk,UNLABELED,3,001045791,"Wheels of fortune, a salute to pioneers / by Sir Arthur Du Cros, bt.; with an afterword by Arthur Roy Du Cross ..."
wu.89054436860,1933,1930,BK,uk,UNLABELED,2,000453065,Pugin : a mediæval Victorian / by Michael Trappes-Lomas.
wu.89078538824,1934,1930,BK,uk,UNLABELED,2,005737511,Growth and movement in Portland cement concrete.
wu.89090507823,1935,1930,BK,uk,UNLABELED,1,005743533,"Road aggregates, their uses and testing, by Bernard H. Knight."
wu.89094710217,1934,1930,BK,uk,UNLABELED,1,005803727,"Sir Robert Morant; a great public servant, by Bernard M. Allen."
wu.89094748084,1937,1930,BK,uk,UNLABELED,1,005858924,Adventurers in the eighteenth century [by] Peter Wilding.
wu.89095828356,1936,1930,BK,uk,UNLABELED,1,005945295,The ancient burial-mounds of England / by L. V. Grinsell ; with 24 plates and 11 plans and diagrams.
wu.89096269451,1938,1930,BK,uk,UNLABELED,1,007077861,The nomogram : the theory and practical construction of computation charts / by H. J. Allcock ... and J. Reginald Jones 
wu.89097457758,1939,1930,BK,uk,UNLABELED,1,006853787,The Labour Party & the Communist Party / by Harry Pollitt.
wu.89097461776,1936,1930,BK,uk,UNLABELED,1,006919665,"The parliamentary breakdown and the remedy, by the Right Hon. J.A. Murray Macdonald."
wu.89097728968,1934,1930,BK,uk,UNLABELED,1,006921908,Traffic in arms / by Freda White.
wu.89098702343,1932,1930,BK,uk,UNLABELED,1,006908119,"The children we teach; seven to eleven years, by Susan Isaacs."
wu.89100331735,1937,1930,BK,uk,UNLABELED,1,008999754,"Traveller's rest,/ by Philip Gosse."
wu.89100443902,1938,1930,BK,uk,UNLABELED,1,007282610,Modern atomic theory : an elementary introduction / by J.C.Speakman...
wu.89102070950,1936,1930,BK,uk,UNLABELED,1,007282629,Magnetism / by Edmund C. Stoner ...; with 20 diagrams.
coo.31924002984874,1938,1930,BK,us,AGRICULTURAL,1,009119043,Teaching floriculture and ornamental horticulture in New York State through the use of local leaders.
coo.31924003159153,1936,1930,BK,us,AGRICULTURAL,1,009169849,"Commercial poultry farming, by T. Burr Charles and Homer O. Stuart."
coo.31924013066125,1937,1930,BK,us,AGRICULTURAL,1,009067849,An analysis of practices of teachers of vocational agriculture in agricultural evening schools.
coo.31924052157363,1934,1930,BK,us,AGRICULTURAL,1,009128811,[Miscellaneous bibliographies on agriculture] v. 1-3.
mdp.39015003746107,1934,1930,BK,us,CATALOG,1,001471924,The stamped amphora handles found in the American excavations in the Athenian agora 1931-1932; a catalogue treated as a 
nyp.33433005915933,1937,1930,BK,us,CATALOG,1,103224437,Standard stock catalogue / prepared by: Wm. J. Foley.
coo.31924000326219,1939,1930,BK,us,GENERAL_PERIODICAL,1,009124415,[Miscellaneous bulletins on farm management. U. S.] v.1-3
mdp.39015002972803,1934,1930,BK,us,GENERAL_PERIODICAL,1,001598644,"Alice James, her brothers--her journal."
mdp.39015012110717,1935,1930,BK,us,GENERAL_PERIODICAL,1,001724327,"Rapid reviews in Latin / Grammar and syntax, lessons in composition with vocabulary and Latin text, by Bruno Meinecke .."
uiug.30112064218602,1936,1930,BK,us,GENERAL_PERIODICAL,1,103274660,"Julius Rosenwald fund : review of two decades, 1917-1936 / by Edwin R. Embree."
umn.31951000955617q,1933,1930,BK,us,GENERAL_PERIODICAL,1,101695706,Magazine article writing.
uc1.$b117364,1932,1930,BK,us,JUVENILE,1,006553136,"The children's poets : analyses and appraisals of the greatest English and American poets for children, for use in norma"
hvd.32044032003709,1939,1930,BK,us,LEGAL,1,102758364,"Wall street looks at the Securities and exchange commission. [By] Eugene L. Garey ... Address delivered at Richmond, Vir"
uc1.$b279518,1936,1930,BK,us,LEGAL,1,006521303,"Life insurance: a legalized racket, by Mort Gilbert [and] E. Albert Gilbert; foreword by Abraham Epstein."
uc1.b3642518,1937,1930,BK,us,LEGAL,1,001232964,Report of court proceedings in the case of the Anti-Soviet Trotskyite Centre : heard before the Military Collegium of th
coo.31924002892408,1933,1930,BK,us,MEDICAL,3,006151485,The anatomy of the rhesus monkey (Macaca mulatta) by T. H. Bast [and others]  Ed. by Carl G. Hartman and William L. Stra
mdp.39015011940726,1936,1930,BK,us,MEDICAL,1,002162828,ANATOMICAL DESIGN.
osu.32435003859436,1938,1930,BK,us,MEDICAL,1,102474826,"Syphilis, presented by the Section on the medical sciences."
uc1.$b172112,1935,1930,BK,us,MEDICAL,1,006645217,"Dermatology and syphilology for nurses, including social hygiene, by John H. Stokes."
uc1.$b669433,1934,1930,BK,us,MEDICAL,1,004615954,"The anatomy of dessert, with A few notes on wine, by Edward A. Bunyard; with a special preface by the author."
uiug.30112112387144,1931,1930,BK,us,MEDICAL,1,001586994,"Pediatric education; report of the Subcommittee on medical education,"
coo.31924003588823,1937,1930,BK,us,REFERENCE,1,005413407,Everybody's cook book; a comprehensive manual of home cookery compiled from the records of the School of household scien
coo.31924051744864,1939,1930,BK,us,REFERENCE,1,009114609,Lee Wulff's handbook of freshwater fishing / Lee Wulff ;illustrated by the author.
mdp.39015002167511,1937,1930,BK,us,REFERENCE,3,001028905,"A bibliography of the works of Edna St. Vincent Millay ; with an essay in appreciation by Harold Lewis Cook, introductio"
mdp.39015030052628,1936,1930,BK,us,REFERENCE,1,001183251,Roget's Thesaurus of the English language in dictionary form : being a presentation of Roget's Thesaurus of English word
mdp.39015030723582,1935,1930,BK,us,REFERENCE,1,000666034,"Samuel Taylor Coleridge; a selected bibliography of the best available editions of his writings, of biographies and crit"
mdp.39015071594348,1939,1930,BK,us,REFERENCE,1,002103689,The cœliac affection / [by] Samuel Gee ... [and] R. A. Gibbons ... With an introduction and bibliography by D. Murray Co
uc1.32106020263304,1937,1930,BK,us,REFERENCE,2,000845288,Bibliography of Italian ...art.
uiug.30112033594968,1938,1930,BK,us,REFERENCE,1,008933642,International encyclopedia of unified science; editor-in-chief Otto Neurath; associate editors: Rudolf Carnap [and] Char
uiug.30112063939893,1936,1930,BK,us,REFERENCE,1,102405617,The encyclopedia Americana : a library of universal knowledge.
uiug.30112072985432,1937,1930,BK,us,REFERENCE,1,101718791,"A bibliography of books written by children of the twentieth century, by Kathleen B. Landrey."
umn.31951000441875t,1939,1930,BK,us,REFERENCE,1,100648663,Bibliographical notes on Dawson's birds of California.
uva.x030267379,1933,1930,BK,us,REFERENCE,1,102054875,"Terry's guide to the Japanese empire, including Chōsen (Korea) and Taiwan (Formosa) with chapters on Manchuria, the Tran"
cub.u183037224512,1931,1930,BK,us,RELIGIOUS,1,103146546,"A compendium of theology : comprising the essential doctrinal points of both dogmatic and moral theology, together with "
ien.35556000592717,1937,1930,BK,us,RELIGIOUS,1,010602546,A dramatic calendar for churches : suggestions for dramatic programs for outstanding events in each month / compiled by 
mdp.39015005356657,1937,1930,BK,us,RELIGIOUS,1,001412604,Christian perfection and contemplation.
mdp.39015013937555,1933,1930,BK,us,RELIGIOUS,1,001406851,Preachers present arms; a study of the war-time attitudes and activities of the churches and the clergy in the United St
mdp.39015039688786,1937,1930,BK,us,RELIGIOUS,1,001246913,A social and religious history of the Jews.
mdp.39015069670068,1938,1930,BK,us,RELIGIOUS,1,002163060,THE BEGINNINGS OF THEORIES OF NATURAL ETHICS AND THEOLOGY IN SEVENTEENTH CENTURY AMERICA.
nnc2.ark:/13960/t5v743w36,1938,1930,BK,us,RELIGIOUS,1,101789006,An exploratory study of the relationship of the generation of young women between thirty and forty five years of age to 
uc1.$b483089,1937,1930,BK,us,RELIGIOUS,1,007372671,The making of a minister. Inaugural address of President Sandford Fleming [given at] the Berkeley Baptist divinity schoo
uc1.$b542098,1931,1930,BK,us,RELIGIOUS,1,006086782,"One hundredth fiftieth anniversary of the incorporation of the town of Sterling, Massachusetts; exercises in the First p"
uc1.b3934821,1939,1930,BK,us,RELIGIOUS,1,001391615,The Bible of the world; edited by Robert O. Ballou in collaboration with Friedrich Spiegelberg and with the assistance a
mdp.35128000986313,1935,1930,BK,us,TRADE,1,100071952,"Employment stabilization in the automobile industry : reports, 1933-1935 / by Automoile Manufacturers Association and ot"
coo.31924000088058,1936,1930,BK,us,UNLABELED,1,001501732,"The birds of Minnesota, by Thomas S. Roberts. Illustrated with ninety-two color plates by Allan Brooks, George Miksch Su"
coo.31924001105547,1933,1930,BK,us,UNLABELED,1,009371855,"Involutions of order 2 associated with surfaces of genera Pa=Pg=0, P₂=1, P₃=0."
coo.31924001215080,1939,1930,BK,us,UNLABELED,1,009125025,"What to do with herbs, with an appendix of recipes, by Mary Cable Dennis."
coo.31924002810681,1939,1930,BK,us,UNLABELED,1,009118410,The integument of siren and its bearing on the problem of neoteny.
coo.31924003239559,1938,1930,BK,us,UNLABELED,1,009119548,Adaptive enzymes of Streptococcus lactis.
coo.31924003247206,1934,1930,BK,us,UNLABELED,1,009119608,"Sexual and asexual methods of reproduction in the annelid worm Dodecaceria; the morphology, life cycle, and distribution"
coo.31924003851742,1937,1930,BK,us,UNLABELED,1,010003927,Dielectric polarization of solutions of glycine in dioxane-water mixtures in relation to dipolar ion formation ... by Do
coo.31924003857186,1934,1930,BK,us,UNLABELED,1,010003985,"Structure of the helium line,[lambda] 3888."
coo.31924004083998,1934,1930,BK,us,UNLABELED,1,010005278,Faint lines in the L spectrum of the elements 73 Ta to 90 Th.
coo.31924004415497,1935,1930,BK,us,UNLABELED,1,103247346,Theory and application of buckling stresses in trusses.
coo.31924004442426,1939,1930,BK,us,UNLABELED,1,010006406,"A study of the association of some of the alkyls of aluminum, gallium, and indium ... by William Farr Gilliam."
coo.31924004443135,1933,1930,BK,us,UNLABELED,1,010006449,Oscillations of positive ions in the electron space charge region of a diode. By William F. Hodge and Thomas D. Miner.
coo.31924006849842,1936,1930,BK,us,UNLABELED,1,103193512,"Proceedings of the County court of Charles county, 1658-1666, and Manor court of St. Clement's manor, 1659-1672. Court s"
coo.31924012236299,1938,1930,BK,us,UNLABELED,1,103247806,"The social implications of scientific discovery / delivered by Karl T. Compton at the American Philosophical Society, In"
coo.31924012996140,1933,1930,BK,us,UNLABELED,1,009067603,"Pupil school pupil-cost accounting, by the Committee on pupil cost accounting research, Frederick D. Chambers, chairman."
coo.31924013681675,1935,1930,BK,us,UNLABELED,1,001683425,"Monetary policies, by Fred I. Kent."
coo.31924013747427,1935,1930,BK,us,UNLABELED,1,009123116,"Development of an improved system of assessing the taxable property in the town of Germantown, Columbia County, New York"
coo.31924013780337,1939,1930,BK,us,UNLABELED,1,009068914,"Life insurance, by Joseph B. Maclean ...."
coo.31924014010809,1938,1930,BK,us,UNLABELED,1,009078022,"Co-ediquette; poise and popularity for every girl, by Elizabeth Eldridge."
coo.31924014521706,1933,1930,BK,us,UNLABELED,1,009070387,"Pleasures and palaces, by Frances and Gertrude Warner."
coo.31924016328688,1936,1930,BK,us,UNLABELED,1,103246884,The eighteenth century architecture of France and England...
coo.31924018239958,1931,1930,BK,us,UNLABELED,1,009165425,Concerning the morphology of the immature stages of the bot-fly (Cephenomyia sp.) (Diptera: Oestridae) infesting the Vir
coo.31924018240790,1934,1930,BK,us,UNLABELED,1,009165465,"A study of the insects affecting Indian hemp, Apocynum cannabinum."
coo.31924018271597,1931,1930,BK,us,UNLABELED,1,009166117,The olfactory sense of the adult meal-worm beetle Tenebrio molitor (Linn.) ...
coo.31924024408456,1935,1930,BK,us,UNLABELED,1,103195991,"New England army air base : considerations governing the selection of sites, with particular reference to Concord Plains"
coo.31924027217342,1935,1930,BK,us,UNLABELED,1,103243265,"I object, Your Honor! A mock trial, by Peter Donchian."
coo.31924028799876,1936,1930,BK,us,UNLABELED,1,103194502,"The adventures of Big-Foot Wallace, by John C. Duval; edited by Mabel Major and Rebecca W. Smith."
coo.31924029486754,1935,1930,BK,us,UNLABELED,1,103196126,The A B C of secret writing.
coo.31924029850900,1932,1930,BK,us,UNLABELED,1,103196133,Captain William Kidd; gentleman or buccaneer? By Clarence Milligan.
coo.31924052147968,1935,1930,BK,us,UNLABELED,1,009078139,What prevents social progress? by Dr. Dwight Sanderson ....
coo.31924054979665,1937,1930,BK,us,UNLABELED,1,103246822,Hotel training course / [F.H. Holmes].
coo.31924055004315,1932,1930,BK,us,UNLABELED,1,009078245,"Discovering the genius within you, by Stanwood Cobb ...."
coo.31924065738878,1937,1930,BK,us,UNLABELED,1,009407607,Corpus juris : being a complete and systematic statement of the whole body of the law as embodied in and developed by al
coo.31924076280043,1933,1930,BK,us,UNLABELED,1,009118958,A chemical study of the role of mercuric oxide in the control of some potato diseases.
coo.31924087125658,1938,1930,BK,us,UNLABELED,1,103268091,"Historic New Rochelle, by Herbert B. Nichols."
cub.p101011703003,1938,1930,BK,us,UNLABELED,1,103145010,"Hurry, Henry : a domestic comedy in three acts / by Belle MacDiarmid Ritchey and Mabel Hubbard."
dul1.ark:/13960/t16n5rf47,1935,1930,BK,us,UNLABELED,1,000767729,"Commons debates, 1621 [edited by] Wallace Notestein ... Frances Helen Relf ... [and] Hartley Simpson ..."
hvd.32044014269211,1931,1930,BK,us,UNLABELED,1,102663279,"Strange adventures of the sea, by J. G. Lockhart."
hvd.32044024590416,1937,1930,BK,us,UNLABELED,1,102657367,This is my story / Eleanor Roosevelt.
hvd.32044031962376,1939,1930,BK,us,UNLABELED,1,102758673,"Recognition of divorce decrees, by Karl M. Rodman ..."
hvd.32044032437733,1933,1930,BK,us,UNLABELED,1,102731990,"Stock exchange practices; hearings on S. Res. 84, 56 & 97. Part IV."
hvd.32044086724598,1936,1930,BK,us,UNLABELED,1,102665852,A reinterpretation of Surrey's character and actions / Edwin Casady.
hvd.hn6cll,1939,1930,BK,us,UNLABELED,1,102680688,"Hold off the sun, by Kathleen M. Richardson."
hvd.hntf85,1932,1930,BK,us,UNLABELED,1,102678932,To investigate the Bureau of internal revenue and certain practices of the Federal Reserve Board; hearings before the Co
hvd.hw1yqq,1938,1930,BK,us,UNLABELED,1,102684276,The effective talker's quiz book; a book of questions and answers dealing with the problems confronted by the present-da
hvd.hw9u5f,1938,1930,BK,us,UNLABELED,1,102676904,Hibernalia / by Oscar Williams.
hvd.hwnyes,1938,1930,BK,us,UNLABELED,1,102717544,The listening house / Mabel Seeley.
hvd.hx5c8f,1933,1930,BK,us,UNLABELED,1,102670560,Metropolis [Chicago in the eyes of the world] ... decorations by Edward C. Caswell.
iau.31858000864672,1936,1930,BK,us,UNLABELED,1,102880538,The prose poem in French literature of the eighteenth century / by Vista Clayton.
iau.31858005886399,1937,1930,BK,us,UNLABELED,1,102888612,"The red entertainment book ; twenty-five clever plays for intermediate and grammar grades, high schools, and amateur the"
iau.31858022461390,1937,1930,BK,us,UNLABELED,1,102887561,"Ol' captain (based on a short story by Charles Morrow Wilson) : Reprinted from Twenty short plays on a royalty holiday, "
iau.31858024829354,1931,1930,BK,us,UNLABELED,1,102885298,College German / by M. Blakemore Evans and Robert O. Röseler.
iau.31858046410811,1936,1930,BK,us,UNLABELED,1,100924332,Life in ancient Athens : the social and public life of a classical Athenian from day to day / by T. G. Tucker.
iau.31858048133932,1935,1930,BK,us,UNLABELED,1,102881860,The adsorption of certain ketones and esters by activated charcoal / by Arthur C. Hanson ...
ien.35556040932352,1931,1930,BK,us,UNLABELED,2,002097010,Regional survey.
inu.30000081631420,1932,1930,BK,us,UNLABELED,2,005943973,"Spain in revolt, 1814-1931, by Joseph McCabe."
inu.30000115188892,1938,1930,BK,us,UNLABELED,1,011820089,"A wonder book and Tanglewood tales for girls and boys, by Nathaniel Hawthorne ; with pictures by Maxfield Parrish."
inu.30000118517824,1937,1930,BK,us,UNLABELED,2,006936285,"Hungarian peasant customs, by Károly Viski. With 32 illustrations."
inu.30000118660137,1932,1930,BK,us,UNLABELED,1,006812264,Varia africana.
inu.30000120737030,1933,1930,BK,us,UNLABELED,2,001231659,"The Macdonald presentation volume; a tribute to Duncan Black Macdonald / consisting of articles by former students, pres"
inu.30000121090041,1939,1930,BK,us,UNLABELED,1,001758072,"A baker's dozen, by Llewelyn Powys."
inu.32000000341182,1939,1930,BK,us,UNLABELED,1,006057940,Horace Walpole's correspondence with Madame du Deffand and Wiart ... edited by W. S. Lewis and Warren Hunting Smith.
inu.32000000987828,1934,1930,BK,us,UNLABELED,1,001133366,"Boy and girl tramps of America, by Thomas Minehan; illustrated with photographs by the author."
inu.32000002841478,1937,1930,BK,us,UNLABELED,1,006058804,"The Hoosier schoolmaster; a folk comedy in three acts, being a dramatization of the first edition of Edward Eggleston's "
inu.32000006727376,1931,1930,BK,us,UNLABELED,1,006068574,"Great moments in history; a graphic survey of 150 decisive events in the world's history, by Samuel Nisenson and Alfred "
inu.39000005882415,1931,1930,BK,us,UNLABELED,1,001412801,"The devil in legend and literature, by Maximilian Rudwin."
inu.39000007693836,1935,1930,BK,us,UNLABELED,1,010440109,"Wharton's evidence in criminal cases, by Francis Wharton."
mdp.35112200684100,1936,1930,BK,us,UNLABELED,1,010425455,Cases on equity / prepared by Edgar N. Durfee and John P. Dawson for use of students in the University of Michigan Law S
mdp.39015000522246,1938,1930,BK,us,UNLABELED,1,001940578,The gateway to the Middle Ages : monasticism.
mdp.39015000553787,1936,1930,BK,us,UNLABELED,2,000027834,Sod and stubble : the story of a Kansas homestead / by John Ise ; illustrated by Howard Simon.
mdp.39015000588510,1936,1930,BK,us,UNLABELED,1,001916702,"Freedom in the modern world / by Jacques Maritain: translated by Richard O'Sullivan, K. C."
mdp.39015001636912,1937,1930,BK,us,UNLABELED,1,001633695,"Tumors of the nervous system; an investigation of the most recent advances; the proceedings of the Association, New York"
mdp.39015001996464,1937,1930,BK,us,UNLABELED,1,001283147,The technique of teaching secondary school mathematics / [by] Ernst R. Breslich.
mdp.39015002230269,1931,1930,BK,us,UNLABELED,1,000108545,"The early opposition to Sir Robert Walpole, 1720-1727 ... by Charles Bechdolt Realey."
mdp.39015002277138,1938,1930,BK,us,UNLABELED,1,001111878,Comicall satyre and Shakespeare's Troilus and Cressida / by Oscar James Campbell.
mdp.39015002366907,1939,1930,BK,us,UNLABELED,1,001063684,"Frances Wright, free enquirer. The study of a temperament / by A. J. G. Perkins and Theresa Wolfson."
mdp.39015002443615,1936,1930,BK,us,UNLABELED,1,000431605,Physique and character; an investigation of the nature of constitution and of the theory of temperament / by Ernst Krets
mdp.39015002911314,1935,1930,BK,us,UNLABELED,1,000672835,Atomic structure / by Leonard B. Loeb.
mdp.39015003330597,1935,1930,BK,us,UNLABELED,2,001401685,Selected works of Hyman G. Enelow / with a memoir by Dr. Félix A. Levy.
mdp.39015003350033,1932,1930,BK,us,UNLABELED,1,000393501,Worn earth / [by] Paul Engle.
mdp.39015003690495,1938,1930,BK,us,UNLABELED,1,000249096,"The Bannock Indian war of 1878 / by George Francis Brimlow, M. A."
mdp.39015003943019,1933,1930,BK,us,UNLABELED,1,000249459,"Advancing the frontier, 1830-1860 / [by] Grant Foreman."
mdp.39015003956359,1932,1930,BK,us,UNLABELED,1,001900924,The working principles of argument / by James Milton O'Neill ... and James Howard McBurney ...
mdp.39015004075753,1936,1930,BK,us,UNLABELED,1,001278183,The birth of ballets-russes / Translated by L. Zarine.
mdp.39015004281617,1936,1930,BK,us,UNLABELED,1,001682604,Tax rolls from Karanis.
mdp.39015006888963,1937,1930,BK,us,UNLABELED,1,001507699,Foundations of silviculture upon an ecological basis / by the late James W. Toumey ...
mdp.39015007976817,1939,1930,BK,us,UNLABELED,1,000749525,Music in the modern world / by Rollo H. Myers.
mdp.39015008044227,1938,1930,BK,us,UNLABELED,1,001020718,The best stories of Paul Laurence Dunbar.
mdp.39015008206396,1932,1930,BK,us,UNLABELED,3,001065605,"French liberalism and education in the eighteenth century; the writings of La Chalotais, Turgot, Diderot, and Condorcet "
mdp.39015008703640,1939,1930,BK,us,UNLABELED,2,000208284,"The nature of creative activity, experimental and comparative studies of visual and non-visual sources of drawing, paint"
mdp.39015009152425,1935,1930,BK,us,UNLABELED,2,001379038,Wish and wisdom : episodes in the vagaries of belief / by Joseph Jastrow.
mdp.39015009614275,1935,1930,BK,us,UNLABELED,1,001981107,The Victor book of the symphony ...
mdp.39015010906090,1933,1930,BK,us,UNLABELED,1,001135385,Prison days and nights / by Victor F. Nelson ; with an introduction by Abraham Myerson.
mdp.39015011241976,1938,1930,BK,us,UNLABELED,1,001058297,The technique of exposition in Roman comedy ...
mdp.39015011274415,1932,1930,BK,us,UNLABELED,2,001370749,Designations and treatment of the holy eucharist in Old.
mdp.39015011332122,1934,1930,BK,us,UNLABELED,1,001591499,Now I see / by Arnold Lunn.
mdp.39015011590331,1931,1930,BK,us,UNLABELED,1,000833044,La Salle and the pioneers of New France / by Clifford Smyth.
mdp.39015012427202,1938,1930,BK,us,UNLABELED,2,001025267,Patches of sunlight.
mdp.39015013491546,1933,1930,BK,us,UNLABELED,1,000417336,The German phoenix; the story of the republic [by] Oswald Garrison Villard ...
mdp.39015013756351,1932,1930,BK,us,UNLABELED,3,000385199,A short introduction to the history of human stupidity.
mdp.39015014708716,1933,1930,BK,us,UNLABELED,1,001513488,The action of oxygen and hydrogen sulphide upon iron-chromium alloys at high temperatures / by W.P. Wood and R.L. Ricket
mdp.39015014778909,1935,1930,BK,us,UNLABELED,2,000629655,"Amy Lowell, a chronicle, with extracts from her correspondence by S. Foster Damon."
mdp.39015014979531,1936,1930,BK,us,UNLABELED,2,001057845,Literature and liberalism : with other classical papers / by Nelson Glenn McCrea ; with a foreword by Nicholas Murray Bu
mdp.39015015310454,1933,1930,BK,us,UNLABELED,1,001822493,Bryozoa of the Mount Desert Region / Raymond C. Osburn.
mdp.39015016453717,1936,1930,BK,us,UNLABELED,1,001127956,A world in debt / by Freeman Tilden.
mdp.39015018419161,1938,1930,BK,us,UNLABELED,1,002007282,The torsion test / by Albert Sauveur ...
mdp.39015020490226,1931,1930,BK,us,UNLABELED,1,000833036,Francisco Pizarro and the conquest of Peru / by Clifford Smyth.
mdp.39015021015519,1933,1930,BK,us,UNLABELED,1,000441322,The First World War; a photographic history / edited with captions and an introduction by Laurence Stallings.
mdp.39015021915387,1931,1930,BK,us,UNLABELED,2,001602609,"Russia--my home; an intimate record of personal experiences before, during and after the bolshevist revolution / by Emma"
mdp.39015022409216,1935,1930,BK,us,UNLABELED,2,001311725,On economic planning: papers delivered at the Regional study conference of the International industrial relations instit
mdp.39015022427929,1938,1930,BK,us,UNLABELED,1,001141283,The Constitution and what it means today / by Edward S. Corwin.
mdp.39015023271573,1933,1930,BK,us,UNLABELED,2,001635265,"Geology of Tahiti, Moorea, and Maiao / by Howel Williams."
mdp.39015026313091,1936,1930,BK,us,UNLABELED,2,001412726,Factors in the modern survival of millennialism ...
mdp.39015028118886,1938,1930,BK,us,UNLABELED,3,001106954,Labor problems and the American scene. By Lois MacDonald ...
mdp.39015028311127,1934,1930,BK,us,UNLABELED,1,001053283,Shadows of the sun.
mdp.39015028428582,1938,1930,BK,us,UNLABELED,1,002580996,A symposium on physics in the automotive industry / sponsored jointly by American institute of physics and Department of
mdp.39015030381779,1933,1930,BK,us,UNLABELED,1,001987896,"Absorption of carbon dioxide in sodium carbonate-bicarbonate solutions. I, Equilibrium in system carbon dioxide--sodium "
mdp.39015030449964,1939,1930,BK,us,UNLABELED,2,001450440,Backgrounds in the education of Indian girls.
mdp.39015030545316,1939,1930,BK,us,UNLABELED,1,001281371,"Their first years in school, a course of study for kindergarten and first two years of the elementary schools of Los Ang"
mdp.39015030685468,1937,1930,BK,us,UNLABELED,1,002729379,Tommy Thatcher goes to sea / story and pictures by Berta and Elmer Hader.
mdp.39015030705993,1934,1930,BK,us,UNLABELED,2,001375991,The taking of the Gry / by John Masefield.
mdp.39015030791563,1934,1930,BK,us,UNLABELED,2,000665477,"In the dark backward, by Henry W. Nevinson ..."
mdp.39015030851094,1937,1930,BK,us,UNLABELED,1,000582509,The rains came; a novel of modern India / by Louis Bromfield.
mdp.39015030879459,1939,1930,BK,us,UNLABELED,1,001011685,"Ninotchka / Screenplay by Charles Brackett, Billy Wilder, and Walter Reisch."
mdp.39015031095915,1934,1930,BK,us,UNLABELED,1,001500389,"A study of the general biology, morphology of the respiratory system, and respiration of certain aquatic Stratiomyia and"
mdp.39015031167805,1933,1930,BK,us,UNLABELED,1,001483119,"Melanesian design, a study of style in wood and tortoiseshell carving ..."
mdp.39015031297933,1931,1930,BK,us,UNLABELED,4,001376040,Two people : a novel.
mdp.39015031310256,1936,1930,BK,us,UNLABELED,1,001187609,Winged child.
mdp.39015031665394,1936,1930,BK,us,UNLABELED,3,001882073,"On the educational front, the reactions of teachers associations in New York and Chicago, by William W. Wattenberg."
mdp.39015037371187,1931,1930,BK,us,UNLABELED,3,001491170,"The science of life [by] H.G. Wells, Julian S. Huxley [and] G.P. Wells"
mdp.39015046394329,1934,1930,BK,us,UNLABELED,1,001918104,"The philosophy of Spinoza, unfolding the latent processes of his reasoning."
mdp.39015046432905,1933,1930,BK,us,UNLABELED,1,000481961,No time like the present / [by] Storm Jameson.
mdp.39015046455815,1939,1930,BK,us,UNLABELED,1,001594838,The Greek tradition.
mdp.39015046852268,1935,1930,BK,us,UNLABELED,3,000003553,A dynamic theory of personality; selected papers by Kurt Lewin... / Translated by Donald K. Adams and Karl E. Zener.
mdp.39015047652253,1935,1930,BK,us,UNLABELED,1,004104544,The measurement of rear axle gear noise on test stands.
mdp.39015048993490,1934,1930,BK,us,UNLABELED,1,001396734,God and creation ... [by] John Elof Boodin ...
mdp.39015049262135,1934,1930,BK,us,UNLABELED,1,002018568,The suspension bridge with a stiffening truss of variable moment of inertia / by Frantz E. Coe ...
mdp.39015050560427,1937,1930,BK,us,UNLABELED,3,001130563,The arts workshop of rural America.
mdp.39015051181553,1933,1930,BK,us,UNLABELED,1,003548871,Community organization; a process of social control / [by] John Yohan Chu.
mdp.39015052466326,1936,1930,BK,us,UNLABELED,1,003519065,Jamaica inn.
mdp.39015059414295,1939,1930,BK,us,UNLABELED,1,000117844,The works of Ion L. Idriess.
mdp.39015059757180,1933,1930,BK,us,UNLABELED,1,001738060,"A fortune to share / by Vash Young, with preface by Earnest Elmo Calkins."
mdp.39015062922607,1937,1930,BK,us,UNLABELED,2,001750400,Royal commissions of inquiry; the significance of investigations in British politics / by Hugh McDowall Clokie ... and J
mdp.39015062944478,1938,1930,BK,us,UNLABELED,1,001415967,"The Protestant Crusade, 1800-1860 : a study of the origins of American nativism."
mdp.39015063739513,1937,1930,BK,us,UNLABELED,2,000449176,"Excursions in English drama, by Robert Withington ..."
mdp.39015063851011,1934,1930,BK,us,UNLABELED,1,001889164,"The new pioneers; the first picture of the American people, East--West--North--South, under the new deal / by James Remi"
mdp.39015063925500,1939,1930,BK,us,UNLABELED,1,001613449,Swimming pool standards.
mdp.39015063940400,1934,1930,BK,us,UNLABELED,1,000240286,Another man's wife / by Mrs. Belloc Lowndes.
mdp.39015064339941,1937,1930,BK,us,UNLABELED,1,000250057,"Nebraska, old and new; history, stories, folklore / by Addison Erwin Sheldon."
mdp.39015064500765,1935,1930,BK,us,UNLABELED,2,001128716,Financing security trading ...
mdp.39015064513149,1932,1930,BK,us,UNLABELED,1,001126359,Continuous prosperity.
mdp.39015065215322,1939,1930,BK,us,UNLABELED,1,001524185,Foreman's management conferences ...
mdp.39015065524608,1939,1930,BK,us,UNLABELED,1,001420271,"American literature as an expression of the national mind, by Russell Blankenship ..."
mdp.39015066198105,1932,1930,BK,us,UNLABELED,1,001024375,The collected works of Bernard Shaw.
mdp.39015067165004,1933,1930,BK,us,UNLABELED,1,000779495,The joy peddler / by A. H. Schoenfeld.
mdp.39015067267750,1931,1930,BK,us,UNLABELED,1,001033719,The stability of the carbon-sulfur bond in some aliphatic sulfonic acids ...
mdp.39015067269087,1937,1930,BK,us,UNLABELED,1,001984568,The beta-ray spectra of Li3 and B12 / by D. S. Bayley ...
mdp.39015067307176,1936,1930,BK,us,UNLABELED,1,001988073,Alteration of the free surface energy of solids: 1. Effect of heat treatment of metals in air. 2. Effect of heat treatme
mdp.39015067352438,1931,1930,BK,us,UNLABELED,1,001499472,"Life history studies on two frog lung flukes, Pneumoneces medioplexus and Pneumobites parviplexus."
mdp.39015067353212,1938,1930,BK,us,UNLABELED,1,001502891,"Variation in Peromyscus maniculatus osgoodi from the Uinta mountains, Utah."
mdp.39015067918782,1936,1930,BK,us,UNLABELED,1,002081760,Measuring health needs in an urban district / by Dorothy G. Wiehl ...
mdp.39015067958077,1935,1930,BK,us,UNLABELED,2,001313665,"Augusta county, Virginia--a study of patterns ..."
mdp.39015068533432,1939,1930,BK,us,UNLABELED,2,001506806,Principles of forest entomology / by Samuel Alexander Graham ...
mdp.39015069268582,1931,1930,BK,us,UNLABELED,1,001020267,A conversation with a cat and others.
mdp.39015069628876,1937,1930,BK,us,UNLABELED,1,002162889,POWER AND EFFICIENCY MEASUREMENTS AT 60-MEGACYCLES PER SECOND.
mdp.39015069647447,1935,1930,BK,us,UNLABELED,1,002162750,THE UTILIZATION OF INULIN BY THE WHITE RAT..
mdp.39015069648478,1936,1930,BK,us,UNLABELED,1,002162858,A TECHNIQUE FOR SPIRITUAL REINTEGRATION.
mdp.39015069669938,1938,1930,BK,us,UNLABELED,1,004111198,Speed of light weight high speed trains on curves.
mdp.39015069669995,1938,1930,BK,us,UNLABELED,1,002163040,COMMISSION REGULATION OF PUBLIC UTILITY DEPRECIATION.
mdp.39015069891169,1938,1930,BK,us,UNLABELED,1,001888616,The cobweb theorem ...
mdp.39015071171477,1939,1930,BK,us,UNLABELED,1,003936584,The Custer tragedy; events leading up to and following the Little Big Horn campaign of 1876 / by Fred Dustin.
mdp.39015071204344,1937,1930,BK,us,UNLABELED,1,003246686,The Hungarians of Michigan / by Erdmann Doane Beynon ...
mdp.39015071418597,1936,1930,BK,us,UNLABELED,1,004158517,"Royal correspondence of the Assyrian Empire / Translated into English, with a transliteration of the text and a commenta"
mdp.39015071578689,1937,1930,BK,us,UNLABELED,1,003199419,Lasting values in athletics / [by] Fielding H. Yost.
mdp.39015071610716,1933,1930,BK,us,UNLABELED,1,003939132,"Part I. The interaction of phenylarsine with phenylhaloarsines. Part II, Diarsyls IV. The interaction of diphenyldiiodod"
mdp.39015071700392,1932,1930,BK,us,UNLABELED,1,003319099,Mountain morning and other poems.
mdp.39015073283619,1937,1930,BK,us,UNLABELED,2,006595729,"Pacific Northwest chemurgic conference with Washington State planning council, Spokane, Washington, March 22-23, 1937, t"
mdp.39015073778824,1935,1930,BK,us,UNLABELED,1,000955782,"Workmen's compensation in Maryland, by Evelyn Ellen Singleton."
mdp.39015074765820,1934,1930,BK,us,UNLABELED,1,001039740,Some studies on the flutter of airfoils and propellers.
mdp.39015076611741,1936,1930,BK,us,UNLABELED,1,001884521,The status of the elementary school principal in Oregon / by Roben Johne Maaske ...
mdp.39015077845017,1931,1930,BK,us,UNLABELED,1,001127171,1931. Report of Bank tax commission of Minnesota.
mdp.39015077886110,1938,1930,BK,us,UNLABELED,1,000959822,Early colonial taxation in Delaware / by M.M. Daugherty for the Tercentenary Commission.
mdp.39015078222687,1936,1930,BK,us,UNLABELED,1,001874135,Virginia historical index ... / by E. G. Swem ...
mdp.39015078960856,1933,1930,BK,us,UNLABELED,1,002893061,Bolshevik misrule in Ukraine / [Marie Gambal].
mdp.39015080261384,1938,1930,BK,us,UNLABELED,1,001753932,Report ...
mdp.39015081138326,1939,1930,BK,us,UNLABELED,2,001561660,Dental roentgenology / by LeRoy M. Ennis.
mdp.39015085421413,1931,1930,BK,us,UNLABELED,1,002162440,THE BRONZE BIRCH BORER AND OTHER FACTORS IN POST-LOGGING DECADENCE IN NORTHERN HARDWOODS.
mdp.39015095039676,1934,1930,BK,us,UNLABELED,1,001107656,Operating and credit manual for financial institutions making loans to property owners under the modernization credit pl
mdp.39076000290937,1932,1930,BK,us,UNLABELED,1,009921936,Religion in life.
mdp.39076001030100,1939,1930,BK,us,UNLABELED,1,009921184,Tannhäuser : a dramatic poem / by Richard Wagner ; freely translated in poetic narrative form by T. W. Rolleston ; prese
mdp.39076002170392,1937,1930,BK,us,UNLABELED,1,009925696,Joan wanted a kitty / Jane Brown Gemmill ; with illustrations by Marguerite de Angeli.
mdp.39076005628677,1935,1930,BK,us,UNLABELED,1,009908867,"History of labour in the United States, by John R. Commons, David J. Saposs, Helen L. Summer, E. B. Mittelman, H. E. Hoa"
mdp.39076005730226,1935,1930,BK,us,UNLABELED,1,009909746,A series of lectures on social justice / by Charles E. Coughlin.
mdp.39076006146562,1933,1930,BK,us,UNLABELED,1,009913177,Elizabethan love conventions.
mdp.49015000033432,1933,1930,BK,us,UNLABELED,1,004385066,America through women's eyes.
mdp.49015000558826,1933,1930,BK,us,UNLABELED,1,001028117,Anthony Adverse / by Hervey Allen; decorations by Allan McNab.
mdp.49015002676253,1939,1930,BK,us,UNLABELED,1,004541098,"The young salesman / by Horatio Alger, Jr."
mdp.49015003181816,1937,1930,BK,us,UNLABELED,1,005259840,The works of Plato / translated into English with analyses and introduction by B. Jowett.
miun.agd9745.0001.001,1936,1930,BK,us,UNLABELED,1,001448367,"Suriname folk-lore, by Melville J. Herskovits and Frances S. Herskovits; with transcriptions of Suriname songs and music"
miun.agw6801.0001.001,1936,1930,BK,us,UNLABELED,2,001611044,"San Francisco's Chinatown,"
nnc1.1002157578,1936,1930,BK,us,UNLABELED,1,102356903,Thursdays -at home; a farce in one act.
nnc1.cu04275306,1938,1930,BK,us,UNLABELED,1,102362912,The Chicago Stock Exchange.
nnc1.cu09442375,1937,1930,BK,us,UNLABELED,1,102365340,"A survey of methods for determining depth of magnetic ore bodies, by David A. Keys."
nnc2.ark:/13960/t4tj18g6q,1938,1930,BK,us,UNLABELED,1,100854470,Cross & Brown Company real estate rental & sale listing
nyp.33433022910552,1938,1930,BK,us,UNLABELED,1,103032700,Water-color painting / by E.W. Haslehust.
nyp.33433083302327,1933,1930,BK,us,UNLABELED,1,103186607,"Stiles genealogy : Dan Stiles of Shoreham, Vermont, great--great--great grandson of Robert Stiles who lived in Rowley, M"
nyp.33433084648314,1935,1930,BK,us,UNLABELED,1,100947594,"Golden jubilee anniversary : New York, Hotel Pennsylvania, November 16, 1935."
nyp.33433098923745,1932,1930,BK,us,UNLABELED,1,103058701,"Marriage legislation in the new Code of canon law, by Very Rev. H.A. Ayrinhac, Rev. and enl. by Rev. P.J. Lydon."
nyp.33433099462172,1935,1930,BK,us,UNLABELED,1,103223041,"Nebraska civil government, by Addison Erwin Sheldon ..."
nyp.33433099462909,1936,1930,BK,us,UNLABELED,1,103288956,"Pioneer stories of Custer county, Nebraska, contributed by more than one hundred present and former residents of Custer "
nyp.33433099931846,1939,1930,BK,us,UNLABELED,1,103269485,"History of Alameda, by Paul G. Vigness, (narrative and biographical)"
nyp.33433101160871,1936,1930,BK,us,UNLABELED,1,103221376,"Answer to charges made to Hon. Herbert H. Lehman, governor of the state of New York, with respect to the removal of Will"
nyp.33433101438772,1935,1930,BK,us,UNLABELED,1,103271104,The house in St. Cloud / by Beatrix Demarest Lloyd.
nyp.33433116555735,1939,1930,BK,us,UNLABELED,1,103269946,Flight / by Oscaur [sic] Saul and Louis Lantz.
osu.32435000461343,1934,1930,BK,us,UNLABELED,1,101667880,"You and the new deal, Virginia Tech."
osu.32435006450464,1934,1930,BK,us,UNLABELED,1,101667363,"Queen's caprice, a novel of Mary, Queen of Scots, by George Preedy."
osu.32435012670444,1935,1930,BK,us,UNLABELED,1,101670502,Sporting dogs; the breeds and standards as recognized by the American Kennel Club; with an introduction by Charles T. In
osu.32435012841953,1931,1930,BK,us,UNLABELED,1,101803005,"The stabilization of blue cupric hydroxide, By Harvey A. Neville ... and Charles T. Oswald .."
osu.32435015569882,1932,1930,BK,us,UNLABELED,1,102909573,The Saint vs. Scotland Yard / by Leslie Charteris.
osu.32435015635394,1939,1930,BK,us,UNLABELED,1,102618830,"A study on the pure theory of production, by Sune Carlson."
osu.32435016677700,1939,1930,BK,us,UNLABELED,1,102895676,A comparative study of the reading achievements of white and Negro children / by Larry Jordan Willis.
osu.32435016701237,1939,1930,BK,us,UNLABELED,1,102994185,Adult education essays / by Charles L. Robbins.
osu.32435021116421,1939,1930,BK,us,UNLABELED,1,002039846,The teacher's dependency load / by Theresa P. Pyle ...
osu.32435021117924,1934,1930,BK,us,UNLABELED,1,002039836,A study of the problems of 652 gainfully employed married women homemakers / by Cecile Tipton La Follette ...
osu.32435027427913,1937,1930,BK,us,UNLABELED,1,100818943,Ohio study of local school units. Sponsored by the United States Office of Education [and] the Ohio State Department of 
osu.32435027428101,1937,1930,BK,us,UNLABELED,1,100818943,Ohio study of local school units. Sponsored by the United States Office of Education [and] the Ohio State Department of 
osu.32435051129765,1937,1930,BK,us,UNLABELED,1,102841610,"Insurance code of the State of Washington, 1937."
osu.32435053576237,1936,1930,BK,us,UNLABELED,1,101671834,Beekeeping 1936 list.
osu.32435086105491,1933,1930,BK,us,UNLABELED,2,007921826,Pastures and other poems.
osu.32437000347266,1933,1930,BK,us,UNLABELED,1,010440612,"Restatement of the law of contracts : as adopted and promulgated by the American Law Institute, containing Mississippi a"
pur1.32754060754201,1930,1930,BK,us,UNLABELED,1,102953731,A tale of two cities / by Charles Dickens. Pictures by Harvey Dunn.
rul.39030031796578,1935,1930,BK,us,UNLABELED,1,103286735,"Work relief in New Jersey : April 1, 1934-July 1, 1935 / compiled by Research Section; Douglas H. MacNeil, Gerald B. Bat"
txu.059173022893913,1936,1930,BK,us,UNLABELED,1,101037268,Tempest over Mexico : a personal chronicle / by Rosa E. King ; illustrated by Carroll Bill.
txu.059173023849961,1934,1930,BK,us,UNLABELED,1,101527939,"The early press of Jamaica, by Douglas C. McMurtrie."
uc1.$b102088,1931,1930,BK,us,UNLABELED,1,006601598,"Man management in chain stores, by H. R. Barnett, introduction by Edward Dale."
uc1.$b103889,1933,1930,BK,us,UNLABELED,1,006602651,The new bridge : a novel / by Meyer Levin.
uc1.$b104243,1933,1930,BK,us,UNLABELED,1,006602853,In Tragic life [by] Vardis Fisher.
uc1.$b104253,1931,1930,BK,us,UNLABELED,3,000388977,"Dark Bridwell, by Vardis Fisher ..."
uc1.$b104363,1939,1930,BK,us,UNLABELED,2,000389564,"A peculiar treasure, by Edna Ferber."
uc1.$b113365,1935,1930,BK,us,UNLABELED,1,001476851,"Eclipses of the sun, by S. A. Mitchell ..."
uc1.$b117220,1936,1930,BK,us,UNLABELED,1,006609966,The story of English life / by Amabel Williams-Ellis and F. J. Fisher.  Illustrated by Wilma Hickson.
uc1.$b12040,1933,1930,BK,us,UNLABELED,1,010107339,"Parade of the living [by] John Hodgdon Bradley, Jr."
uc1.$b15150,1933,1930,BK,us,UNLABELED,1,006553094,Junior English in action / by J.C. Tressler and Marguerite B. Shelmadine.
uc1.$b15915,1936,1930,BK,us,UNLABELED,2,006553601,How to run a war.
uc1.$b173253,1936,1930,BK,us,UNLABELED,1,006645925,"We liberals, by Nelson Antrim Crawford."
uc1.$b175965,1936,1930,BK,us,UNLABELED,2,001430748,Cooperative consumer credit; with special reference to credit unions / by M.R. Neifeld.
uc1.$b195850,1931,1930,BK,us,UNLABELED,2,006658925,"The government of the United States, national, state, and local,  by William Bennett Munro ..."
uc1.$b239685,1931,1930,BK,us,UNLABELED,1,006495968,"Marketing of fruit and vegetables in the Vale of Evesham (Plums, aparagus & cabbage) [by] M.A. Abrams."
uc1.$b26047,1939,1930,BK,us,UNLABELED,1,006559341,"Heating and air conditioning, by John R. Allen ... and James Herbert Walker ..."
uc1.$b275724,1936,1930,BK,us,UNLABELED,1,006518858,"His lucky break; a melodramatic farce-comedy in one act, by Royal Percival Macdonald ..."
uc1.$b286259,1938,1930,BK,us,UNLABELED,1,010104707,"A philosophy for a modern man, by H. Levy."
uc1.$b28811,1934,1930,BK,us,UNLABELED,1,006560868,"Talks on the book of Revelation, by William B. Hogg, known to radio audiences as ""Josiah Hopkins"" ..."
uc1.$b299623,1938,1930,BK,us,UNLABELED,1,006533126,"Black land, white land, a Reggie Fortune novel."
uc1.$b301824,1932,1930,BK,us,UNLABELED,1,006534554,The man who didn't mind hanging / Nancy Barr Mavity.
uc1.$b302046,1931,1930,BK,us,UNLABELED,1,006534689,The devil herself.
uc1.$b304994,1934,1930,BK,us,UNLABELED,1,006536715,The tale of a shipwreck / by James Norman Hall ; with illustrations by W. Alister Macdonald.
uc1.$b308119,1936,1930,BK,us,UNLABELED,1,002921014,Sentinel of peace / by M.N. Tukhachevsky.
uc1.$b309205,1933,1930,BK,us,UNLABELED,1,006539297,"An American history, by David Saville Muzzey."
uc1.$b322991,1933,1930,BK,us,UNLABELED,1,006548055,Mrs. Egg and other barbarians.
uc1.$b37227,1939,1930,BK,us,UNLABELED,1,006565612,"The new Wall Street, by Rudolph L. Weissman."
uc1.$b40948,1931,1930,BK,us,UNLABELED,1,010109187,"Tumbling illustrated, by L.L. McClow ... illustrations by D.N. Anderson ..."
uc1.$b45838,1932,1930,BK,us,UNLABELED,2,001916169,The organization of matter in the eighteenth century French philosophy / by Juliette Carnus ...
uc1.$b50722,1939,1930,BK,us,UNLABELED,1,006573074,A study of the solvent effect on the iodination of olefins.
uc1.$b540608,1933,1930,BK,us,UNLABELED,1,008870090,"The world's greatest 99 days, scissored and pasted by Ben Duffy and Harford Powel."
uc1.$b55546,1932,1930,BK,us,UNLABELED,1,006575391,"Introduction to business, by John G. Kirk, Harold B. Buckley, Mary A. Waesche. Script illustrations by Edward C. Mills."
uc1.$b611370,1936,1930,BK,us,UNLABELED,2,001442336,"Lessing's relation to the English language and literature, by Curtis C. D. Vail."
uc1.$b659099,1936,1930,BK,us,UNLABELED,1,001167124,"Literary characters drawn from life; romans à clef, drames à clef, real people in poetry, with some other literary diver"
uc1.$b666768,1938,1930,BK,us,UNLABELED,3,001312953,An economic program for American democracy / by seven Harvard and Tufts economists : Richard V. Gilbert ... [and others]
uc1.$b67674,1936,1930,BK,us,UNLABELED,1,006582307,"Proceedings of the conference on the public school system of the city of Philadelphia, held under the auspices of the Jo"
uc1.$b75377,1938,1930,BK,us,UNLABELED,1,006586703,"A study of the physical characteristics of soils, with special reference to earth structures, by Donald M. Burmister ..."
uc1.$b799691,1936,1930,BK,us,UNLABELED,1,009952053,First class matter;
uc1.$b800226,1936,1930,BK,us,UNLABELED,1,007939801,Dark harvest / by Theodore Anthony Stanford ; with an introduction by Joseph V. Baker.
uc1.$b80839,1939,1930,BK,us,UNLABELED,1,006589502,Jean Clarambaux; a novel by Jean Tousseul [pseud.]; translated by Elisabeth Abbott.
uc1.$b95369,1933,1930,BK,us,UNLABELED,1,006598159,"Labor problems in American industry, by Carroll R. Daugherty."
uc1.$c179779,1939,1930,BK,us,UNLABELED,1,103107931,"Oxwelding brass and bronze, including: Welding of commercial yellow brass pipe."
uc1.$c225651,1936,1930,BK,us,UNLABELED,1,103133066,Electric machinery catechism.
uc1.$c23069,1939,1930,BK,us,UNLABELED,1,001742737,Food consumption and costs at state institutions in Oklahoma : comparisons of actual per capita consumption with standar
uc1.$c28151,1935,1930,BK,us,UNLABELED,1,102925185,"Bouchard in the islands of the Pacific, by Lewis W. Bealer ..."
uc1.31210002793782,1936,1930,BK,us,UNLABELED,1,102622185,Hunting wild life with camera and flashlight; a record of sixty-five years' visits to the woods and waters of North Amer
uc1.31822011801297,1938,1930,BK,us,UNLABELED,3,001183493,German grammar for chemists and other science students; with simple graded readings based on vocabulary and syntax frequ
uc1.31822021999438,1936,1930,BK,us,UNLABELED,1,008442628,"Modern works of art; fifth anniversary exhibition, November 20, 1934-January 20, 1935"
uc1.31822033833682,1934,1930,BK,us,UNLABELED,1,102930635,Strange yesterday / by Howard Melvin Fast.
uc1.32106000785227,1931,1930,BK,us,UNLABELED,1,005557258,Organized commodity markets. Zoning in the United States.
uc1.32106002243886,1933,1930,BK,us,UNLABELED,1,007127600,"Reigen, The affairs of Anatol and other plays,"
uc1.32106014607144,1939,1930,BK,us,UNLABELED,2,001624804,"Law, the state, and the international community / by James Brown Scott."
uc1.b3111069,1932,1930,BK,us,UNLABELED,1,007903827,"Run-off -- Rational run-off formulas, by R.L. Gregory and C.E. Arnold ... with discussions by ... LeRoy K. Sherman, Fran"
uc1.b3111169,1933,1930,BK,us,UNLABELED,1,007903863,Science and sanity; an introduction to non-Aristotelian systems and general semantics.
uc1.b3150122,1937,1930,BK,us,UNLABELED,1,006111130,A modern Jezebel / Irene Nemirovsky ; English version by Barre Dunbar.
uc1.b3319617,1938,1930,BK,us,UNLABELED,1,007924282,Wild birds in Britain / by Seton Gordon ; with 2 plates in colour and 100 illustrations from photographs.
uc1.b3322270,1933,1930,BK,us,UNLABELED,1,007915199,Ariel : the life of Shelley / by André Maurois ; translated by Ella DÁrcy.
uc1.b3322518,1935,1930,BK,us,UNLABELED,1,000391257,Workers in the dawn ...
uc1.b3339916,1938,1930,BK,us,UNLABELED,1,007917086,Selected poems.
uc1.b3342664,1935,1930,BK,us,UNLABELED,1,007930802,"Lady bug; a comedy in three acts, by Frances Nordstrom."
uc1.b3407692,1931,1930,BK,us,UNLABELED,1,001172567,"A guide to historical literature / edited by William Henry Allison, Sidney Bradshaw Fay, Augustus Hunt Shearer, and Henr"
uc1.b3516482,1931,1930,BK,us,UNLABELED,3,001374772,First nights and first editions / by Harry B. Smith ...
uc1.b3516724,1934,1930,BK,us,UNLABELED,2,006666721,Liszt.
uc1.b3554489,1938,1930,BK,us,UNLABELED,1,006673736,Lords of the press.
uc1.b3564033,1938,1930,BK,us,UNLABELED,1,006675176,"Opera -- front and back, by H. Howard Taubman."
uc1.b3578955,1938,1930,BK,us,UNLABELED,1,006678267,"Byron as skeptic and believer, by Edward Wayne Marjarum."
uc1.b3625027,1932,1930,BK,us,UNLABELED,1,006687350,"Fighting men of the West, by Dane Coolidge; with an introduction by the author; illustrated with halftones."
uc1.b3727868,1938,1930,BK,us,UNLABELED,1,010154608,"Letters of Queen Victoria, from the archives of the house of Brandenburg-Prussia;"
uc1.b3727945,1937,1930,BK,us,UNLABELED,1,007926000,Prismatic ground.
uc1.b3862344,1934,1930,BK,us,UNLABELED,1,001112501,"Israfel, the life and times of Edgar Allan Poe,"
uc1.b3968301,1935,1930,BK,us,UNLABELED,1,006765043,"An economic interpretation of the Constitution of the United States, by Charles A. Beard, with new introduction."
uc1.b4009329,1931,1930,BK,us,UNLABELED,2,000440166,"My experiences in the World War, by John J. Pershing ... with sixty-nine reproductions from photographs and numerous map"
uc1.b4091788,1936,1930,BK,us,UNLABELED,1,001497992,Growth hormones in plants. Authorized English translation of Die wuchsstofftheorie und ihre bedeutung für die analyse d
uc1.b4100546,1939,1930,BK,us,UNLABELED,3,001373374,Rocket to the moon : a romance in three acts / by Clifford Odets.
uc1.b4102320,1936,1930,BK,us,UNLABELED,2,001377857,Three times three.
uc1.b4103557,1932,1930,BK,us,UNLABELED,1,006155472,"Austro-German diplomatic relations, 1908-1914 [by] Oswald Henry Wedel ...."
uc1.b4105198,1933,1930,BK,us,UNLABELED,1,002240512,"The journey of the Flame, being an account of one year in the life of Señor Don Juan Obrigón,"
uc1.b4106880,1931,1930,BK,us,UNLABELED,1,006156601,Human physiology / by F. R. Winton and L. E. Bayliss
uc1.b4107910,1938,1930,BK,us,UNLABELED,2,006061923,"From stores of memory, by Irving Bacheller."
uc1.b4139549,1939,1930,BK,us,UNLABELED,1,010061900,"Microbiology applied to nursing; a combined text book and laboratory guide, by Jean Broadhurst...and Leila L. Given... 3"
uc1.b4253879,1932,1930,BK,us,UNLABELED,1,006201113,"Equilibria and rates of some organic reactions, by James B. Conant ..."
uc1.b4354385,1939,1930,BK,us,UNLABELED,2,001273908,The discovery of man.
uc1.b4428599,1933,1930,BK,us,UNLABELED,1,007836043,Beethoven as he lived / by Richard Specht ; translated by Alfred Kalisch.
uc1.b4439090,1931,1930,BK,us,UNLABELED,2,000110808,In my end is my beginning / by Maurice Baring ...
uc1.b4451223,1939,1930,BK,us,UNLABELED,2,001235184,I went to the soviet arctic / by Ruth Gruber.
uc1.b4475887,1936,1930,BK,us,UNLABELED,1,001633589,"Two pueblo ruins in west central Arizona, by Edward H. Spicer and Louis P. [!] Caywood .."
uc1.b4475945,1939,1930,BK,us,UNLABELED,2,001264643,Daniel Boone.
uc1.b4500407,1933,1930,BK,us,UNLABELED,1,006250046,"Creative America, an anthology chosen and edited by Ludwig Lewisohn."
uc1.b4539321,1932,1930,BK,us,UNLABELED,2,001154573,"The United States and the League of Nations, 1918-1920 / by D.F. Fleming."
uc1.b4554200,1937,1930,BK,us,UNLABELED,1,001480465,"Light; principles and experiments, by George S. Monk ..."
uc1.b4576336,1936,1930,BK,us,UNLABELED,1,002071577,G. Carl Huber memorial volume.
uc1.b4582166,1934,1930,BK,us,UNLABELED,2,001189137,Letters to the new island / edited with an introduction by Horace Reynolds.
uc1.b4640851,1931,1930,BK,us,UNLABELED,1,102639685,"The shadow of Henry Irving, by Henry Arthur Jones."
uc1.b5488444,1938,1930,BK,us,UNLABELED,1,101865160,"Profile of genius; Poor Richard pamphlets,"
uc1.c025704165,1935,1930,BK,us,UNLABELED,1,100852415,"The Resettlement Administration, Washington, D.C. General information on the Resettlement Administration's activities an"
uc1.c067677366,1939,1930,BK,us,UNLABELED,1,100206283,"The work of Henry C. Smith, architect / [compiled by Benj. F. Clark."
uc1.c2873340,1933,1930,BK,us,UNLABELED,1,100649343,The historical geography of northwestern Chihuahua / by Donald Dilworth Brand.
uc1.c2910655,1935,1930,BK,us,UNLABELED,1,100650667,"The Cuban issues, 1895-1897 / by Tyrrell Woodward Martinez."
uc2.ark:/13960/t7mp4ws0s,1933,1930,BK,us,UNLABELED,1,000477589,The complete novels of Jane Austen.
ufl.31262032171257,1939,1930,BK,us,UNLABELED,1,103290956,French intrusion into Spain's La Florida.
ufl.31262044814803,1937,1930,BK,us,UNLABELED,1,103293241,Children of the Emek / by Libbie L. Braverman ; illustrated by Temima Nimtzowitz.
uga1.32108001340879,1937,1930,BK,us,UNLABELED,1,102997196,Early days in Birmingham; a printing of the original papers of the Pioneers Club whose members were eye-witnesses to the
uga1.32108049182739,1933,1930,BK,us,UNLABELED,1,102971808,"Modern man in search of a soul, by C. G. Jung."
uiug.30112002419361,1934,1930,BK,us,UNLABELED,1,102327744,"Hunting the wow, by Ellis Parker Butler; illustrated by Thomas J. Fogarty."
uiug.30112002947973,1932,1930,BK,us,UNLABELED,1,102290336,"Men are like street cars, by Graeme and Sarah Lorimer; with illustrations by Marge."
uiug.30112004192578,1931,1930,BK,us,UNLABELED,1,100962670,"A delectable garden, by Bernard Palissy; translated with an introduction by Helen Morgenthau Fox."
uiug.30112004648785,1938,1930,BK,us,UNLABELED,1,100857013,"The new college omnibus, edited by James F. Fullington ... and Harry B. Reed and Julia Norton McCorkle ..."
uiug.30112011468755,1935,1930,BK,us,UNLABELED,1,102185672,"Hidden treasures in literature / Luella B. Cook, George W. Norvell, William A. McCall."
uiug.30112037983951,1931,1930,BK,us,UNLABELED,1,101697526,Attune with spring in Acadie / by Claire Harris MacIntosh ; introduction by F. Schuyler Mathews ; illustrated by Marjori
uiug.30112041556256,1932,1930,BK,us,UNLABELED,1,102292379,"American history in verse, for boys and girls, collected and edited by Burton Stevenson."
uiug.30112043635264,1932,1930,BK,us,UNLABELED,1,102292645,"Foreign section of the 30th international exhibition of paintings from Carnegie Institute, Pittsburgh : [exhibition] Mar"
uiug.30112045511463,1939,1930,BK,us,UNLABELED,1,102487086,The absent-minded professor : a comedy in three acts / by James C. Parker.
uiug.30112045513782,1937,1930,BK,us,UNLABELED,1,102292834,"Cupid with spectacles (suggested by Edgar Allan Poe's short story, ""The spectacles."") A comedy in one act, by Wall Spenc"
uiug.30112045539001,1936,1930,BK,us,UNLABELED,1,102394183,"Archaeological Excavations at Kukulik, St. Lawrence Island, Alaska : prelimin. report / Otto William Geist; Froelich Gla"
uiug.30112045769897,1939,1930,BK,us,UNLABELED,1,102435992,When the stars come out / Robert H. Baker.
uiug.30112049088609,1938,1930,BK,us,UNLABELED,1,103024508,Thomas Moore's visit to the United States.
uiug.30112055200171,1933,1930,BK,us,UNLABELED,1,100857643,"Aeronautical periodicals received currently by the Division of Aeronautics of the Library of Congress January 1,1933."
uiug.30112055200486,1935,1930,BK,us,UNLABELED,1,100857670,Nicholas Danforth and his neighbours; Framlingham and Saxtead in the 17th century. With introductory paper: Nicholas Dan
uiug.30112056960179,1939,1930,BK,us,UNLABELED,1,102851454,The press and the people : a survey.
uiug.30112061909435,1935,1930,BK,us,UNLABELED,1,102707219,"State grants-in-aid, by Russell John Hinckley ..."
uiug.30112064208033,1934,1930,BK,us,UNLABELED,1,102315943,"Gross capital formation, 1919-1933 / [by] Simon Kuznets."
uiug.30112064591669,1935,1930,BK,us,UNLABELED,1,103087949,"The Sweetwater mines, a pioneer Wyoming newspaper; with notes on the apparently unique file preserved in the Bancroft li"
uiug.30112066508406,1936,1930,BK,us,UNLABELED,1,102860118,Speech for the classroom teacher / by Dorothy I. Mulgrave ; illustrations by Irving Block.
uiug.30112067291192,1934,1930,BK,us,UNLABELED,1,101683550,"Teaching materials in elementary business education, edited by Don T. Deal ..."
uiug.30112068239711,1938,1930,BK,us,UNLABELED,1,011422310,"Regulations to govern the destruction of records of steam roads, prescribed by the Interstate commerce commission, in ac"
uiug.30112074753655,1938,1930,BK,us,UNLABELED,1,102424841,Asia; a regional and economic geography / by L. Dudley Stamp with 372 maps and diagrams.
uiug.30112076900205,1939,1930,BK,us,UNLABELED,1,102296128,"Drina, England's young Victoria, by Marion W. Flexner ..."
uiug.30112088807596,1933,1930,BK,us,UNLABELED,1,103173357,Printers' and publishers' devices shown in the central hall of the new library building.
uiug.30112106211938,1935,1930,BK,us,UNLABELED,1,103157436,"Introduction to American government; the national government, by Frederic A. Ogg and P. Orman Ray."
uiug.30112106903518,1935,1930,BK,us,UNLABELED,2,001677610,"Archeological investigations in the Bay islands, Spanish Honduras William Duncan Strong ..."
uiug.30112107660281,1938,1930,BK,us,UNLABELED,1,101720108,Our mutual responsibilites / Mark Ethridge.
uiug.30112108183622,1935,1930,BK,us,UNLABELED,1,101718137,Adler Planetarium and Astronomical Museum operated and maintained by Chicago Park District; an account of the optical pl
uiug.30112110575674,1931,1930,BK,us,UNLABELED,1,102436729,[Builders of America] / by Clifford Smyth.
uiug.30112112477945,1937,1930,BK,us,UNLABELED,1,103175511,A new apparatus for the precise and accurate determination of dew point ... by G. Edwin White.
uiug.30112113982059,1938,1930,BK,us,UNLABELED,1,103201704,"Service man's guide to automotive lubrication / by J. Howard Pile, editorial director, Chek-Chart."
uiug.30112118445771,1931,1930,BK,us,UNLABELED,2,000342593,"Report of the City planning commission, Oklahoma City, Oklahoma, 1930; prepared by Hare & Hare, city planning consultant"
uiug.30112119579834,1935,1930,BK,us,UNLABELED,1,102451656,Are there opportunities for women? ...
uiug.30112119579925,1939,1930,BK,us,UNLABELED,1,102451657,Vocations for women: [Reprint from a series appearing in ... Independent woman]
umn.31951000378612f,1934,1930,BK,us,UNLABELED,1,101724393,Statistical guide.
umn.31951000404746d,1934,1930,BK,us,UNLABELED,1,010839860,Assembled notes for study : what every forester should know.
umn.31951000521367h,1932,1930,BK,us,UNLABELED,1,007161221,Introduction to theoretical seismology [by] J. B. Macelwane [and] F. W. Sohon.
umn.319510009573699,1935,1930,BK,us,UNLABELED,1,010559614,Making the most of your looks.
umn.31951001497778v,1937,1930,BK,us,UNLABELED,1,101713695,"Campbellism exposed ; or, Strictures on the peculiar tenets of Alexander Campbell."
umn.31951001531702f,1939,1930,BK,us,UNLABELED,1,008558574,"Love, marriage and chastity,"
umn.31951001632856c,1939,1930,BK,us,UNLABELED,1,100954946,Timetable for tramps ; a European testament.
umn.31951001993055k,1935,1930,BK,us,UNLABELED,1,101696063,The problem of poverty : an analysis of popular and prevailing politico-economic policies.
umn.31951002021227g,1937,1930,BK,us,UNLABELED,1,009663861,Public welfare board and committee relationship.
umn.31951002022503d,1938,1930,BK,us,UNLABELED,1,009392726,Eminent British poets of the nineteenth century / Edited by Paul Robert Lieder.
umn.319510020658872,1939,1930,BK,us,UNLABELED,1,101653673,The American drama presents the Jew : an evaluation of the treatment of Jewish characters in contemporary drama.
umn.31951002117140x,1931,1930,BK,us,UNLABELED,1,100674702,"A brief history of the Kansas City Board of Trade, 1869-1931."
umn.31951002280464t,1938,1930,BK,us,UNLABELED,1,101695566,Timing when to buy and sell in today's markets / by John Durand.
umn.31951002399074k,1932,1930,BK,us,UNLABELED,1,100956353,The Brownings ; a Victorian idyll.
umn.31951t00086665h,1938,1930,BK,us,UNLABELED,1,010157223,"The production of ""experimental neurosis"" in the white rat."
uva.x000095313,1935,1930,BK,us,UNLABELED,1,101865269,As the earth turns
uva.x000400157,1933,1930,BK,us,UNLABELED,1,009499505,"Ancient Italy and modern religion; being the Hibbert lectures for 1932,"
uva.x000418664,1937,1930,BK,us,UNLABELED,1,102065884,"Potomac landings, by Paul Wilstach; photographs by Roger B. Whitman and others."
uva.x000917626,1937,1930,BK,us,UNLABELED,1,101864253,"The gardener who saw God,"
uva.x001076916,1938,1930,BK,us,UNLABELED,1,101898079,"Frank W. Benson, Edmund C. Tarbell : exhibition of paintings, drawings, and prints / Museum of Fine Arts, Boston, Novemb"
uva.x001260328,1933,1930,BK,us,UNLABELED,1,102097780,"Petals of the Cherokee, compiled by McCleskey Garlych."
uva.x002015491,1935,1930,BK,us,UNLABELED,1,101866981,"Glimpses of Baltimore,"
uva.x002122830,1932,1930,BK,us,UNLABELED,1,102074507,"The heritage of eastern Asia, by A. Eustace Haydon and Ananda Coomaraswamy."
uva.x002196917,1933,1930,BK,us,UNLABELED,1,101870193,Baruch Spinoza;
uva.x004123160,1934,1930,BK,us,UNLABELED,1,101968974,Private papers of James Boswell from Malahide castle; in the collection of Lt.-Colonel Ralph Heyward Isham; prepared for
uva.x004419481,1938,1930,BK,us,UNLABELED,1,102008269,Early Greek elegists / by C. M. Bowra.
uva.x004884673,1933,1930,BK,us,UNLABELED,4,006785462,"The conquest of a continent; or, The expansion of races in American,"
uva.x030157542,1932,1930,BK,us,UNLABELED,1,102047893,"Pan Chao: foremost woman scholar of China, first century A.D. : background, ancestry, life, and writings of the most cel"
uva.x030730326,1931,1930,BK,us,UNLABELED,1,101975990,Conscription of wealth in time of war / compiled by Julia E. Johnsen.
uva.x030730329,1931,1930,BK,us,UNLABELED,1,101975993,"Planning for economic stability, compiled by James Goodwin Hodgson."
uva.x030764998,1933,1930,BK,us,UNLABELED,1,101900911,Paolo & Francesca : a tragedy in four acts / by Stephen Phillips.
wu.89041216714,1932,1930,BK,us,UNLABELED,1,000587955,"Foundations of the theory of algebraic numbers, by Harris Hancock ..."
wu.89057250318,1937,1930,BK,us,UNLABELED,1,005722839,Early American doorways / by I.T. Frary.
wu.89058276403,1933,1930,BK,us,UNLABELED,1,006802703,"The Cherokee strip, by George Rainey."
wu.89066138264,1939,1930,BK,us,UNLABELED,1,010978717,"Memorial exercises in honor of the late James B. Borden, director of the budget, held in the Assembly Chamber, Wisconsin"
wu.89067887398,1938,1930,BK,us,UNLABELED,2,001383270,Philosopher's holiday [by] Irwin Edman.
wu.89068792530,1937,1930,BK,us,UNLABELED,1,001510362,George Westinghouse commemoration; a forum presenting the career and achievements of George Westinghouse on the 90th ann
wu.89078559788,1938,1930,BK,us,UNLABELED,2,001513668,"Route surveys ; a pocket book for the survey, design, and construction of railways, highways, tramways, beltways, canals"
wu.89089712285,1934,1930,BK,us,UNLABELED,1,005696894,"Direct-current machinery, by Royce G. Kloeffler ... Jesse L. Brenneman ...[and] Russell M. Kerchner ..."
wu.89092952845,1937,1930,BK,us,UNLABELED,1,006918701,"The sweet cry of hounds, by E. Œ. Somerville and Martin Ross [pseud.] Illustrated by E. Œ. S."
wu.89094659042,1931,1930,BK,us,UNLABELED,1,000973794,After the deluge; a study of communal psychology [by] Leonard Woolf.
wu.89097085567,1933,1930,BK,us,UNLABELED,1,006831432,The cost of living in the United States in 1932
wu.89097463897,1932,1930,BK,us,UNLABELED,1,007078346,Art and adolescence: the Fieldston Conference.
wu.89097736581,1934,1930,BK,us,UNLABELED,1,001631123,"... The protection by patents of scientific discoveries : report of the Committee on patents, copyrights and trade marks"
wu.89097903173,1932,1930,BK,us,UNLABELED,1,007461600,"Edward Sandford Burgess, ""A heart at leisure from itself to sooth and sympathize""."
wu.89099241432,1931,1930,BK,us,UNLABELED,1,009185423,"Silhouettes, or, Higher heartbeats / by Paul Vornholt."
wu.89104407267,1939,1930,BK,us,UNLABELED,1,008364726,"The role of contemporary events in Anatole France's works, by Felix Bruno Giovanelli ..."
mdp.39015022634813,1932,1930,SE,uk,AGRICULTURAL,1,000503404,"The Review of applied entomology. Series A, Agricultural."
uc1.b3034689,1933,1930,SE,uk,AGRICULTURAL,1,010156596,Transactions of the Highland and Agricultural Society of Scotland
wu.89047209846,1935,1930,SE,uk,AGRICULTURAL,1,006918465,"Farm and machine / Institute for Research in Agricultural Engineering, University of Oxford."
mdp.39015059848229,1931,1930,SE,uk,CATALOG,1,000505552,[Catalogues of sales].
coo.31924056203171,1934,1930,SE,uk,GENERAL_PERIODICAL,1,009632017,Journal.
coo.31924092424989,1933,1930,SE,uk,GENERAL_PERIODICAL,1,010362323,Co-operative review.
cub.u183021492953,1932,1930,SE,uk,GENERAL_PERIODICAL,1,000501355,Journal of the Royal Central Asian Society.
cub.u183021931656,1939,1930,SE,uk,GENERAL_PERIODICAL,1,000598434,The Museums journal.
cub.u183024448296,1932,1930,SE,uk,GENERAL_PERIODICAL,1,000079226,The biochemical journal
cub.u183025767902,1939,1930,SE,uk,GENERAL_PERIODICAL,1,008302887,Journal of the Warburg Institute
iau.31858019572753,1934,1930,SE,uk,GENERAL_PERIODICAL,1,102879315,"The Statist ; an indepdendent journal of finance, trade and industry."
iau.31858019841976,1931,1930,SE,uk,GENERAL_PERIODICAL,1,009378630,The Wireless world and radio review.
iau.31858029270265,1931,1930,SE,uk,GENERAL_PERIODICAL,1,102972957,The Week-end review.
inu.30000060865783,1933,1930,SE,uk,GENERAL_PERIODICAL,1,004529446,Journal of the Chemical Society.
inu.30000089539781,1936,1930,SE,uk,GENERAL_PERIODICAL,2,000502681,The Journal of experimental biology.
inu.30000089782407,1933,1930,SE,uk,GENERAL_PERIODICAL,1,000505689,The mathematical gazette
inu.30000089782506,1937,1930,SE,uk,GENERAL_PERIODICAL,1,000505689,The mathematical gazette
inu.30000089936318,1935,1930,SE,uk,GENERAL_PERIODICAL,1,000501398,Quarterly journal of microscopical science.
inu.30000123002325,1936,1930,SE,uk,GENERAL_PERIODICAL,1,008561764,The Asiatic review.
mdp.39015010066747,1933,1930,SE,uk,GENERAL_PERIODICAL,1,000501398,Quarterly journal of microscopical science.
mdp.39015014706439,1934,1930,SE,uk,GENERAL_PERIODICAL,1,000536090,Bulletin / The Institution of Mining and Metallurgy.
mdp.39015059386576,1937,1930,SE,uk,GENERAL_PERIODICAL,1,000503642,The economic journal : the quarterly journal of the Royal Economic Society.
mdp.39015069669151,1931,1930,SE,uk,GENERAL_PERIODICAL,1,000522334,Bulletin.
mdp.39015078065771,1933,1930,SE,uk,GENERAL_PERIODICAL,1,000525129,The contemporary review
mdp.39015079757079,1932,1930,SE,uk,GENERAL_PERIODICAL,1,000049986,Monthly circular of recent selected publications.
mdp.39015080389482,1934,1930,SE,uk,GENERAL_PERIODICAL,1,000544742,Electrical journal.
miun.aez0137.0004.016,1935,1930,SE,uk,GENERAL_PERIODICAL,1,001165999,The Book-collector's quarterly.
nyp.33433006972511,1931,1930,SE,uk,GENERAL_PERIODICAL,1,103185263,The Gallipoli gazette; the journal of ... the Lancashire fusiliers.
nyp.33433007913902,1934,1930,SE,uk,GENERAL_PERIODICAL,1,103263624,Journal of the Institute of Brewing.
nyp.33433089545085,1938,1930,SE,uk,GENERAL_PERIODICAL,1,103046550,The Diabetic journal.
nyp.33433089816890,1934,1930,SE,uk,GENERAL_PERIODICAL,1,103046605,"Scenario; a magazine for producers, scenario writers and film public."
nyp.33433108171954,1934,1930,SE,uk,GENERAL_PERIODICAL,1,009793658,The electrical review.
nyp.33433109997274,1936,1930,SE,uk,GENERAL_PERIODICAL,1,103064912,Technical bulletin.
nyp.33433110087883,1935,1930,SE,uk,GENERAL_PERIODICAL,1,100156615,Journal.
nyp.33433110095092,1931,1930,SE,uk,GENERAL_PERIODICAL,1,008616671,Journal.
nyp.33433110095183,1936,1930,SE,uk,GENERAL_PERIODICAL,1,008616671,Journal.
rul.39030034188328,1932,1930,SE,uk,GENERAL_PERIODICAL,1,007085564,The Chemical news and journal of industrial science.
uc1.$b776438,1938,1930,SE,uk,GENERAL_PERIODICAL,1,007996038,"Journal of the Chester and North Wales Architectural, Archaeological, and Historic Society."
uc1.$b812726,1932,1930,SE,uk,GENERAL_PERIODICAL,1,009947905,"Woodworkers, Painters & Buildingworkers Journal"
uc1.31175034007818,1938,1930,SE,uk,GENERAL_PERIODICAL,1,100184056,Incorporated accountants' journal.
uc1.31210017351659,1937,1930,SE,uk,GENERAL_PERIODICAL,1,000079226,The biochemical journal
uc1.32106019798864,1935,1930,SE,uk,GENERAL_PERIODICAL,1,007140702,The connoisseur : an illustrated magazine for collectors
uc1.a0008668279,1936,1930,SE,uk,GENERAL_PERIODICAL,1,000674781,Bulletin of the John Rylands Library.
uc1.b2910119,1934,1930,SE,uk,GENERAL_PERIODICAL,1,000073723,The Mining magazine.
uc1.b2927420,1935,1930,SE,uk,GENERAL_PERIODICAL,1,000496211,Blackwood's magazine.
uc1.b2936899,1934,1930,SE,uk,GENERAL_PERIODICAL,1,007913065,Quarterly bulletin of the Alpine Garden Society.
uc1.b3016841,1939,1930,SE,uk,GENERAL_PERIODICAL,1,000051760,London quarterly and Holborn review.
uc1.b3870705,1935,1930,SE,uk,GENERAL_PERIODICAL,1,000676133,The Political quarterly.
uc1.c2630242,1937,1930,SE,uk,GENERAL_PERIODICAL,1,100473027,The Chamber of Commerce journal.
uc1.d0000953331,1932,1930,SE,uk,GENERAL_PERIODICAL,1,100188887,Official journal = Journal officiel. Supplement special /Societe des Nations. Special supplement / League of Nations.
uiug.30112047649758,1937,1930,SE,uk,GENERAL_PERIODICAL,1,000505429,The bulletin of the Board of Celtic studies
uiug.30112118703690,1932,1930,SE,uk,GENERAL_PERIODICAL,1,000522322,The Cornhill magazine.
uva.x000615977,1937,1930,SE,uk,GENERAL_PERIODICAL,1,000505429,The bulletin of the Board of Celtic studies
uc1.b4442932,1932,1930,SE,uk,LEGAL,1,010085583,Transactions of the Medico-Legal Society for the year ..
iau.31858046166561,1932,1930,SE,uk,MEDICAL,1,009667395,The Edinburgh medical journal.
uc1.$c188386,1939,1930,SE,uk,MEDICAL,1,103062898,"British chemical and physiological abstracts. A., III, Physiology and biochemistry (including anatomy)."
uc1.b4435334,1936,1930,SE,uk,MEDICAL,1,000522721,"The Review of applied entomology. Series B, Medical and veterinary."
coo.31924066691498,1937,1930,SE,uk,REFERENCE,1,009197186,The Feathered world year book and poultry keepers' guide for 1910-1937.
nyp.33433107741302,1937,1930,SE,uk,REFERENCE,1,103064487,The Colliery year book and coal trades directory.
nyp.33433110145897,1934,1930,SE,uk,REFERENCE,1,103067783,Iron and steel industry handbook and directory.
uc1.31822042569764,1934,1930,SE,uk,REFERENCE,1,007925094,The Liberal year book.
uc1.a0003136736,1936,1930,SE,uk,REFERENCE,1,100120097,The People's year book.
uiug.30112106793737,1936,1930,SE,uk,REFERENCE,1,011452873,The West Indies and Caribbean year book.
umn.31951d001353570,1933,1930,SE,uk,REFERENCE,1,008955689,The Yearbook of the universities of the empire.
ia.ark:/13960/t6934cv7x,1935,1930,SE,uk,RELIGIOUS,1,012508446,The Chronicle of the London Missionary Society.
uiug.30112007923136,1931,1930,SE,uk,TRADE,1,003919142,The foundry trade journal.
coo.31924066243142,1931,1930,SE,uk,UNLABELED,1,009161647,Herdbook.
coo.31924070967710,1939,1930,SE,uk,UNLABELED,1,009191465,"Annual report ... together with a list of prizes awarded during the year, and a schedule of prizes offered."
coo.31924096321975,1938,1930,SE,uk,UNLABELED,1,009178504,"London grain, seed, and oil reporter."
cub.u183026766111,1936,1930,SE,uk,UNLABELED,2,000527938,Concrete and constructional engineering.
iau.31858022139681,1936,1930,SE,uk,UNLABELED,1,000641506,Economica
iau.31858028623019,1934,1930,SE,uk,UNLABELED,1,006791008,The Adelphi
ien.35556003126158,1938,1930,SE,uk,UNLABELED,1,006070181,Fabian tracts.
inu.30000093220741,1935,1930,SE,uk,UNLABELED,2,000056696,The London mercury.
inu.30000116581921,1937,1930,SE,uk,UNLABELED,1,008569272,The Times cuttings. Austria and Czechoslovakia.
mdp.39015010715129,1932,1930,SE,uk,UNLABELED,1,000519209,"Essays by divers hands, being the transactions of the Royal Society of Literature."
mdp.39015017520829,1938,1930,SE,uk,UNLABELED,1,000523379,Studio international.
mdp.39015018713324,1933,1930,SE,uk,UNLABELED,2,000505543,"Proceedings of the Royal Society of London. Series A, Containing papers of a mathematical and physical character"
mdp.39015021258580,1937,1930,SE,uk,UNLABELED,1,000533956,Miscellaneous publications of the International Tin Research and Development Council.
mdp.39015034555345,1932,1930,SE,uk,UNLABELED,1,000052655,Treaty series / League of Nations.
mdp.39015035402703,1939,1930,SE,uk,UNLABELED,1,002133874,Abstracts of papers communicated to the Royal society of London.
mdp.39015035490658,1931,1930,SE,uk,UNLABELED,1,000635362,Proceedings.
mdp.39015048506573,1934,1930,SE,uk,UNLABELED,1,000500324,Aberdeen University studies.
mdp.39015048970290,1935,1930,SE,uk,UNLABELED,1,000639800,"Surrey archaeological collections, relating to the history and antiquities of the county."
mdp.39015053399856,1937,1930,SE,uk,UNLABELED,1,000545916,International law reports.
mdp.39015055373024,1933,1930,SE,uk,UNLABELED,1,000597724,Report of the annual conference ...
mdp.39015056067328,1937,1930,SE,uk,UNLABELED,1,000542421,Contemporary poetry and prose.
mdp.39015059395478,1937,1930,SE,uk,UNLABELED,1,000677284,Modern languages
mdp.39015059786940,1933,1930,SE,uk,UNLABELED,1,000600230,Antiquity.
mdp.39015065658067,1931,1930,SE,uk,UNLABELED,1,000507374,Publications.
mdp.39015068236465,1937,1930,SE,uk,UNLABELED,1,000077026,Recent advances in anaesthesia and analgesia.
mdp.39015070516938,1933,1930,SE,uk,UNLABELED,1,000545166,Proceedings of the Aristotelian Society for the Systematic Study of Philosophy.
mdp.39015074942080,1933,1930,SE,uk,UNLABELED,1,000553480,Proceedings.
mdp.39015074980080,1934,1930,SE,uk,UNLABELED,1,000518879,Process; the photomechanics of printed illustration.
mdp.39015074980288,1933,1930,SE,uk,UNLABELED,1,000518879,Process; the photomechanics of printed illustration.
mdp.39015075100837,1932,1930,SE,uk,UNLABELED,1,000052655,Treaty series / League of Nations.
mdp.39015080058913,1934,1930,SE,uk,UNLABELED,1,000544661,Chemical age.
mdp.39015080157236,1936,1930,SE,uk,UNLABELED,1,000057117,Mine and quarry engineering.
mdp.39015080173050,1939,1930,SE,uk,UNLABELED,1,000597568,Wireless world.
mdp.39015080302881,1937,1930,SE,uk,UNLABELED,1,000547819,Marine engineer and naval architect.
mdp.39015080316535,1931,1930,SE,uk,UNLABELED,1,000051207,Foreign affairs.
njp.32101059986073,1931,1930,SE,uk,UNLABELED,1,008912596,Annual report ...
nyp.33433000240329,1932,1930,SE,uk,UNLABELED,1,102447927,Women's employment.
nyp.33433000272223,1939,1930,SE,uk,UNLABELED,1,009663657,The Crown colonist.
nyp.33433006833077,1936,1930,SE,uk,UNLABELED,1,103263809,The Power laundry ...
nyp.33433036385643,1932,1930,SE,uk,UNLABELED,1,103138881,The Cinematograph times.
nyp.33433071526911,1939,1930,SE,uk,UNLABELED,1,103137041,Display.
nyp.33433071607729,1939,1930,SE,uk,UNLABELED,1,005823911,Transactions / Institution of Engineers and Shipbuilders in Scotland.
nyp.33433072148913,1935,1930,SE,uk,UNLABELED,1,103143592,The Furnishing world.
nyp.33433084091614,1932,1930,SE,uk,UNLABELED,1,103137026,Architecture illustrated.
nyp.33433085611881,1936,1930,SE,uk,UNLABELED,1,103046057,The Pianomaker.
nyp.33433085633018,1937,1930,SE,uk,UNLABELED,1,008699609,Register of members.
nyp.33433098394541,1934,1930,SE,uk,UNLABELED,1,103062095,British paper.
nyp.33433100208838,1937,1930,SE,uk,UNLABELED,1,103048973,"The Broadcaster, electrical & wireless retailer."
nyp.33433102393281,1936,1930,SE,uk,UNLABELED,1,103225237,Kent records.
nyp.33433106003357,1939,1930,SE,uk,UNLABELED,1,103064483,The Commercial motor index.
nyp.33433109828107,1934,1930,SE,uk,UNLABELED,1,103064893,The Gold mining record.
nyp.33433109924005,1938,1930,SE,uk,UNLABELED,1,103064882,The Fur world.
nyp.33433110092776,1931,1930,SE,uk,UNLABELED,1,000552593,Minutes of proceedings of the Institution of Civil Engineers.
nyp.33433110093907,1932,1930,SE,uk,UNLABELED,1,000061103,Selected engineering papers; being original communications ordered by the council to be published without discussion.
osu.32435025515529,1934,1930,SE,uk,UNLABELED,1,007560515,Camden third series.
osu.32435062339874,1937,1930,SE,uk,UNLABELED,1,008878504,General report - International Tin Research and Development Council.
pur1.32754082809215,1933,1930,SE,uk,UNLABELED,1,012503126,Statistical abstract for the United Kingdom in each of the last fifteen years from ...
rul.43008000572869,1933,1930,SE,uk,UNLABELED,1,000678100,Proceedings of the Royal Society of Medicine.
uc1.$b12224,1938,1930,SE,uk,UNLABELED,1,008010878,The Farm economist.
uc1.$b776686,1932,1930,SE,uk,UNLABELED,1,000499806,Library Association record.
uc1.31158007253106,1938,1930,SE,uk,UNLABELED,1,000678100,Proceedings of the Royal Society of Medicine.
uc1.31158011135281,1935,1930,SE,uk,UNLABELED,1,102645593,Belgium and Luxembourg.
uc1.31175006968401,1936,1930,SE,uk,UNLABELED,1,000597724,Report of the annual conference ...
uc1.31175024572961,1938,1930,SE,uk,UNLABELED,1,010572884,Report by His Majesty's government in the United Kingdom of Great Britain and Northern Ireland to the Council of the Lea
uc1.31210014849218,1934,1930,SE,uk,UNLABELED,1,000499728,History.
uc1.31210019891587,1935,1930,SE,uk,UNLABELED,1,000639061,The spectator
uc1.31210021153190,1939,1930,SE,uk,UNLABELED,1,001819859,Fact.
uc1.a0003043825,1938,1930,SE,uk,UNLABELED,1,000052655,Treaty series / League of Nations.
uc1.b2907499,1939,1930,SE,uk,UNLABELED,1,007918345,Annual report / East Malling Research Station.
uc1.b2914229,1937,1930,SE,uk,UNLABELED,1,010315022,Report
uc1.b2996129,1939,1930,SE,uk,UNLABELED,1,007910931,Statuta Universitatis Oxoniensis.
uc1.b3026296,1937,1930,SE,uk,UNLABELED,1,010307099,Transactions
uc1.b3287579,1935,1930,SE,uk,UNLABELED,1,007923659,Early English Text Society. Extra series.
uc1.b3287581,1935,1930,SE,uk,UNLABELED,1,007923659,Early English Text Society. Extra series.
uc1.b3307368,1933,1930,SE,uk,UNLABELED,1,006130053,The Entomologist.
uc1.b3447824,1934,1930,SE,uk,UNLABELED,1,011570026,"The annual register, or, A view of the history, politics, and literature for the year ..."
uc1.b4161733,1938,1930,SE,uk,UNLABELED,1,000499806,Library Association record.
uc1.c2605996,1936,1930,SE,uk,UNLABELED,1,103245298,Shipbuilding and shipping record.
uc1.d0000395368,1933,1930,SE,uk,UNLABELED,1,012304826,United empire.
uc1.d0001124965,1938,1930,SE,uk,UNLABELED,1,101759068,Chronicle.
uc1.l0064328883,1934,1930,SE,uk,UNLABELED,1,000888892,Index veterinarius.
uc1.l0073754251,1935,1930,SE,uk,UNLABELED,1,007081213,Publications - Norfolk Record Society.
uga1.32108044496902,1938,1930,SE,uk,UNLABELED,1,000676542,The Listener.
uiug.30112008341635,1938,1930,SE,uk,UNLABELED,1,000600146,Shipbuilding & marine engineering international.
uiug.30112064287235,1939,1930,SE,uk,UNLABELED,1,011450839,"The Producer, with which is incorporated ""The Consumer."""
uiug.30112107016260,1937,1930,SE,uk,UNLABELED,1,008608207,The Companion to the newspaper.
umn.31951d00124758t,1939,1930,SE,uk,UNLABELED,1,010368177,Special report / Iron and Steel Institute.
umn.31951d00676303v,1937,1930,SE,uk,UNLABELED,1,009000530,Report on foreign affairs.
uva.x001423442,1936,1930,SE,uk,UNLABELED,1,000531043,Lists and indexes.
uva.x001428960,1936,1930,SE,uk,UNLABELED,1,008603318,Survey of London / London County Council.
uva.x004782722,1933,1930,SE,uk,UNLABELED,1,000496122,The economist
uva.x030350149,1936,1930,SE,uk,UNLABELED,1,000531043,Lists and indexes.
uva.x030584444,1931,1930,SE,uk,UNLABELED,1,003907593,Archaeologia cantiana.
wu.89035007871,1937,1930,SE,uk,UNLABELED,1,005823911,Transactions / Institution of Engineers and Shipbuilders in Scotland.
coo.31924069769036,1937,1930,SE,us,AGRICULTURAL,1,009054967,Collected research papers from the Division of agricultural biochemistry ...
mdp.39015066910269,1934,1930,SE,us,AGRICULTURAL,1,000060211,Annual report of the New Jersey State Agricultural Experiment Station.
osu.32435028905032,1936,1930,SE,us,AGRICULTURAL,1,011440805,"Report of the Iowa State Horticultural Society, for the year .."
osu.32435055824064,1938,1930,SE,us,AGRICULTURAL,1,000525761,Bulletin / Arkansas Agricultural Experiment Station.
uc1.$b228595,1936,1930,SE,us,AGRICULTURAL,1,100638605,"Proceedings, annual meeting of the Washington State Horticultural Association."
uc1.$b641330,1938,1930,SE,us,AGRICULTURAL,1,000525761,Bulletin / Arkansas Agricultural Experiment Station.
uc1.$b645569,1939,1930,SE,us,AGRICULTURAL,1,007884852,Bulletin / the Utah Agricultural College Experiment Station.
uc1.b2914738,1933,1930,SE,us,AGRICULTURAL,1,000497936,Wisconsin horticulture.
uc1.b3344222,1934,1930,SE,us,AGRICULTURAL,1,000637276,"Bulletin - State College of Washington, Agricultural Experiment Station."
uc1.c006588085,1931,1930,SE,us,AGRICULTURAL,2,008010624,Report of work of the Agricultural experiment station of the University of California ...
uc1.c2592081,1939,1930,SE,us,AGRICULTURAL,1,005784609,Wisconsin Department of Agriculture and Markets bulletin.
coo.31924068550437,1932,1930,SE,us,CATALOG,1,008377252,Modern packaging encyclopedia. Packaging catalog.
mdp.39015036865148,1937,1930,SE,us,CATALOG,2,000495935,Catalogers' and classifiers' yearbook.
mdp.39015058337455,1934,1930,SE,us,CATALOG,1,000527800,Standard catalog for public libraries.
mdp.39015065688494,1937,1930,SE,us,CATALOG,1,002133026,Catalogue.
mdp.39015065837711,1939,1930,SE,us,CATALOG,1,005346241,The catalogue number.
mdp.39015066592950,1934,1930,SE,us,CATALOG,1,000507254,Annual catalogue.
mdp.39015076374217,1937,1930,SE,us,CATALOG,1,005706598,Catalog ...
mdp.39015077782483,1935,1930,SE,us,CATALOG,1,008902922,Catalogue.
mdp.39015078674655,1937,1930,SE,us,CATALOG,1,000052953,[Sale catalogues. Miscellaneous]
uiug.30112105867359,1931,1930,SE,us,CATALOG,1,103037183,Catalog / Nebraska Central College.
uiug.30112105954645,1932,1930,SE,us,CATALOG,1,005409219,General catalogue.
uiug.30112111431711,1932,1930,SE,us,CATALOG,1,100708452,"Catalogue number, for sessions of ... with announcements for ..."
uiug.30112111978174,1939,1930,SE,us,CATALOG,1,100607486,Catalog - Eastern Illinois University.
uiug.30112112024895,1938,1930,SE,us,CATALOG,1,000676830,[Catalogue]
uiug.30112112227688,1934,1930,SE,us,CATALOG,1,101718990,The University of Nevada catalogue ... including announcements for ... : ... annual number / published quarterly by the 
coo.31924065280202,1938,1930,SE,us,GENERAL_PERIODICAL,1,009197184,Everybody's poultry magazine.
coo.31924069183634,1932,1930,SE,us,GENERAL_PERIODICAL,1,009055010,The P.T.A. magazine; national parent teacher.
coo.31924074153341,1939,1930,SE,us,GENERAL_PERIODICAL,1,009211057,Herb journal.
cub.u183019506796,1938,1930,SE,us,GENERAL_PERIODICAL,1,103154421,Bulletin - Yale University. Associates in the Science of Society at Yale.
cub.u183020112241,1939,1930,SE,us,GENERAL_PERIODICAL,1,000522464,Saturday review of literature
cub.u183021509514,1938,1930,SE,us,GENERAL_PERIODICAL,1,000503230,American labor legislation review.
cub.u183021647053,1938,1930,SE,us,GENERAL_PERIODICAL,1,103046632,The Metropolitan motion picture bulletin.
iau.31858012581884,1934,1930,SE,us,GENERAL_PERIODICAL,1,102821941,Bulletin of the Institute of the History of Medicine
iau.31858021524701,1938,1930,SE,us,GENERAL_PERIODICAL,1,000499743,Harvard alumni bulletin / Harvard Alumni Association.
iau.31858021524735,1939,1930,SE,us,GENERAL_PERIODICAL,1,000499743,Harvard alumni bulletin / Harvard Alumni Association.
iau.31858021710573,1933,1930,SE,us,GENERAL_PERIODICAL,1,006792012,The Iowa journal of history and politics.
iau.31858033789995,1932,1930,SE,us,GENERAL_PERIODICAL,1,000505062,The Theosophical quarterly.
inu.30000054468297,1937,1930,SE,us,GENERAL_PERIODICAL,1,000680188,Bulletin - Linguistic Society of America.
inu.30000089219723,1937,1930,SE,us,GENERAL_PERIODICAL,1,004095819,Journal of the American Association of University Women.
inu.30000099772901,1933,1930,SE,us,GENERAL_PERIODICAL,2,000499738,Bulletin.
inu.30000105553691,1935,1930,SE,us,GENERAL_PERIODICAL,1,006221627,Pennsylvania Bar Association quarterly.
inu.30000108420989,1933,1930,SE,us,GENERAL_PERIODICAL,1,000530753,The colophon : a book collectors' quarterly.
inu.30000116431143,1931,1930,SE,us,GENERAL_PERIODICAL,1,000551315,The Magazine of American genealogy.
inu.30000116470208,1937,1930,SE,us,GENERAL_PERIODICAL,1,006066160,The American Legion magazine.
inu.30000117793475,1931,1930,SE,us,GENERAL_PERIODICAL,1,006726433,Bulletin of the Texas Archaeological and Paleontological Society.
inu.32000000484883,1936,1930,SE,us,GENERAL_PERIODICAL,1,000521420,The American-Scandinavian review.
mdp.39015001623746,1931,1930,SE,us,GENERAL_PERIODICAL,1,000681825,The Biological bulletin.
mdp.39015010787540,1936,1930,SE,us,GENERAL_PERIODICAL,1,000676198,The Journal of the Acoustical Society of America.
mdp.39015011975805,1938,1930,SE,us,GENERAL_PERIODICAL,1,000674499,Journal of the American Chemical Society
mdp.39015016828173,1938,1930,SE,us,GENERAL_PERIODICAL,1,000636250,The Print collector's quarterly.
mdp.39015018205115,1934,1930,SE,us,GENERAL_PERIODICAL,1,000640460,The Wilson bulletin.
mdp.39015018444250,1934,1930,SE,us,GENERAL_PERIODICAL,1,000636713,The journal of land & public utility economics / Institute for Research in Land Economics and Public Utilities.
mdp.39015019892192,1938,1930,SE,us,GENERAL_PERIODICAL,1,000523323,Journal of mathematics and physics / Massachusetts Institute of Technology.
mdp.39015021224434,1932,1930,SE,us,GENERAL_PERIODICAL,1,000640564,Journal.
mdp.39015022377785,1936,1930,SE,us,GENERAL_PERIODICAL,3,000071286,Bulletin of the American Association of University Professors.
mdp.39015030041472,1939,1930,SE,us,GENERAL_PERIODICAL,1,000597656,Atlantic monthly
mdp.39015033652457,1937,1930,SE,us,GENERAL_PERIODICAL,1,000064672,World's fair bulletin.
mdp.39015033855324,1932,1930,SE,us,GENERAL_PERIODICAL,1,000599036,The classical journal
mdp.39015035939696,1932,1930,SE,us,GENERAL_PERIODICAL,1,000052392,Bulletin.
mdp.39015035940116,1938,1930,SE,us,GENERAL_PERIODICAL,1,000496283,Monthly business review - Federal Reserve Bank of Dallas.
mdp.39015036027574,1935,1930,SE,us,GENERAL_PERIODICAL,1,000496230,The elementary school journal.
mdp.39015036852575,1935,1930,SE,us,GENERAL_PERIODICAL,1,000550145,New York libraries : a quarterly devoted to the interests of the libraries of the state.
mdp.39015039385425,1938,1930,SE,us,GENERAL_PERIODICAL,1,000533932,Julius Rosenwald fund; a review.
mdp.39015039500288,1934,1930,SE,us,GENERAL_PERIODICAL,1,000641738,The Sons of the American Revolution magazine.
mdp.39015050597668,1934,1930,SE,us,GENERAL_PERIODICAL,1,000551315,The Magazine of American genealogy.
mdp.39015050652406,1935,1930,SE,us,GENERAL_PERIODICAL,1,000060397,Bulletin.
mdp.39015056094488,1933,1930,SE,us,GENERAL_PERIODICAL,1,000505748,Harper's magazine.
mdp.39015059398043,1934,1930,SE,us,GENERAL_PERIODICAL,1,000502290,The quarterly journal of speech.
mdp.39015059437783,1933,1930,SE,us,GENERAL_PERIODICAL,1,000496780,The journal of social psychology
mdp.39015060432807,1931,1930,SE,us,GENERAL_PERIODICAL,1,000599687,The American historical review
mdp.39015065981527,1931,1930,SE,us,GENERAL_PERIODICAL,1,005398978,Bulletin.
mdp.39015066563498,1933,1930,SE,us,GENERAL_PERIODICAL,1,000531295,Bulletin.
mdp.39015066581656,1936,1930,SE,us,GENERAL_PERIODICAL,1,000544206,Bulletin.
mdp.39015066627376,1932,1930,SE,us,GENERAL_PERIODICAL,1,000070148,Bulletin.
mdp.39015066627509,1931,1930,SE,us,GENERAL_PERIODICAL,1,000070148,Bulletin.
mdp.39015069423161,1937,1930,SE,us,GENERAL_PERIODICAL,1,000050771,Bulletin.
mdp.39015069423195,1939,1930,SE,us,GENERAL_PERIODICAL,1,000050771,Bulletin.
mdp.39015069751249,1934,1930,SE,us,GENERAL_PERIODICAL,1,005654518,Bulletin / George Peabody College for Teachers.
mdp.39015070389187,1939,1930,SE,us,GENERAL_PERIODICAL,1,000544746,The bulletin.
mdp.39015071465838,1937,1930,SE,us,GENERAL_PERIODICAL,1,003934807,Reports to the ... annual convention ... journal of the ... annual convention.
mdp.39015073096813,1933,1930,SE,us,GENERAL_PERIODICAL,1,000637850,Southwestern social science quarterly.
mdp.39015074743504,1936,1930,SE,us,GENERAL_PERIODICAL,1,000497841,The Philosophical review.
mdp.39015074840789,1936,1930,SE,us,GENERAL_PERIODICAL,1,005653449,Curriculum bulletin.
mdp.39015074951529,1938,1930,SE,us,GENERAL_PERIODICAL,1,000496227,Quarterly of the National Fire Protection Association.
mdp.39015075911712,1937,1930,SE,us,GENERAL_PERIODICAL,1,000547982,"Publications. Series II, Bulletin."
mdp.39015076258840,1935,1930,SE,us,GENERAL_PERIODICAL,1,000499743,Harvard alumni bulletin / Harvard Alumni Association.
mdp.39015076299240,1936,1930,SE,us,GENERAL_PERIODICAL,1,000525653,Zeta Beta Tau quarterly.
mdp.39015076340119,1935,1930,SE,us,GENERAL_PERIODICAL,1,000058839,Bulletin.
mdp.39015076340564,1936,1930,SE,us,GENERAL_PERIODICAL,1,000058839,Bulletin.
mdp.39015076391997,1932,1930,SE,us,GENERAL_PERIODICAL,1,002133277,Bulletin. Alumni number.
mdp.39015076393522,1938,1930,SE,us,GENERAL_PERIODICAL,1,002133343,The University of Porto Rico bulletin.
mdp.39015076397275,1934,1930,SE,us,GENERAL_PERIODICAL,1,000077285,Bulletin.
mdp.39015076416430,1933,1930,SE,us,GENERAL_PERIODICAL,1,006923691,The Bulletin of the University of Minnesota.
mdp.39015076435299,1939,1930,SE,us,GENERAL_PERIODICAL,1,000077285,Bulletin.
mdp.39015076435489,1939,1930,SE,us,GENERAL_PERIODICAL,1,000077285,Bulletin.
mdp.39015076476087,1935,1930,SE,us,GENERAL_PERIODICAL,1,005700344,Bulletin.
mdp.39015080034013,1933,1930,SE,us,GENERAL_PERIODICAL,1,000496983,Squibb abstract bulletin.
mdp.39015080083119,1937,1930,SE,us,GENERAL_PERIODICAL,1,000676211,American Gas Association monthly.
mdp.39015080088332,1931,1930,SE,us,GENERAL_PERIODICAL,1,000546076,Industrial education magazine.
mdp.39015080167334,1932,1930,SE,us,GENERAL_PERIODICAL,1,000527079,Bradstreet's weekly.
mdp.39015081136635,1933,1930,SE,us,GENERAL_PERIODICAL,1,000523230,Review ... the Academy of Natural Sciences of Philadelphia.
mdp.39015082123095,1936,1930,SE,us,GENERAL_PERIODICAL,1,000676325,Athletic journal.
mdp.39015084581183,1938,1930,SE,us,GENERAL_PERIODICAL,1,102849215,Bulletin.
mdp.39015086603688,1931,1930,SE,us,GENERAL_PERIODICAL,1,002129575,The Evangelical herald.
mdp.39015086649665,1935,1930,SE,us,GENERAL_PERIODICAL,1,000534955,Weekly health message.
mdp.39015086738252,1931,1930,SE,us,GENERAL_PERIODICAL,1,000553715,Bankshares review.
mdp.39076000304803,1934,1930,SE,us,GENERAL_PERIODICAL,1,000505912,Scribner's magazine
miun.acf2046.0026.004,1935,1930,SE,us,GENERAL_PERIODICAL,1,000521749,The Washington historical quarterly.
nc01.ark:/13960/t3qv49583,1933,1930,SE,us,GENERAL_PERIODICAL,1,006099915,Bulletin of the North Carolina Dental Society
nyp.33433000269385,1934,1930,SE,us,GENERAL_PERIODICAL,1,012466349,Georgetown College journal. vol. 26 (1897: October-1898: June)
nyp.33433002976953,1935,1930,SE,us,GENERAL_PERIODICAL,1,103218687,New England police journal.
nyp.33433007846060,1936,1930,SE,us,GENERAL_PERIODICAL,1,103264843,Appalachia. Bulletin issue.
nyp.33433011385527,1937,1930,SE,us,GENERAL_PERIODICAL,1,009469835,Motion picture herald.
nyp.33433019412992,1936,1930,SE,us,GENERAL_PERIODICAL,1,100695634,Motion picture daily; formerly Exhibitors daily review and motion pictures today.
nyp.33433019857949,1939,1930,SE,us,GENERAL_PERIODICAL,1,103137920,ICA bulletin.
nyp.33433068940182,1937,1930,SE,us,GENERAL_PERIODICAL,1,008616216,Jacobs' band monthly.
nyp.33433074083803,1933,1930,SE,us,GENERAL_PERIODICAL,1,006093094,The Print-collector's quarterly.
nyp.33433075422877,1939,1930,SE,us,GENERAL_PERIODICAL,1,009470363,Destiny; a journal of American life and destiny.
nyp.33433081509410,1932,1930,SE,us,GENERAL_PERIODICAL,1,000523155,Bulletin.
nyp.33433109857205,1936,1930,SE,us,GENERAL_PERIODICAL,1,100157714,Bulletin.
nyp.33433109990089,1936,1930,SE,us,GENERAL_PERIODICAL,1,103067836,Horology; a magazine for the advancement of watch and clockmaking.
nyp.33433110103649,1934,1930,SE,us,GENERAL_PERIODICAL,1,010842818,News-bulletin.
osu.32435027886761,1935,1930,SE,us,GENERAL_PERIODICAL,1,102649238,Dog world : the complete all-breed magazine.
osu.32435030354070,1931,1930,SE,us,GENERAL_PERIODICAL,1,102633025,Kentucky school journal.
osu.32435051868198,1938,1930,SE,us,GENERAL_PERIODICAL,1,102650239,"Oregon education journal : official publication, Oregon State Teachers Association."
osu.32435052557030,1933,1930,SE,us,GENERAL_PERIODICAL,1,102648971,Bulletin.
osu.32435058520776,1933,1930,SE,us,GENERAL_PERIODICAL,2,007910747,Bulletin.
osu.32436001437779,1936,1930,SE,us,GENERAL_PERIODICAL,1,000055363,New York State journal of medicine.
osu.32436001706868,1939,1930,SE,us,GENERAL_PERIODICAL,1,000547359,Bulletin of the New York Academy of Medicine.
pst.000026103860,1931,1930,SE,us,GENERAL_PERIODICAL,1,007038272,Bulletin / Georgia Geological Survey.
pur1.32754065949921,1936,1930,SE,us,GENERAL_PERIODICAL,1,000532382,Bulletin of the Geological Society of America.
rul.39030038889798,1931,1930,SE,us,GENERAL_PERIODICAL,1,000546557,Magazine of art.
uc1.$b204319,1939,1930,SE,us,GENERAL_PERIODICAL,1,000676432,The Journal of experimental education
uc1.$b728461,1935,1930,SE,us,GENERAL_PERIODICAL,1,000600241,The Wisconsin magazine of history.
uc1.31175030322625,1934,1930,SE,us,GENERAL_PERIODICAL,1,006173591,Ohio archæological and historical quarterly
uc1.31210001727633,1938,1930,SE,us,GENERAL_PERIODICAL,1,000527697,Bulletin - Arizona Bureau of Mines.
uc1.31822008771693,1932,1930,SE,us,GENERAL_PERIODICAL,1,000598897,Bulletin of the American Museum of Natural History.
uc1.32106012089972,1932,1930,SE,us,GENERAL_PERIODICAL,1,000597656,Atlantic monthly
uc1.32106019600904,1933,1930,SE,us,GENERAL_PERIODICAL,1,000636944,The Museum journal / University of Pennsylvania.
uc1.32106019920708,1936,1930,SE,us,GENERAL_PERIODICAL,1,000522464,Saturday review of literature
uc1.a0013148705,1933,1930,SE,us,GENERAL_PERIODICAL,1,000637392,Federal reserve bulletin / issued by the Federal Reserve Board at Washington
uc1.b2504403,1933,1930,SE,us,GENERAL_PERIODICAL,1,000864609,Northwest journal of dentistry.
uc1.b2886397,1933,1930,SE,us,GENERAL_PERIODICAL,1,007931036,Standard Oil bulletin.
uc1.b3016501,1937,1930,SE,us,GENERAL_PERIODICAL,1,009992782,Monthly Abstract Bulletin from the Kodak Research Laboratories
uc1.b3433552,1937,1930,SE,us,GENERAL_PERIODICAL,1,000051045,Journal of adult education.
uc1.b3497672,1937,1930,SE,us,GENERAL_PERIODICAL,1,010116931,Tyler's quarterly historical and genealogical magazine
uc1.b3502737,1939,1930,SE,us,GENERAL_PERIODICAL,1,006792012,The Iowa journal of history and politics.
uc1.b3531166,1935,1930,SE,us,GENERAL_PERIODICAL,5,000638686,"Scripta mathematica; a quarterly journal devoted to the philosophy, history, and expository treatment of mathematics"
uc1.b3747489,1934,1930,SE,us,GENERAL_PERIODICAL,3,000071286,Bulletin of the American Association of University Professors.
uc1.b4248219,1931,1930,SE,us,GENERAL_PERIODICAL,1,000545697,Bulletin of the Illinois State Dental Society
uc1.b4269010,1932,1930,SE,us,GENERAL_PERIODICAL,1,000052206,Bulletin
uc1.b4977859,1937,1930,SE,us,GENERAL_PERIODICAL,1,000681556,Annals of internal medicine
uc1.b5002455,1934,1930,SE,us,GENERAL_PERIODICAL,1,011453497,The journal of immunology.
uc1.b5032991,1936,1930,SE,us,GENERAL_PERIODICAL,1,000636718,The journal of experimental zoology
uc1.b5099671,1938,1930,SE,us,GENERAL_PERIODICAL,1,100696227,[Journal; programs of the Philadelphia concerts]
uc1.b5103616,1935,1930,SE,us,GENERAL_PERIODICAL,1,009004941,The horn book magazine.
uc1.c041853971,1932,1930,SE,us,GENERAL_PERIODICAL,1,000544248,Bernice P. Bishop Museum bulletin
uc1.c2581663,1936,1930,SE,us,GENERAL_PERIODICAL,1,012517177,Florists' review.
ufl.31262084720142,1934,1930,SE,us,GENERAL_PERIODICAL,1,103076643,The Fruit products journal and American food manaufacturer.
ufl.31262098103202,1939,1930,SE,us,GENERAL_PERIODICAL,1,103067172,Milking Shorthorn journal.
uga1.32108038566009,1931,1930,SE,us,GENERAL_PERIODICAL,1,102877753,"Holland's, the magazine of the South."
uiug.30112007815688,1935,1930,SE,us,GENERAL_PERIODICAL,1,000544877,"Bulletin / Engineering Experiment Station, Iowa State College."
uiug.30112009261774,1938,1930,SE,us,GENERAL_PERIODICAL,1,000060046,Bulletin.
uiug.30112017677961,1936,1930,SE,us,GENERAL_PERIODICAL,1,102966771,Bulletin.
uiug.30112019675716,1937,1930,SE,us,GENERAL_PERIODICAL,1,000057112,Bulletin.
uiug.30112021421984,1936,1930,SE,us,GENERAL_PERIODICAL,1,008571520,South Dakota bar journal.
uiug.30112058681864,1938,1930,SE,us,GENERAL_PERIODICAL,1,103099912,Arkansas business bulletin.
uiug.30112084397329,1938,1930,SE,us,GENERAL_PERIODICAL,1,000638611,The Spectator; property insurance review.
uiug.30112087953631,1939,1930,SE,us,GENERAL_PERIODICAL,1,011483225,Bulletin.
uiug.30112110807507,1931,1930,SE,us,GENERAL_PERIODICAL,1,001717835,Overland monthly and the Out West magazine.
uiug.30112119615364,1937,1930,SE,us,GENERAL_PERIODICAL,1,000504108,Journal of the Tennessee Academy of Science.
uma.ark:/13960/t2d79x24w,1935,1930,SE,us,GENERAL_PERIODICAL,1,008296820,Bulletin of the Pan American Union.
umn.319510008822900,1936,1930,SE,us,GENERAL_PERIODICAL,1,000546630,Geological bulletin.
umn.319510012256555,1939,1930,SE,us,GENERAL_PERIODICAL,1,000078527,"Bulletin / Smithsonian Institution, Bureau of American Ethnology"
umn.31951002239375d,1935,1930,SE,us,GENERAL_PERIODICAL,1,009367344,"Bulletins of the Employment Stabilization Research Institute, University of Minnesota."
umn.31951d00142798f,1938,1930,SE,us,GENERAL_PERIODICAL,1,000076782,Statistical bulletin - Metropolitan Life.
umn.31951d00186566s,1938,1930,SE,us,GENERAL_PERIODICAL,1,007878013,Bulletin of the Art Institute of Chicago.
umn.31951d00826913k,1937,1930,SE,us,GENERAL_PERIODICAL,1,009470884,University placement review.
umn.31951p01105019i,1936,1930,SE,us,GENERAL_PERIODICAL,1,009470957,Minnesota PTA bulletin.
uva.x001612132,1939,1930,SE,us,GENERAL_PERIODICAL,1,000642259,Journal - American Water Works Association.
uva.x001612326,1933,1930,SE,us,GENERAL_PERIODICAL,1,009794221,SAE journal.
uva.x001696798,1938,1930,SE,us,GENERAL_PERIODICAL,1,008718524,Bulletin - American Railway Engineering Association.
uva.x030525980,1939,1930,SE,us,GENERAL_PERIODICAL,1,000674605,The publishers weekly.
uva.x030525997,1939,1930,SE,us,GENERAL_PERIODICAL,1,000674605,The publishers weekly.
uva.x030529545,1934,1930,SE,us,GENERAL_PERIODICAL,1,010846090,Journal of the Graduate Research Center.
uva.x030531023,1939,1930,SE,us,GENERAL_PERIODICAL,1,000055655,The Chinese student; Far Eastern magazine.
uva.x030586158,1936,1930,SE,us,GENERAL_PERIODICAL,1,101952693,The Virginia bulletin.
uva.x030586167,1936,1930,SE,us,GENERAL_PERIODICAL,1,101952693,The Virginia bulletin.
uva.x030596612,1939,1930,SE,us,GENERAL_PERIODICAL,1,000501121,International journal of American linguistics.
uva.x030604031,1938,1930,SE,us,GENERAL_PERIODICAL,1,005806856,Bulletin.
uva.x030773326,1937,1930,SE,us,GENERAL_PERIODICAL,1,009795940,Farm journal.
uva.x030773359,1932,1930,SE,us,GENERAL_PERIODICAL,1,102101481,The National farm journal
wu.89072987894,1933,1930,SE,us,GENERAL_PERIODICAL,1,007080327,"Journal of the ... annual convention, Diocese of Louisiana."
nyp.33433094124629,1933,1930,SE,us,JUVENILE,1,012306459,The boys' outfitter.
coo.31924065071825,1936,1930,SE,us,LEGAL,1,009054714,"Best's life insurance reports upon all legal reserve companies transacting business in the United States and Canada, and"
inu.30000105578888,1936,1930,SE,us,LEGAL,1,008570592,Mercer Beasley law review.
osu.32437010322572,1934,1930,SE,us,LEGAL,1,000677804,Michigan law review.
osu.32437010328967,1936,1930,SE,us,LEGAL,2,008569005,Law journal of the Student Bar Association of the Ohio State University.
osu.32437011826936,1933,1930,SE,us,LEGAL,1,100633483,Reports of cases argued and determined in the Supreme Court of Alabama.
osu.32437011862170,1932,1930,SE,us,LEGAL,1,100632947,Reports of cases at law and in chancery determined in the Supreme Court of the State of Colorado.
osu.32437011913817,1935,1930,SE,us,LEGAL,1,100187264,"Reports of cases argued and determined in the Supreme Court and, at law, in the Court of Errors and Appeals of the State"
osu.32437011942428,1939,1930,SE,us,LEGAL,1,100711157,Minnesota reports : cases argued and determined in the Supreme Court of Minnesota.
osu.32437011955214,1931,1930,SE,us,LEGAL,1,100711155,Cases decided in the Supreme Court of Michigan ...
uc1.b3087680,1932,1930,SE,us,LEGAL,1,006665362,Reports of cases determined in the Supreme Court of the state of California.
uc1.b5002414,1932,1930,SE,us,LEGAL,1,008440940,Michigan reports : reports of cases determined in the Supreme Court of Michigan.
ufl.31262095892765,1932,1930,SE,us,LEGAL,1,000517601,The Banking law journal.
mdp.39015045821132,1933,1930,SE,us,MEDICAL,1,000676176,Phytopathological classics.
mdp.39015066708259,1932,1930,SE,us,MEDICAL,1,000061260,Annual report of the directors of the New York Post-Graduate Hospital.
mdp.39015070247161,1933,1930,SE,us,MEDICAL,1,000060888,The Medical world.
mdp.39015076721920,1932,1930,SE,us,MEDICAL,1,000058783,Annual report of the Collis P. Huntington Memorial Hospital for Cancer Research and of the laboratories of the Cancer Co
mdp.39015080188587,1933,1930,SE,us,MEDICAL,1,000519733,Tri-state medical journal ...
nc01.ark:/13960/t1jh4ht15,1931,1930,SE,us,MEDICAL,1,000524676,Southern medicine and surgery.
uc1.$b694620,1933,1930,SE,us,MEDICAL,1,000499251,Transactions of the American Therapeutic Society.
uc1.31158004439625,1938,1930,SE,us,MEDICAL,1,007957897,Journal of the American Medical Association.
uc1.b3597016,1935,1930,SE,us,MEDICAL,1,000051844,Mental hygiene.
uc1.b5014603,1938,1930,SE,us,MEDICAL,1,000523762,The Journal of pharmacology and experimental therapeutics.
uiug.30112119637376,1938,1930,SE,us,MEDICAL,1,000544390,The Illinois medical journal.
uva.3470145446,1938,1930,SE,us,MEDICAL,1,102226855,The Nebraska state medical journal.
uva.x030578257,1932,1930,SE,us,MEDICAL,1,102013922,New Orleans medical and surgical journal.
iau.31858037348178,1935,1930,SE,us,MILITARY,1,102879440,Army and Navy register.
iau.31858008125266,1933,1930,SE,us,REFERENCE,1,102879672,Debate handbook.
iau.31858011329822,1937,1930,SE,us,REFERENCE,1,100645263,Year book.
mdp.39015062334407,1936,1930,SE,us,REFERENCE,1,000059280,The Handbook of private schools.
mdp.39015063635042,1933,1930,SE,us,REFERENCE,2,000540944,The Forestry directory.
mdp.39015068322570,1932,1930,SE,us,REFERENCE,1,000677154,The Americana annual; an encyclopedia of current events.
mdp.39015069467838,1935,1930,SE,us,REFERENCE,1,001717897,The Virginia almanack ...
mdp.39015070545481,1934,1930,SE,us,REFERENCE,1,000500334,Yearbook - Association for Student Teaching.
mdp.39015071286754,1938,1930,SE,us,REFERENCE,1,003251818,Students handbook.
nyp.33433010184772,1939,1930,SE,us,REFERENCE,1,103031104,Academy players directory.
rul.39030042238404,1939,1930,SE,us,REFERENCE,1,103104024,Cumulative index to the annual reports.
uc1.$b811419,1932,1930,SE,us,REFERENCE,1,009947278,Yearbook of the California Avocado Society for the year ...
uc1.31175024067921,1931,1930,SE,us,REFERENCE,1,000050386,Moody's manual of investments : American and foreign.
uc1.b3018183,1936,1930,SE,us,REFERENCE,1,007375531,Educational directory.
uc1.b3076946,1933,1930,SE,us,REFERENCE,1,007909166,Year book / American Society of Civil Engineers.
uc1.b3242664,1934,1930,SE,us,REFERENCE,1,102321008,The Advanced register year book of the Holstein-Friesian Association of America.
uc1.b3726565,1933,1930,SE,us,REFERENCE,2,008696218,The Chicago daily news almanac and year book for ...
uc1.b3907101,1939,1930,SE,us,REFERENCE,1,008304403,Larmac consolidated index to the Constitution and laws of California.
uc1.b4122625,1935,1930,SE,us,REFERENCE,1,010415130,Year book / New York County Lawyers' Association.
uc1.b4383036,1938,1930,SE,us,REFERENCE,1,010083802,Year book of optometry.
uiug.30112106794305,1931,1930,SE,us,REFERENCE,1,000528364,Year book of the State of Colorado.
umn.31951d00139238o,1934,1930,SE,us,REFERENCE,1,009664355,Yearbook of the National Collegiate Athletic Association.
uva.x030732319,1936,1930,SE,us,REFERENCE,1,009793435,"Walsh's Winston-Salem, North Carolina, city directory"
wu.89031614662,1931,1930,SE,us,REFERENCE,1,005778471,Yearbook of the American Iron and Steel Institute.
wu.89042022160,1939,1930,SE,us,REFERENCE,2,000551402,Yearbook.
wu.89095808507,1935,1930,SE,us,REFERENCE,1,006855559,The Insurance year book. Fire and marine.
wu.89095808549,1933,1930,SE,us,REFERENCE,1,006855559,The Insurance year book. Fire and marine.
wu.89100129477,1935,1930,SE,us,REFERENCE,1,006853411,Retailer's manual of taxes and regulations : a compendium of federal and state laws affecting retailers / Institute of D
ia.ark:/13960/t4dn5g17p,1933,1930,SE,us,RELIGIOUS,1,100969004,Minutes of the ... annual session of the Pee Dee Colored Baptist Association.
mdp.39015028067430,1932,1930,SE,us,RELIGIOUS,1,000680452,Catholic world.
mdp.39015035502882,1933,1930,SE,us,RELIGIOUS,1,000542973,Biological series / Catholic University of America.
mdp.39015067856768,1933,1930,SE,us,RELIGIOUS,1,000681982,Journal of the ... annual convention of the Church in the Diocese of South Florida.
mdp.39015071401015,1938,1930,SE,us,RELIGIOUS,1,003257517,Minutes of the ... anniversary of the Jackson Baptist Association.
mdp.39015080109930,1934,1930,SE,us,RELIGIOUS,1,000049713,Missions; American Baptist international magazine.
osu.32435069711638,1935,1930,SE,us,RELIGIOUS,1,000501992,The American Catholic who's who.
uiug.30112115328145,1937,1930,SE,us,RELIGIOUS,1,100608383,Moody Bible Institute of Chicago bulletin.
umn.31951d000391541,1933,1930,SE,us,RELIGIOUS,1,000526661,Catholic educational review.
uva.x004060597,1932,1930,SE,us,RELIGIOUS,1,009794248,Presbyterian survey.
wu.89069644771,1937,1930,SE,us,RELIGIOUS,1,006801966,The Christian leader.
mdp.35128001664190,1935,1930,SE,us,TRADE,1,005338821,Hardware age.
mdp.39015068167579,1936,1930,SE,us,TRADE,1,000052204,Proceedings of annual meeting of American Drug Manufacturers' Association.
osu.32435063361448,1938,1930,SE,us,TRADE,1,009054578,Super market merchandising.
uc1.c2538035,1933,1930,SE,us,TRADE,1,009798831,The Iron age.
ufl.31262095082771,1933,1930,SE,us,TRADE,1,100210903,"Tobacco: an Illustrated Weekly Journal for the Wholesale and Retail Dealers in Cigars, Manufactured Tobacco and Smoker's"
ufl.31262095082920,1931,1930,SE,us,TRADE,1,100210903,"Tobacco: an Illustrated Weekly Journal for the Wholesale and Retail Dealers in Cigars, Manufactured Tobacco and Smoker's"
coo.31924053896431,1937,1930,SE,us,UNLABELED,1,009189844,Pennsylvania angler.
coo.31924054107556,1935,1930,SE,us,UNLABELED,1,010691605,Report.
coo.31924054329614,1931,1930,SE,us,UNLABELED,1,010697013,Proceedings of the ... annual convention of the New Mexico State Federation of Labor.
coo.31924065156337,1931,1930,SE,us,UNLABELED,1,009129205,"A survey of American chemistry... including reports from scientific committees, Division of chemistry and chemical techn"
coo.31924065364600,1932,1930,SE,us,UNLABELED,1,009150574,State publication
coo.31924065386504,1938,1930,SE,us,UNLABELED,1,000056166,Program of activities of the Chicago Academy of Sciences.
coo.31924069174278,1934,1930,SE,us,UNLABELED,1,009145429,The Oologist.
coo.31924069834871,1931,1930,SE,us,UNLABELED,2,000494364,Aviation engineering.
coo.31924070851609,1939,1930,SE,us,UNLABELED,1,009197343,Poultry processing and marketing.
coo.31924071789956,1932,1930,SE,us,UNLABELED,1,009129169,Climatological data for the United States by sections.
coo.31924071790103,1935,1930,SE,us,UNLABELED,1,009129169,Climatological data for the United States by sections.
coo.31924078263849,1933,1930,SE,us,UNLABELED,1,000523159,Archives of pediatrics.
coo.31924082018460,1937,1930,SE,us,UNLABELED,1,009194567,"Ohio nursery notes for nurserymen, landscape gardeners, and arborists."
coo.31924094264904,1939,1930,SE,us,UNLABELED,1,009161548,The Dairy world.
coo.31924096326552,1939,1930,SE,us,UNLABELED,1,007881471,Annual report of the Minneapolis Grain Exchange.
coo.31924096361385,1939,1930,SE,us,UNLABELED,1,009054539,Cotton and cotton oil press.
coo.31924098484524,1939,1930,SE,us,UNLABELED,1,000642353,The School executive.
cub.p206321607030,1936,1930,SE,us,UNLABELED,1,002137756,Yellowstone nature notes ...
cub.p206331505011,1933,1930,SE,us,UNLABELED,1,002137756,Yellowstone nature notes ...
cub.u183000052926,1936,1930,SE,us,UNLABELED,1,009946159,Book of A.S.T.M. methods for chemical analysis of metals / American Society for Testing Materials.
cub.u183015741865,1931,1930,SE,us,UNLABELED,1,000598855,Time.
cub.u183016613722,1935,1930,SE,us,UNLABELED,1,103154218,Broadcast news.
cub.u183019479070,1939,1930,SE,us,UNLABELED,1,006077990,Soviet Russia today.
cub.u183020093112,1939,1930,SE,us,UNLABELED,1,009368772,International literature
cub.u183025111868,1934,1930,SE,us,UNLABELED,1,000495202,Contributions from the Botanical Laboratory and the Morris Arboretum of the University of Pennsylvania.
cub.u183026754211,1938,1930,SE,us,UNLABELED,1,103151526,California oil world and petroleum industry.
cub.u183034248452,1938,1930,SE,us,UNLABELED,1,000542603,Reading list.
cub.u183035465031,1933,1930,SE,us,UNLABELED,1,000065456,The Open court.
cub.u183042693831,1937,1930,SE,us,UNLABELED,1,103153043,The Coloradan.
hvd.32044115422628,1936,1930,SE,us,UNLABELED,1,010428633,Report.
hvd.hl2jk1,1932,1930,SE,us,UNLABELED,1,000675364,Biennial report of the Superintendent of Banks for the period ... / State of South Dakota.
hvd.hl2kll,1939,1930,SE,us,UNLABELED,1,102709430,Annual report of the Division of Insurance.
ia.ark:/13960/t0qr8bn8f,1935,1930,SE,us,UNLABELED,1,103011991,The Outlook of missions.
iau.31858028446304,1935,1930,SE,us,UNLABELED,1,102879437,The billboard.
iau.31858029178542,1939,1930,SE,us,UNLABELED,1,000640136,House beautiful.
iau.31858029970948,1936,1930,SE,us,UNLABELED,1,004528872,The National elementary principal.
iau.31858033588710,1938,1930,SE,us,UNLABELED,1,102881323,"Public documents with archives and libraries / A.L.A. Committee on Public Documents, A.L.A. Committee on Archives and Li"
iau.31858033674833,1931,1930,SE,us,UNLABELED,1,102888918,Aromatics.
iau.31858045180969,1939,1930,SE,us,UNLABELED,1,000526806,Contributions from Boyce Thompson Institute.
ien.35556027099837,1933,1930,SE,us,UNLABELED,1,000501164,Commonweal.
ien.35556027100098,1937,1930,SE,us,UNLABELED,1,000501164,Commonweal.
ien.35558003800220,1932,1930,SE,us,UNLABELED,1,010604622,The Apollonian.
ien.35558003889397,1936,1930,SE,us,UNLABELED,1,010605247,Proceedings of the National Association of Dental Examiners.
inu.30000088752831,1935,1930,SE,us,UNLABELED,1,000943818,Chemist.
inu.30000089615417,1937,1930,SE,us,UNLABELED,1,007014728,Contributions from the Mount Wilson Observatory / Carnegie Institution of Washington.
inu.30000091343537,1938,1930,SE,us,UNLABELED,2,000674707,Pharmaceutical abstracts
inu.30000116751318,1938,1930,SE,us,UNLABELED,1,006066158,Reports to the ... Annual Convention of the American Legion.
inu.30000117877880,1936,1930,SE,us,UNLABELED,1,007560370,Masterkey.
inu.32000000103046,1934,1930,SE,us,UNLABELED,1,006072959,Report of proceedings of the ... Annual Convention of the American Federation of Labor.
inu.32000001362526,1931,1930,SE,us,UNLABELED,3,000681977,O. Henry memorial award prize stories.
mdp.35112104232600,1938,1930,SE,us,UNLABELED,1,000055359,Transactions.
mdp.35128000369056,1937,1930,SE,us,UNLABELED,1,005313459,The Unique manual and National Underwriter life reports.
mdp.35128001652625,1939,1930,SE,us,UNLABELED,1,005339169,Gas age.
mdp.39015005491637,1938,1930,SE,us,UNLABELED,1,000058909,University of Iowa studies in child welfare.
mdp.39015006722568,1939,1930,SE,us,UNLABELED,1,000640256,Progressive architecture.
mdp.39015007002333,1932,1930,SE,us,UNLABELED,1,000536174,Metal cleaning and finishing.
mdp.39015008543145,1939,1930,SE,us,UNLABELED,1,000506253,Pamphlets on world affairs.
mdp.39015008580378,1938,1930,SE,us,UNLABELED,1,000542799,University of California publications. Graeco-Roman archaeology.
mdp.39015010545450,1934,1930,SE,us,UNLABELED,1,000641436,Harper's bazaar
mdp.39015011415703,1936,1930,SE,us,UNLABELED,1,000505345,Popular astronomy.
mdp.39015014291911,1935,1930,SE,us,UNLABELED,1,000639763,The Southwest historical series.
mdp.39015016706486,1937,1930,SE,us,UNLABELED,1,000674740,Michigan purchasing management.
mdp.39015016706502,1937,1930,SE,us,UNLABELED,1,000674740,Michigan purchasing management.
mdp.39015016706510,1937,1930,SE,us,UNLABELED,1,000674740,Michigan purchasing management.
mdp.39015017411300,1937,1930,SE,us,UNLABELED,1,000543210,Contributions to the Calculus of Variations.
mdp.39015019972564,1933,1930,SE,us,UNLABELED,1,000544109,Hearst's international combined with Cosmopolitan.
mdp.39015021208015,1932,1930,SE,us,UNLABELED,1,000864470,Asphalt construction series. Manual.
mdp.39015022213840,1939,1930,SE,us,UNLABELED,1,000641036,Twice a year.
mdp.39015022451697,1933,1930,SE,us,UNLABELED,1,000641936,The Educational record.
mdp.39015024393087,1938,1930,SE,us,UNLABELED,1,000640126,[Construction series]
mdp.39015024466404,1936,1930,SE,us,UNLABELED,1,000053636,Transactions.
mdp.39015024466412,1937,1930,SE,us,UNLABELED,1,000053636,Transactions.
mdp.39015027688657,1934,1930,SE,us,UNLABELED,1,000046672,Volume of proceedings of the Music Teachers' National Association ...Annual meeting
mdp.39015028735721,1935,1930,SE,us,UNLABELED,1,000055591,"Records - Columbia Historical Society of Washington, D.C."
mdp.39015032321658,1932,1930,SE,us,UNLABELED,1,000048864,Collections of the Connecticut Historical Society.
mdp.39015033500144,1933,1930,SE,us,UNLABELED,1,000598301,American anthropologist
mdp.39015034111586,1936,1930,SE,us,UNLABELED,1,000678442,University of Washington publications in biology.
mdp.39015034709892,1934,1930,SE,us,UNLABELED,1,000047926,Occasional contributions from the Museum of Anthropology of the University of Michigan.
mdp.39015035440661,1935,1930,SE,us,UNLABELED,2,000636305,Proceedings of the National Academy of Sciences of the United States of America.
mdp.39015035491441,1939,1930,SE,us,UNLABELED,1,000679052,The American midland naturalist
mdp.39015035861544,1931,1930,SE,us,UNLABELED,2,000497208,Americana.
mdp.39015035884900,1931,1930,SE,us,UNLABELED,1,000056114,Contributions to education.
mdp.39015036610825,1938,1930,SE,us,UNLABELED,1,000053961,Michigan business studies.
mdp.39015038084938,1936,1930,SE,us,UNLABELED,1,000055612,Columbia studies in the social sciences.
mdp.39015039381275,1934,1930,SE,us,UNLABELED,1,000502002,The New scholasticism.
mdp.39015039418309,1931,1930,SE,us,UNLABELED,1,000527390,Pamphlet series.
mdp.39015039684975,1931,1930,SE,us,UNLABELED,1,000543060,Bios.
mdp.39015047778512,1937,1930,SE,us,UNLABELED,1,000521384,The theosophical forum.
mdp.39015053237445,1937,1930,SE,us,UNLABELED,1,000529437,Proceedings.
mdp.39015053271956,1935,1930,SE,us,UNLABELED,1,000045909,Essay annual.
mdp.39015059419336,1938,1930,SE,us,UNLABELED,1,000642898,Monographs of the Society for Research in Child Development
mdp.39015060427195,1931,1930,SE,us,UNLABELED,1,000639387,Hispania.
mdp.39015060907907,1938,1930,SE,us,UNLABELED,1,000599090,The Condor.
mdp.39015062278919,1936,1930,SE,us,UNLABELED,1,005412750,"Ironwood Junior College, Ironwood, Michigan ... : announcements for the college."
mdp.39015062342848,1933,1930,SE,us,UNLABELED,1,000530637,Contribution to education.
mdp.39015062906618,1939,1930,SE,us,UNLABELED,1,000046489,Motor.
mdp.39015067916950,1938,1930,SE,us,UNLABELED,1,003868379,New Hampshire health news.
mdp.39015067923709,1936,1930,SE,us,UNLABELED,1,000061673,Annual report.
mdp.39015068337693,1935,1930,SE,us,UNLABELED,1,005709388,Report.
mdp.39015068413049,1937,1930,SE,us,UNLABELED,1,000073744,Proceedings.
mdp.39015068413080,1933,1930,SE,us,UNLABELED,1,000073744,Proceedings.
mdp.39015068413098,1931,1930,SE,us,UNLABELED,1,000073744,Proceedings.
mdp.39015068416562,1932,1930,SE,us,UNLABELED,1,000677173,Proceedings.
mdp.39015068501140,1937,1930,SE,us,UNLABELED,1,000064879,"Tiroler heimatblätter : Monatshefte für Geschichte, Natur-und Volkskunde / herausgegeben vom Verein für Heimatschutz in "
mdp.39015069416355,1939,1930,SE,us,UNLABELED,1,000531973,English literature in England. A summer tour ...
mdp.39015069435298,1935,1930,SE,us,UNLABELED,1,000677855,Report.
mdp.39015069462607,1939,1930,SE,us,UNLABELED,1,000639916,Report.
mdp.39015069808387,1932,1930,SE,us,UNLABELED,1,000675965,Parks & recreation.
mdp.39015070196251,1935,1930,SE,us,UNLABELED,1,000520273,The Black Hills engineer.
mdp.39015070389393,1932,1930,SE,us,UNLABELED,1,000551542,"[Constitution, by-laws, and lists of members]"
mdp.39015070430288,1938,1930,SE,us,UNLABELED,1,000543724,Annual Report ...
mdp.39015071224268,1937,1930,SE,us,UNLABELED,1,002743881,The book of Michigan industry.
mdp.39015071299369,1936,1930,SE,us,UNLABELED,1,000051769,Proceedings.
mdp.39015071756576,1934,1930,SE,us,UNLABELED,1,100818272,Michigan daily.
mdp.39015073458450,1934,1930,SE,us,UNLABELED,1,000675600,The Sight-saving class exchange.
mdp.39015074683221,1934,1930,SE,us,UNLABELED,1,000547965,Biennial report.
mdp.39015074721963,1939,1930,SE,us,UNLABELED,1,000541264,Abstracts of dissertations and theses.
mdp.39015074729958,1937,1930,SE,us,UNLABELED,1,000499714,Annual report / Los Angeles Police Department.
mdp.39015074858930,1932,1930,SE,us,UNLABELED,1,000075336,Reports ... of special divisions of the Dept. of Instruction.
mdp.39015074981526,1933,1930,SE,us,UNLABELED,1,000520251,Proceedings - American Gas Association.
mdp.39015075086762,1939,1930,SE,us,UNLABELED,1,000529704,The Cross & crescent.
mdp.39015075913742,1934,1930,SE,us,UNLABELED,1,000519922,Announcements.
mdp.39015076034845,1932,1930,SE,us,UNLABELED,1,000500746,The Travelers standard.
mdp.39015076035933,1934,1930,SE,us,UNLABELED,1,000500746,The Travelers standard.
mdp.39015076038515,1933,1930,SE,us,UNLABELED,1,002137266,The National-Bank Act as amended : and other laws relating to national banks / compiled under the direction of the Compt
mdp.39015076043549,1932,1930,SE,us,UNLABELED,1,000052754,Annual report of the Superintendent of Insurance of the State of New York.
mdp.39015076045726,1935,1930,SE,us,UNLABELED,1,000545534,"Best's insurance news. Fire, marine and miscellaneous."
mdp.39015076285280,1935,1930,SE,us,UNLABELED,1,005811343,Reports of Chancellor and other administrative officers.
mdp.39015076309759,1933,1930,SE,us,UNLABELED,1,000638711,The Tomahawk of Alpha Sigma Phi.
mdp.39015076379141,1937,1930,SE,us,UNLABELED,1,000054131,Report of the president.
mdp.39015076391286,1936,1930,SE,us,UNLABELED,1,000506627,Report ...
mdp.39015076401754,1939,1930,SE,us,UNLABELED,1,002133210,President's annual report.
mdp.39015076457327,1935,1930,SE,us,UNLABELED,1,000054187,Announcements ...
mdp.39015076523839,1931,1930,SE,us,UNLABELED,1,000049501,Annual report...
mdp.39015076534638,1933,1930,SE,us,UNLABELED,1,000056168,Annual report.
mdp.39015076535338,1936,1930,SE,us,UNLABELED,1,000522250,Statistical report of the Superintendent of Public Instruction.
mdp.39015076542276,1938,1930,SE,us,UNLABELED,1,000057205,Annual report - General Education Board.
mdp.39015076544272,1932,1930,SE,us,UNLABELED,1,000046213,Report of public schools...
mdp.39015076641029,1932,1930,SE,us,UNLABELED,1,000046421,Proceedings of the annual meeting of the American College Health Association.
mdp.39015079993211,1936,1930,SE,us,UNLABELED,1,000600134,Atlantica.
mdp.39015080007431,1939,1930,SE,us,UNLABELED,1,000552550,The Lutheran.
mdp.39015080017034,1931,1930,SE,us,UNLABELED,1,000546531,The Highway engineer & contractor.
mdp.39015080031209,1937,1930,SE,us,UNLABELED,1,004591853,The Gargoyle.
mdp.39015080038758,1933,1930,SE,us,UNLABELED,1,005691777,Banta's Greek exchange : published in the interest of the college fraternity world.
mdp.39015080055133,1937,1930,SE,us,UNLABELED,1,000680195,Product engineering.
mdp.39015080080594,1939,1930,SE,us,UNLABELED,1,000642323,The Paper industry.
mdp.39015080139986,1936,1930,SE,us,UNLABELED,1,000598601,The Universalist leader.
mdp.39015080141032,1937,1930,SE,us,UNLABELED,1,000598601,The Universalist leader.
mdp.39015080227773,1938,1930,SE,us,UNLABELED,1,000675073,School and college management.
mdp.39015080286969,1934,1930,SE,us,UNLABELED,1,000066622,Requirements and courses.
mdp.39015080407110,1938,1930,SE,us,UNLABELED,1,000640246,The Paper mill and wood pulp news.
mdp.39015081182118,1935,1930,SE,us,UNLABELED,1,000635973,Biological abstracts.
mdp.39015082351746,1933,1930,SE,us,UNLABELED,1,000060372,Bus transportation.
mdp.39015082633465,1939,1930,SE,us,UNLABELED,1,000518844,Traffic world.
mdp.39015082977458,1931,1930,SE,us,UNLABELED,1,000552222,Library notes.
mdp.39015084565210,1933,1930,SE,us,UNLABELED,1,000548353,The Commercial and financial chronicle.
mdp.39015086642405,1937,1930,SE,us,UNLABELED,1,000550875,Report.
mdp.39015086712695,1931,1930,SE,us,UNLABELED,1,000865261,[Test reports]
mdp.39015086715508,1937,1930,SE,us,UNLABELED,1,000677224,American printer and lithographer.
mdp.39015086720631,1934,1930,SE,us,UNLABELED,1,000068194,The Glass industry.
mdp.39015086726109,1933,1930,SE,us,UNLABELED,1,000678420,The Rattle of Theta Chi.
mdp.39015086769893,1932,1930,SE,us,UNLABELED,1,000049482,Milwaukee commerce.
mdp.39015086770008,1932,1930,SE,us,UNLABELED,1,000049482,Milwaukee commerce.
mdp.39015086770131,1931,1930,SE,us,UNLABELED,1,000049482,Milwaukee commerce.
mdp.39076000054580,1938,1930,SE,us,UNLABELED,1,000635392,Bell Laboratories record.
miua.5402754.1933.001,1933,1930,SE,us,UNLABELED,1,005402754,Annual report of the Ann Arbor Railroad Co. for the year ending June 30th ...
miun.ace8501.0016.001,1933,1930,SE,us,UNLABELED,1,000518264,The world tomorrow.
nc01.ark:/13960/t4dn5zd5f,1931,1930,SE,us,UNLABELED,1,102467034,Minutes of the ... convention of the United Evangelical Lutheran Synod of North Carolina ...
nc01.ark:/13960/t6xw5783m,1939,1930,SE,us,UNLABELED,1,010939505,Public-local laws passed by the General Assembly ; Private laws passed by the General Assembly
nnc1.cu04075277,1936,1930,SE,us,UNLABELED,1,102361337,"New York insurance law, annotated ..."
nyp.33433000257984,1937,1930,SE,us,UNLABELED,1,103218483,"List of members of Board of Education, Local School Boards, officials, employees and supervising and teaching staffs."
nyp.33433002964538,1931,1930,SE,us,UNLABELED,1,000061660,The Modern woodman.
nyp.33433002985434,1933,1930,SE,us,UNLABELED,1,103218193,"Police ""13-13""."
nyp.33433007737921,1934,1930,SE,us,UNLABELED,1,103264647,The Lumber co-operator.
nyp.33433007854213,1932,1930,SE,us,UNLABELED,1,103264650,"Proceedings; abstracts of papers and addresses, the annual convention ..."
nyp.33433022773471,1937,1930,SE,us,UNLABELED,1,103032633,The Rochester engineer.
nyp.33433036384737,1931,1930,SE,us,UNLABELED,1,103138878,The Film Mercury.
nyp.33433060464173,1932,1930,SE,us,UNLABELED,1,103137878,Giftwares.
nyp.33433063415925,1939,1930,SE,us,UNLABELED,1,103036424,American ink maker.
nyp.33433066305784,1937,1930,SE,us,UNLABELED,1,103066721,Gas.
nyp.33433071596443,1931,1930,SE,us,UNLABELED,1,008616657,Official proceedings.
nyp.33433071616514,1935,1930,SE,us,UNLABELED,1,002486988,Motor west : Automotive trade leader in America's leading market.
nyp.33433086939265,1939,1930,SE,us,UNLABELED,1,103172719,[Publications]
nyp.33433094117953,1938,1930,SE,us,UNLABELED,1,103047564,Corsets and brassieres.
nyp.33433094123662,1939,1930,SE,us,UNLABELED,1,103062043,Technical report.
nyp.33433095574863,1934,1930,SE,us,UNLABELED,1,011435584,Power boating.
nyp.33433105921658,1933,1930,SE,us,UNLABELED,1,103143861,Homefurnishing arts.
nyp.33433107763322,1931,1930,SE,us,UNLABELED,1,100157697,Chemicals.
nyp.33433108119169,1932,1930,SE,us,UNLABELED,1,100157899,Industrial power.
nyp.33433109801336,1934,1930,SE,us,UNLABELED,1,100156761,Fibre containers : paperboard mill and paperboard box industries.
nyp.33433115141909,1937,1930,SE,us,UNLABELED,1,103137019,Design; devoted to the decorative arts.
osu.32435018819482,1938,1930,SE,us,UNLABELED,1,102633031,Herbertia.
osu.32435021386693,1937,1930,SE,us,UNLABELED,1,102648738,Abstracts of literature on milk and milk products.
osu.32435026853036,1938,1930,SE,us,UNLABELED,1,102842527,Seattle grade teacher.
osu.32435026853069,1935,1930,SE,us,UNLABELED,1,102842527,Seattle grade teacher.
osu.32435026974881,1934,1930,SE,us,UNLABELED,1,009453780,New York State education.
osu.32435030420012,1931,1930,SE,us,UNLABELED,1,009895094,Annual report.
osu.32435051431880,1938,1930,SE,us,UNLABELED,1,100824261,Studies in education.
osu.32435054256474,1933,1930,SE,us,UNLABELED,1,000055102,Annual Report.
osu.32435055180152,1939,1930,SE,us,UNLABELED,1,008978072,"Economic conditions, governmental finance, United States securities / National City Bank of New York."
osu.32435056293780,1932,1930,SE,us,UNLABELED,1,000520675,Sunset.
osu.32435057123853,1935,1930,SE,us,UNLABELED,1,100105177,School document.
osu.32435058122862,1937,1930,SE,us,UNLABELED,1,000534783,Abstracts of doctors' dissertations : abstracts of dissertations presented by candidates for the degree of Doctor of Phi
osu.32435060642717,1936,1930,SE,us,UNLABELED,1,100824260,Pamphlet series / American Academy of Political and Social Science.
osu.32435061615118,1938,1930,SE,us,UNLABELED,1,000529291,The Chicago naturalist.
osu.32435061969689,1933,1930,SE,us,UNLABELED,1,000552205,The Locomotive.
osu.32435062871421,1936,1930,SE,us,UNLABELED,1,101744051,Petroleum management.
osu.32435062884291,1935,1930,SE,us,UNLABELED,1,011437638,Stone.
osu.32435063016026,1932,1930,SE,us,UNLABELED,1,000523247,Pamphlet.
osu.32435063392385,1936,1930,SE,us,UNLABELED,1,102896202,Industrial unionist.
osu.32435065937708,1939,1930,SE,us,UNLABELED,1,100006713,The National provisioner
osu.32435067658245,1933,1930,SE,us,UNLABELED,1,100157731,"Annual report of the Commission of Public Docks to the Mayor of Portland, Oregon, for the year ending ..."
osu.32437010385033,1932,1930,SE,us,UNLABELED,1,100711186,[Bills of the Ohio Senate]
osu.32437011289317,1934,1930,SE,us,UNLABELED,1,009049628,Proceedings of the ... annual conference under the auspices of the National Tax Association.
osu.32437011637929,1934,1930,SE,us,UNLABELED,1,000533331,International conciliation.
osu.32437011865447,1933,1930,SE,us,UNLABELED,1,010426754,Cases adjudicated.
osu.32437011973597,1931,1930,SE,us,UNLABELED,1,008606739,Massachusetts reports : cases argued and determined in the Supreme Judicial Court of Massachusetts.
osu.32437011973720,1939,1930,SE,us,UNLABELED,1,008606739,Massachusetts reports : cases argued and determined in the Supreme Judicial Court of Massachusetts.
osu.32437011993751,1939,1930,SE,us,UNLABELED,1,100174998,"Cases determined by the St. Louis, Kansas City and Springfield Courts of Appeals of the state of Missouri."
osu.32437122011527,1938,1930,SE,us,UNLABELED,1,007910290,Proceedings of the ... annual convention of the Association of Life Insurance Presidents.
osu.32437122765395,1937,1930,SE,us,UNLABELED,1,100711461,"Acts, resolutions and memorials of the ... session ... Legislature of the State of Arizona."
osu.32437123178069,1939,1930,SE,us,UNLABELED,1,010366552,Acts of the General Assembly of the state of Alabama.
pst.000052231360,1938,1930,SE,us,UNLABELED,1,004528793,Intellect.
pst.000066718628,1932,1930,SE,us,UNLABELED,1,009429504,Farm chemicals.
pst.000068526528,1935,1930,SE,us,UNLABELED,1,009427737,"Modern veterinary practice; international veterinary reference service, large animal edition."
pst.000069855580,1931,1930,SE,us,UNLABELED,1,000547904,Annual conference on taxation proceedings.
pur1.32754060416991,1934,1930,SE,us,UNLABELED,1,000640474,Drug topics.
pur1.32754079365684,1933,1930,SE,us,UNLABELED,1,000497987,Special libraries.
rul.39030026839144,1938,1930,SE,us,UNLABELED,1,102989282,Proceedings ... mid-year meeting / American Petroleum Institute.
rul.39030035809963,1933,1930,SE,us,UNLABELED,1,008896255,Transactions of the American Institute of Mining and Metallurgical Engineers.
uc1.$b564890,1937,1930,SE,us,UNLABELED,1,009991942,Transactions of the Commonwealth Club of California.
uc1.$b574737,1939,1930,SE,us,UNLABELED,1,009992912,Report
uc1.$b652246,1932,1930,SE,us,UNLABELED,1,000502184,The American photo engraver.
uc1.$b658810,1932,1930,SE,us,UNLABELED,1,009988215,Proceedings of the annual meeting of the Hawaiian Sugar Planters' Association.
uc1.$b663457,1934,1930,SE,us,UNLABELED,1,008462824,Proceedings of the National Wholesale Druggists Association.
uc1.$c214860,1936,1930,SE,us,UNLABELED,1,012390688,Holstein-Friesian world.
uc1.$c215044,1933,1930,SE,us,UNLABELED,1,103108384,Corpus juris ... annotations.
uc1.31158013175681,1938,1930,SE,us,UNLABELED,1,102629632,World affairs pamphlets.
uc1.31175024863220,1934,1930,SE,us,UNLABELED,1,007119203,"Roster of state, county, city and township officials of the state of California, also federal officials for California."
uc1.31175026729932,1939,1930,SE,us,UNLABELED,1,008573196,The Saturday evening post.
uc1.31175029833574,1934,1930,SE,us,UNLABELED,1,000054890,The New York times index.
uc1.31175029833939,1937,1930,SE,us,UNLABELED,1,000054890,The New York times index.
uc1.31210003351697,1935,1930,SE,us,UNLABELED,1,000046672,Volume of proceedings of the Music Teachers' National Association ...Annual meeting
uc1.31210011369459,1938,1930,SE,us,UNLABELED,1,100697713,The ... biennial report / Field Museum of Natural History.
uc1.31210016944272,1933,1930,SE,us,UNLABELED,1,000638180,Economic geography.
uc1.31822007184930,1932,1930,SE,us,UNLABELED,1,006061443,Outlook and independent.
uc1.31822009665050,1933,1930,SE,us,UNLABELED,1,000638800,Pacific fisherman
uc1.31822009677717,1939,1930,SE,us,UNLABELED,3,000523214,Annual report of the Board of Regents of the Smithsonian Institution.
uc1.31822042065094,1932,1930,SE,us,UNLABELED,1,009827040,Biennial report of the California State Department of Education ... for the school years ending June 30 ... and June 30 
uc1.32106016381037,1935,1930,SE,us,UNLABELED,1,000639035,Memoirs of the American Philosophical Society.
uc1.32106019798286,1938,1930,SE,us,UNLABELED,1,007119185,ARTnews annual
uc1.b2867033,1937,1930,SE,us,UNLABELED,1,010328509,Our world trade
uc1.b2877759,1933,1930,SE,us,UNLABELED,2,006168301,Air conditioning-refrigerating data book.
uc1.b2901292,1935,1930,SE,us,UNLABELED,1,000526147,Social science.
uc1.b2910466,1937,1930,SE,us,UNLABELED,1,000060737,Report - Cowles Commission for Research in Economics.
uc1.b2937220,1936,1930,SE,us,UNLABELED,1,010327537,Proceedings
uc1.b2948089,1935,1930,SE,us,UNLABELED,1,000504285,Public health nursing / National League for Nursing.
uc1.b2968585,1939,1930,SE,us,UNLABELED,1,009996631,Proceedings
uc1.b2969660,1937,1930,SE,us,UNLABELED,2,000061315,Proceedings of the ... annual meeting / Highway Research Board.
uc1.b2983609,1934,1930,SE,us,UNLABELED,1,007911473,The President's report / Harvard University.
uc1.b3008631,1933,1930,SE,us,UNLABELED,1,010307852,"Proceedings, annual convention of the Investment bankers' association of America"
uc1.b3011041,1931,1930,SE,us,UNLABELED,1,010307791,Annual report
uc1.b3017704,1932,1930,SE,us,UNLABELED,1,003778860,Proceedings of the Academy of Political Science
uc1.b3032737,1934,1930,SE,us,UNLABELED,1,010306462,Annual Session
uc1.b3037807,1933,1930,SE,us,UNLABELED,1,010304596,Official Proceedings Annual Convention
uc1.b3043421,1931,1930,SE,us,UNLABELED,1,000521531,The record.
uc1.b3098027,1937,1930,SE,us,UNLABELED,1,006108214,Educational film guide.
uc1.b3218282,1934,1930,SE,us,UNLABELED,2,000521305,Annual report / Rockefeller Foundation.
uc1.b3243377,1934,1930,SE,us,UNLABELED,1,010048112,"The American Aberdeen-Angus herd-book, containing a record of Aberdeen-Angus cattle approved and admitted for registry u"
uc1.b3299402,1938,1930,SE,us,UNLABELED,1,008567698,Transactions.
uc1.b3422105,1931,1930,SE,us,UNLABELED,1,000675788,American book prices current.
uc1.b3478294,1939,1930,SE,us,UNLABELED,1,006663260,Publications of the American Jewish Historical Society.
uc1.b3496699,1939,1930,SE,us,UNLABELED,1,000501434,Minnesota history
uc1.b3509360,1939,1930,SE,us,UNLABELED,1,000640549,Phi Delta Kappan.
uc1.b3755758,1932,1930,SE,us,UNLABELED,1,010155889,The Blue book of college athletics ...
uc1.b3773087,1935,1930,SE,us,UNLABELED,1,010156674,Annual exhibition.
uc1.b3785477,1939,1930,SE,us,UNLABELED,1,010158841,Annual report / Carnegie Endowment for International Peace.
uc1.b3851737,1936,1930,SE,us,UNLABELED,1,006918322,Seed trade buyers' guide.
uc1.b3851738,1937,1930,SE,us,UNLABELED,1,006918322,Seed trade buyers' guide.
uc1.b3901880,1935,1930,SE,us,UNLABELED,1,000500535,Publication of the American Sociological Society
uc1.b3948891,1936,1930,SE,us,UNLABELED,1,000540718,Contact point.
uc1.b3975386,1937,1930,SE,us,UNLABELED,1,000525673,Art education today.
uc1.b4122332,1934,1930,SE,us,UNLABELED,1,010059847,Report of the ... annual Meeting of the Pennsylvania Bar Association.
uc1.b4306977,1935,1930,SE,us,UNLABELED,1,010073306,United States aviation reports
uc1.b4327324,1939,1930,SE,us,UNLABELED,1,000535831,Fortschritte der Chemie organischer Naturstoffe. Progress in the chemistry of organic natural products
uc1.b4329718,1936,1930,SE,us,UNLABELED,1,000503638,Proceedings of the staff meetings of the Mayo Clinic.
uc1.b4525653,1932,1930,SE,us,UNLABELED,1,006257528,Biennial report - Division of Fish and Game
uc1.b4525764,1935,1930,SE,us,UNLABELED,1,006257539,"Annual report of the City Manager ... Berkeley, California."
uc1.c2533671,1934,1930,SE,us,UNLABELED,1,012504749,Gas age.
uc1.c2557359,1936,1930,SE,us,UNLABELED,1,012455841,Annual report.
uc1.c2597123,1934,1930,SE,us,UNLABELED,1,103220175,Sunsweet standard.
uc1.c2609773,1934,1930,SE,us,UNLABELED,1,103245360,Western confectioner.
uc1.c2610867,1937,1930,SE,us,UNLABELED,1,011453849,Annual report of the United States Steel Corporation for the fiscal year ended ...
ucbk.ark:/28722/h2r78689t,1935,1930,SE,us,UNLABELED,1,000551144,Mesa Verde notes.
ufl.31262052449963,1936,1930,SE,us,UNLABELED,1,008306669,Proceedings of the Institute of World Affairs.
ufl.31262082996884,1936,1930,SE,us,UNLABELED,1,011920717,Proceedings.
ufl.31262098317661,1936,1930,SE,us,UNLABELED,1,012370637,Report of the Treasurer of the State of Florida.
uiug.30112008003979,1934,1930,SE,us,UNLABELED,1,011456969,"Electrical manufacturing; design, production, marketing, rebuilding of electrical products including all those that are "
uiug.30112008420033,1939,1930,SE,us,UNLABELED,1,000053348,Proceedings of the Montana National Bituminous Conference.
uiug.30112009197846,1938,1930,SE,us,UNLABELED,1,000681451,The Biologist.
uiug.30112017504017,1938,1930,SE,us,UNLABELED,1,000522091,Proceedings of the Indiana Academy of Science
uiug.30112020290992,1931,1930,SE,us,UNLABELED,1,103009065,American racing manual.
uiug.30112032746965,1938,1930,SE,us,UNLABELED,1,000500746,The Travelers standard.
uiug.30112033775781,1936,1930,SE,us,UNLABELED,1,000057741,Proceedings of the ... annual encampment.
uiug.30112040144641,1931,1930,SE,us,UNLABELED,1,008376421,Collections of the State Historical Society of Wisconsin.
uiug.30112062690612,1939,1930,SE,us,UNLABELED,1,000639626,Minnesota library notes and news.
uiug.30112070120818,1939,1930,SE,us,UNLABELED,1,100195101,Poor's ratings.
uiug.30112074679124,1937,1930,SE,us,UNLABELED,1,004316107,Legislative document.
uiug.30112075971793,1938,1930,SE,us,UNLABELED,1,006136882,Official register.
uiug.30112083838877,1938,1930,SE,us,UNLABELED,1,012517556,The Signal engineer.
uiug.30112088123465,1938,1930,SE,us,UNLABELED,1,011480067,Proceedings of the annual meeting.
uiug.30112098449660,1937,1930,SE,us,UNLABELED,1,011452707,"Annual report / Bigelow-Sanford Carpet Company, Inc."
uiug.30112099964857,1938,1930,SE,us,UNLABELED,1,100711683,Alabama social welfare.
uiug.30112101705843,1937,1930,SE,us,UNLABELED,1,008005606,Book of proceedings of the National Federation of Music Clubs.
uiug.30112103574577,1938,1930,SE,us,UNLABELED,1,103010022,Report / Community Council of the Stock Yards District of Chicago.
uiug.30112105205105,1938,1930,SE,us,UNLABELED,1,011454086,Financial report of Armour and Company.
uiug.30112105273806,1936,1930,SE,us,UNLABELED,1,100233419,Report.
uiug.30112106981092,1932,1930,SE,us,UNLABELED,1,011475419,The Chesapeake and Potomac Telephone companies ... annual reports.
uiug.30112106986059,1935,1930,SE,us,UNLABELED,1,008877544,"Contributions to education / Teachers College, Columbia University."
uiug.30112106986745,1937,1930,SE,us,UNLABELED,1,008877544,"Contributions to education / Teachers College, Columbia University."
uiug.30112106989624,1934,1930,SE,us,UNLABELED,1,011480137,[Newsletter]
uiug.30112109638418,1939,1930,SE,us,UNLABELED,1,006829214,Annual report of Treasurer and Manager for year ending December 31 ... / United States Steel and Carnegie Pension Fund.
uiug.30112109649290,1936,1930,SE,us,UNLABELED,1,100075343,Blue book of audio-visual materials.
uiug.30112109822749,1937,1930,SE,us,UNLABELED,1,011813495,Proceedings at the annual grand convention of the Grand Chapter of the state of Indiana.
uiug.30112110882732,1933,1930,SE,us,UNLABELED,1,012369148,Crane valve world.
uiug.30112117965647,1938,1930,SE,us,UNLABELED,1,100673865,A planning forum.
uiug.30112118356051,1934,1930,SE,us,UNLABELED,1,000054762,Florida health notes.
uiug.30112118420121,1936,1930,SE,us,UNLABELED,1,000500441,Public documents.
uiug.30112125174869,1931,1930,SE,us,UNLABELED,1,102465472,Water laws of the State of Oregon / prepared in the office of the Board of Control.
uiug.30112126850814,1931,1930,SE,us,UNLABELED,1,100787321,The Advanced register of the Holstein-Friesian Association of America.
uiug.30112129245038,1938,1930,SE,us,UNLABELED,1,000675353,Annual report of the State Board of Health of South Carolina.
uiuo.ark:/13960/s2bf8xpgw1m,1936,1930,SE,us,UNLABELED,1,100942807,Golden age.
uiuo.ark:/13960/t3qv4vm91,1933,1930,SE,us,UNLABELED,1,012358268,Announcement for ...
uiuo.ark:/13960/t42r4044b,1932,1930,SE,us,UNLABELED,1,100149822,Technograph.
uma.ark:/13960/t1jh49229,1937,1930,SE,us,UNLABELED,1,100124160,"Annual report of the school committee, of the town of Montague for the year ..."
umn.31951000634216a,1937,1930,SE,us,UNLABELED,1,008879515,Scientific publications of the faculty and students of the School of Chemistry of the University of Minnesota.
umn.31951000758736h,1935,1930,SE,us,UNLABELED,1,000526950,Comparative psychology monographs.
umn.31951000841824i,1938,1930,SE,us,UNLABELED,1,100658066,New York State Library [annual report] / New York State Library.
umn.31951000855110v,1938,1930,SE,us,UNLABELED,1,000641086,Biennial report of the Superintendent of Public Instruction.
umn.31951001456440p,1939,1930,SE,us,UNLABELED,1,000641829,Antiques.
umn.31951001904073v,1935,1930,SE,us,UNLABELED,1,000677224,American printer and lithographer.
umn.31951001904078l,1938,1930,SE,us,UNLABELED,1,000677224,American printer and lithographer.
umn.319510021904157,1938,1930,SE,us,UNLABELED,2,006859289,"Report of Public Examiner on the revenues, expenditures, and debt of state and local governments in Minnesota."
umn.31951d00149183h,1936,1930,SE,us,UNLABELED,1,000534582,Budget.
umn.31951d00192271p,1935,1930,SE,us,UNLABELED,1,004527850,The Atlantic.
umn.31951d00586408i,1935,1930,SE,us,UNLABELED,1,008373245,Moody's banks & finance.
umn.31951d00645466q,1936,1930,SE,us,UNLABELED,1,009470481,Mill & factory.
umn.31951d02298562x,1937,1930,SE,us,UNLABELED,1,100671380,Laws of the State of Wisconsin.
umn.31951d026099533,1939,1930,SE,us,UNLABELED,1,009893323,"Report of the proceedings, New Mexico State Bar Association."
umn.31951p00651942m,1939,1930,SE,us,UNLABELED,1,000057093,Tree pest leaflets.
umn.31951p01131884d,1935,1930,SE,us,UNLABELED,1,008559215,Proceedings of the American Numismatic Society.
umn.31951t002271878,1932,1930,SE,us,UNLABELED,1,009679833,University of California publications in entomology.
uva.3470108710,1936,1930,SE,us,UNLABELED,1,000551068,Minnesota medicine.
uva.x000381584,1931,1930,SE,us,UNLABELED,1,102090640,Economic and social history of the World War. Russian series.
uva.x000896098,1933,1930,SE,us,UNLABELED,1,102087140,Foreign policy reports.
uva.x000959132,1933,1930,SE,us,UNLABELED,1,000500023,Business week
uva.x001678855,1936,1930,SE,us,UNLABELED,1,000552062,American machinist.
uva.x001967568,1931,1930,SE,us,UNLABELED,1,000523080,"Art studies; medieval, renaissance and modern."
uva.x002209180,1939,1930,SE,us,UNLABELED,1,000505081,Scientific American.
uva.x002521250,1932,1930,SE,us,UNLABELED,1,002133607,Corks and curls.
uva.x004368316,1931,1930,SE,us,UNLABELED,1,000675740,Proceedings.
uva.x004575128,1932,1930,SE,us,UNLABELED,1,000500023,Business week
uva.x004576364,1938,1930,SE,us,UNLABELED,1,009793430,Minutes of the ... annual convention.
uva.x004655466,1939,1930,SE,us,UNLABELED,1,006791573,Register of Kentucky State Historical Society.
uva.x004724924,1937,1930,SE,us,UNLABELED,1,009790034,Contribution from the Dept. of Electrical Engineering.
uva.x006149472,1931,1930,SE,us,UNLABELED,1,008896986,"Automotive industries, the automobile."
uva.x006149481,1938,1930,SE,us,UNLABELED,1,008896986,"Automotive industries, the automobile."
uva.x006150767,1938,1930,SE,us,UNLABELED,1,000680195,Product engineering.
uva.x030021001,1939,1930,SE,us,UNLABELED,1,000638494,Refrigerating engineering.
uva.x030354494,1939,1930,SE,us,UNLABELED,1,000057620,The Educational leader.
uva.x030395952,1936,1930,SE,us,UNLABELED,1,006928388,The collector.
uva.x030453265,1934,1930,SE,us,UNLABELED,1,000496443,Psychological monographs.
uva.x030586348,1934,1930,SE,us,UNLABELED,1,007911784,The Rotarian / International Association of Rotary Clubs.
uva.x030599949,1933,1930,SE,us,UNLABELED,1,000535204,Modern Mexico = México moderno.
uva.x030599966,1935,1930,SE,us,UNLABELED,1,000535204,Modern Mexico = México moderno.
uva.x030687502,1938,1930,SE,us,UNLABELED,1,102090307,The American Hebrew.
uva.x030688069,1933,1930,SE,us,UNLABELED,1,102086658,The record of Hampden-Sydney College.
uva.x030696077,1931,1930,SE,us,UNLABELED,1,101955644,"School life / Official organ of the United States Bureau of Education, Department of the Interior."
uva.x030714644,1933,1930,SE,us,UNLABELED,1,000528515,Communications.
uva.x030724329,1936,1930,SE,us,UNLABELED,1,000529606,College verse.
uva.x030771425,1937,1930,SE,us,UNLABELED,1,000049781,Coronet.
wu.89035082825,1931,1930,SE,us,UNLABELED,1,005779703,Proceedings of the American Electric Railway Association.
wu.89043729193,1935,1930,SE,us,UNLABELED,1,005720923,Comptes rendus.
wu.89043729219,1937,1930,SE,us,UNLABELED,1,005720923,Comptes rendus.
wu.89050714526,1938,1930,SE,us,UNLABELED,1,008996369,Report.
wu.89058464199,1934,1930,SE,us,UNLABELED,1,000641101,National sphere.
wu.89060426988,1938,1930,SE,us,UNLABELED,1,006830827,Hallingen.
wu.89066033804,1934,1930,SE,us,UNLABELED,1,007466724,Carry on / Women's Overseas Service League.
wu.89074763947,1932,1930,SE,us,UNLABELED,1,000526137,Transactions / The Society of Naval Architects and Marine Engineers
wu.89076974328,1934,1930,SE,us,UNLABELED,1,003923814,The Walther League messenger.
wu.89077209377,1936,1930,SE,us,UNLABELED,1,008996700,Proceedings of the ... annual convention of the Ladies of the Grand Army of the Republic.
wu.89100962885,1932,1930,SE,us,UNLABELED,1,006916058,List of publications of members of the staffs of Iowa State College ... / compiled by Iowa State College Library.
coo.31924000303523,1948,1940,BK,uk,AGRICULTURAL,1,009080680,Some agricultural aspects in Germany during the period 1939-1945.
uc1.$b591842,1944,1940,BK,uk,AGRICULTURAL,2,001598946,"A seventeenth century country gentleman (Sir Francis Throckmorton, 1640-80)"
uc1.$b199462,1941,1940,BK,uk,CATALOG,1,009621646,"Catalogue of valuable books, autograph letters, manuscripts, relics, etc. ... which will be sold by auction ... on ... t"
iau.31858048340081,1949,1940,BK,uk,GENERAL_PERIODICAL,1,102972384,The ghost or shadow as a charge in heraldry / by H. Stanford London.
uc1.b4007916,1948,1940,BK,uk,LEGAL,1,009669319,"Digest of British social insurance: national insurance, industrial injuries, family allowances / by T.S. Newman ; forwar"
mdp.39015003774562,1940,1940,BK,uk,MEDICAL,2,001492328,An introduction to medical genetics / by J.A. Fraser Roberts.
osu.32436000583359,1944,1940,BK,uk,MEDICAL,1,102872731,Emergency surgery / by Hamilton Bailey.
coo.31924003593278,1947,1940,BK,uk,REFERENCE,2,005856542,A manual of lace.
coo.31924065281812,1946,1940,BK,uk,REFERENCE,1,002888155,Europa : The encyclopaedia of Europe.
osu.32435072927783,1941,1940,BK,uk,REFERENCE,1,102950906,"Bibliography on grain size in steel : (including abnormality, normality and hardenability) with an appendix: Bibliograph"
wu.89081504847,1947,1940,BK,uk,REFERENCE,2,001618299,The cathode-ray tube handbook.
mdp.39015058361810,1940,1940,BK,uk,RELIGIOUS,2,001406832,The church and the world.
uc1.$b685422,1945,1940,BK,uk,RELIGIOUS,1,009977866,"The land, the people and the churches."
uc1.b3946914,1940,1940,BK,uk,RELIGIOUS,2,000490712,Europe's catastrophe and the Christian faith.
umn.31951001138756l,1948,1940,BK,uk,RELIGIOUS,1,007476990,The old churches of London; with an introd. by Geoffrey Webb.
uva.x030805699,1942,1940,BK,uk,RELIGIOUS,1,101872662,Inventory of the church archives of New Hampshire: Protestant Episcopal Diocese of New Hampshire.
coo.31924001572530,1940,1940,BK,uk,UNLABELED,1,009373520,"Functions of a complex variable, with applications, by E. G. Phillips ... With 17 figures."
coo.31924003550104,1944,1940,BK,uk,UNLABELED,1,009113009,The diabetic ABC; a practical book for patients and nurses.
coo.31924003611732,1949,1940,BK,uk,UNLABELED,1,008746453,"The book of the meat trade. General editor, Frank Gerrard, assisted by specialist writers, experts in their various sect"
coo.31924013711910,1945,1940,BK,uk,UNLABELED,1,009068426,The basis of economic security.
coo.31924014495349,1949,1940,BK,uk,UNLABELED,1,009078768,Two or three Graces; four stories.
coo.31924073913117,1949,1940,BK,uk,UNLABELED,1,009120147,The mechanical equipment of farms.
iau.31858013663590,1946,1940,BK,uk,UNLABELED,1,102882749,"A calendar of references to Sir Thomas Benger : (master of the revels and masques to Queen Elizabeth, 1560-1572)."
iau.31858046903294,1942,1940,BK,uk,UNLABELED,1,009496434,Backwardness in the basic subjects.
iau.31858049203015,1943,1940,BK,uk,UNLABELED,1,102973901,Plans for an educated democracy.
iau.31858049664935,1949,1940,BK,uk,UNLABELED,1,102887932,Workaday saints.
inu.30000041614268,1948,1940,BK,uk,UNLABELED,1,000673104,"The unfortunate traveller; or, The life of Jack Wilton. Illustrated by Michael Ayrton; with an introd."
inu.32000009454366,1940,1940,BK,uk,UNLABELED,1,006029998,"The malady and the vision; an analysis of political faith, by T. R. Fyvel [pseud.]"
inu.32000010041954,1941,1940,BK,uk,UNLABELED,1,006024789,"What happened to France, by Gordon Waterfield."
inu.39000000164132,1944,1940,BK,uk,UNLABELED,1,006060657,"The barber's trade union and other stories, by Mulk Raj Anand."
inu.39000003349953,1942,1940,BK,uk,UNLABELED,1,007022631,"Fear goes through the world, by Karel B. Palkovský."
mdp.39015000578701,1945,1940,BK,uk,UNLABELED,1,001223154,The arbitration; the Epitrepontes of Menander.
mdp.39015002000977,1949,1940,BK,uk,UNLABELED,1,001612891,Relaxation methods in engineering science; a treatise on approximate computation / by R.V. Southwell.
mdp.39015002257155,1947,1940,BK,uk,UNLABELED,2,001018787,The crown of life : essays in interpretation of Shakespeare's final plays.
mdp.39015002915828,1949,1940,BK,uk,UNLABELED,2,001479683,Surface tension and the spreading of liquids.
mdp.39015003661520,1948,1940,BK,uk,UNLABELED,1,001065357,History of education in Great Britain.
mdp.39015004984913,1949,1940,BK,uk,UNLABELED,2,004681414,Soviet humour : stories and cartoons from Crocodile / selected and translated by Peter Tempest.
mdp.39015005155398,1948,1940,BK,uk,UNLABELED,1,001910888,From a view to a death.
mdp.39015005488278,1949,1940,BK,uk,UNLABELED,3,001374869,The story of pantomime.
mdp.39015006060258,1949,1940,BK,uk,UNLABELED,2,001617603,"Lighting technique, general course."
mdp.39015008039607,1944,1940,BK,uk,UNLABELED,1,000234032,A shortened history of England / by George Macaulay Trevelyan.
mdp.39015008161492,1947,1940,BK,uk,UNLABELED,1,001185353,Contemporary Chinese poetry.
mdp.39015008839402,1946,1940,BK,uk,UNLABELED,1,001224815,Literature and life : a selection from the writings of Maxim Gorky / with an introduction by V.V. Mikhailovski ; transla
mdp.39015009204176,1949,1940,BK,uk,UNLABELED,1,000199706,"Dublin, a study in environment."
mdp.39015009824981,1946,1940,BK,uk,UNLABELED,1,001513952,A course of reinforced concrete design.
mdp.39015010425117,1944,1940,BK,uk,UNLABELED,1,001017163,"Anglo-Saxon poetry; an essay, with specimen translations in verse."
mdp.39015013729820,1940,1940,BK,uk,UNLABELED,1,000459292,The canker of Germany / by Ernst G. Preuss: translated by Norbert S. Maiman.
mdp.39015014160405,1947,1940,BK,uk,UNLABELED,2,001030296,Wilhelm Meister : apprenticeship and travels / translated from the German by R.O. Moon.
mdp.39015014192762,1948,1940,BK,uk,UNLABELED,1,000263774,The pattern of Soviet domination.
mdp.39015017235014,1944,1940,BK,uk,UNLABELED,1,001989412,"Spectroscopy in science and industry, with a brief reference to spectrofluorescence ..."
mdp.39015017303580,1941,1940,BK,uk,UNLABELED,1,001129112,Mathematics for actuarial students / by Harry Freeman ...
mdp.39015018442239,1948,1940,BK,uk,UNLABELED,2,001624273,Famous paddle steamers / by F.C. Hambleton.
mdp.39015019097172,1947,1940,BK,uk,UNLABELED,1,000868464,A Sienese codex of the Divine comedy.
mdp.39015020645993,1944,1940,BK,uk,UNLABELED,2,001110932,"The fortunes of Falstaff / by J. Dover Wilson, C. H."
mdp.39015020847623,1946,1940,BK,uk,UNLABELED,1,000469624,The American diplomatic revolution; an inaugural lecture delivered before the University of Oxford on 12 November 1946 /
mdp.39015021554749,1940,1940,BK,uk,UNLABELED,1,001267652,Land of a thousand buddhas; a pilgrimage into the heart of Tibet and the sacred city of Lhasa.
mdp.39015021880433,1947,1940,BK,uk,UNLABELED,1,002476744,The film answers back; an historical appreciation of the cimena / E. W. & M. M. Robson.
mdp.39015022896198,1948,1940,BK,uk,UNLABELED,2,002052395,"Udāna: verses of uplift; and, Itivuttaka: as it was said / Translated by F.L. Woodward. With an introd. by Mrs. Rhys Dav"
mdp.39015026956535,1949,1940,BK,uk,UNLABELED,1,001066609,"Anton Simeonovitch Makarenko, Russian teacher."
mdp.39015027337446,1946,1940,BK,uk,UNLABELED,1,000492684,"Commissioned bargees; the story f the landing craft / by Lieutenant-Commander Trevor Blore, R.N.V.R."
mdp.39015028133570,1941,1940,BK,uk,UNLABELED,1,000962558,British trade unionism; an outline history.
mdp.39015028393828,1945,1940,BK,uk,UNLABELED,2,000975481,"What labour could do; six essays based on lectures prepared for the Fabian Society, by Lord Latham [and others]"
mdp.39015030725991,1949,1940,BK,uk,UNLABELED,1,001498652,"The strange life of Charles Waterton, 1782-1865."
mdp.39015031223152,1946,1940,BK,uk,UNLABELED,2,000623511,"Michael Verran of Callington and Thomas Carlyle, by Rt. Hon. Isaac Foot."
mdp.39015031237467,1947,1940,BK,uk,UNLABELED,2,001686262,"The autobiographies and letters of Thomas Comber, sometime precentor of York and dean of Durham / ed. by C. E. Whiting."
mdp.39015031893814,1947,1940,BK,uk,UNLABELED,1,000194900,The second city / by C.A. Oakley.
mdp.39015041204531,1940,1940,BK,uk,UNLABELED,1,000311462,Mrs. Delany / by Simon Dewes [pseudonym]
mdp.39015047748895,1940,1940,BK,uk,UNLABELED,1,001622426,"Design and construction of air-raid shelters in accordance with the Civil defense act, 1939."
mdp.39015049653390,1947,1940,BK,uk,UNLABELED,1,003522606,Painting since 1939 / by Robin Ironside.
mdp.39015051275819,1948,1940,BK,uk,UNLABELED,1,001069085,The degrees and hoods of the world's universities and colleges.
mdp.39015051359894,1948,1940,BK,uk,UNLABELED,1,001261602,Fifteen thousand miles in a ketch.
mdp.39015058424618,1948,1940,BK,uk,UNLABELED,1,000153094,"Stern and wild, a new Scottish journey."
mdp.39015059412919,1944,1940,BK,uk,UNLABELED,1,000302447,"Second front, first spy / by Bernard Newman."
mdp.39015060487033,1943,1940,BK,uk,UNLABELED,2,001307493,Economic efficiency and social welfare. By Alec L. Macfie ... with a foreword by Frank H. Knight ...
mdp.39015063699840,1947,1940,BK,uk,UNLABELED,1,001443975,It's fun finding out.
mdp.39015064398467,1941,1940,BK,uk,UNLABELED,2,001622419,Defence against the night bomber.
mdp.39015064421582,1948,1940,BK,uk,UNLABELED,1,002011224,The civil engineer in war; a symposium of papers on war-time engineering problems.
mdp.39015065115167,1941,1940,BK,uk,UNLABELED,1,001517362,A treatise on surveying.
mdp.39015065705413,1949,1940,BK,uk,UNLABELED,1,001994450,Chemical calculations for first year students / by H. Stephen and S.S. Israelstam.
mdp.39015065776315,1948,1940,BK,uk,UNLABELED,1,002070575,Practical pharmacognosy.
mdp.39015066459325,1944,1940,BK,uk,UNLABELED,1,001627572,Electrical technology for tele-communications.
mdp.39015077757584,1949,1940,BK,uk,UNLABELED,3,001114293,Colloid science / by A.E. Alexander and P. Johnson.
mdp.39015078949297,1941,1940,BK,uk,UNLABELED,1,002966978,The Peoples Convention movement / by W. J. R. Squance.
mdp.39015078950873,1942,1940,BK,uk,UNLABELED,1,000810875,When Germany is defeated? Vansittart answered. Duke of Bedford's maiden speech ...
mdp.39015080468922,1943,1940,BK,uk,UNLABELED,1,002917988,The Issues in the Present War.
mdp.39076005077065,1948,1940,BK,uk,UNLABELED,1,009927927,Dod's peerage : (1948).
msu.31293030605723,1944,1940,BK,uk,UNLABELED,1,001877212,Maps and survey / by Arthur R. Hinks ...
nnc2.ark:/13960/t0qs2625s,1943,1940,BK,uk,UNLABELED,1,102811178,William Paton / edited by J. H. Oldham.
nyp.33433072076486,1942,1940,BK,uk,UNLABELED,1,103044765,"My way with the miniature; practical experience of and frank advice on 35 mm. photography, by Lancelot Vining."
nyp.33433091214514,1940,1940,BK,uk,UNLABELED,1,103061192,"Almost a star, by Teddie St. Denis. With a foreword by Noel Gay."
nyp.33433100838071,1948,1940,BK,uk,UNLABELED,2,003540982,Leonardo da Vinci.
nyp.33433103007328,1943,1940,BK,uk,UNLABELED,1,103091865,A record of service; No. 1 Battalion (Denbigshire) Home Guard ...
nyp.33433105429066,1943,1940,BK,uk,UNLABELED,1,103091807,A modicum of leave / by Cecil Keeling ; with illustrations by the author.
osu.32435016874752,1941,1940,BK,uk,UNLABELED,1,102895723,The cure of stammering : stuttering and other functional speech disorders / by J. Louis Orton...  With a special contrib
osu.32436000148195,1941,1940,BK,uk,UNLABELED,1,102896630,"Neuro-opthalmology / by R. Lindsay Rea,... 2nd edition."
uc1.$b103099,1946,1940,BK,uk,UNLABELED,1,006602225,"Practical milk bar operation, catering and ice cream making; ed. by Arthur T.E. Binsted."
uc1.$b114785,1946,1940,BK,uk,UNLABELED,2,001734701,"The abolition of man; or, Reflections on education with special reference to the teaching of English in the upper forms "
uc1.$b143518,1948,1940,BK,uk,UNLABELED,2,001120704,"Socialism of the West, an attempt to lay the foundations of a new socialist humanism."
uc1.$b180971,1948,1940,BK,uk,UNLABELED,2,001145068,The British constitution.
uc1.$b181076,1944,1940,BK,uk,UNLABELED,1,006650948,"British constitutional monarchy, by Sir Ernest Barker."
uc1.$b184258,1940,1940,BK,uk,UNLABELED,3,001434046,"The rights of man; or, What are we fighting for?"
uc1.$b19816,1940,1940,BK,uk,UNLABELED,1,006555654,"The police and crime-detection today, by Reginald Morrish."
uc1.$b236083,1941,1940,BK,uk,UNLABELED,1,006493879,No such liberty / by Alex Comfort.
uc1.$b243098,1949,1940,BK,uk,UNLABELED,1,006497896,"Kurumba, a novel."
uc1.$b244835,1947,1940,BK,uk,UNLABELED,1,006499056,A summer in Buenos Aires; a novel / by Isobel Strachey.
uc1.$b249112,1944,1940,BK,uk,UNLABELED,1,006501816,The axe in the wood / poems by Clifford Dyment.
uc1.$b254073,1949,1940,BK,uk,UNLABELED,1,006504877,The pond people.
uc1.$b62364,1949,1940,BK,uk,UNLABELED,1,006579095,"India, Pakistan in world politics."
uc1.$b624837,1940,1940,BK,uk,UNLABELED,1,001659633,"The Lindsey dialect, by James E. Oxley."
uc1.$b681859,1944,1940,BK,uk,UNLABELED,1,006100524,The personal poems of Francis Bacon : (Our Shakespeare) the son of Queen Elizabeth : as revealed by The Sonnets / arrang
uc1.$b704314,1946,1940,BK,uk,UNLABELED,1,009969297,"Velvet studies,"
uc1.$b744503,1940,1940,BK,uk,UNLABELED,2,000111990,"War comes to Britain; speeches of the Rt. Hon. C. R. Attlee, M.P. / Edited, with biographical introduction, by John Dugd"
uc1.$b746089,1945,1940,BK,uk,UNLABELED,1,008227515,"Duel for the northland; the war of enemy agents in Scandinavia, by Kurt Singer."
uc1.$b768452,1947,1940,BK,uk,UNLABELED,1,000488840,A record of the war ...
uc1.$b783478,1948,1940,BK,uk,UNLABELED,2,007951092,A passing world.
uc1.$b783980,1948,1940,BK,uk,UNLABELED,1,007951127,Mount Ida.
uc1.$b79421,1946,1940,BK,uk,UNLABELED,1,006588753,"Alternating currents, by Albert E. Clayton ... with 283 illustrations."
uc1.$b95061,1945,1940,BK,uk,UNLABELED,2,000955012,Britain's way to social security.
uc1.$c174621,1947,1940,BK,uk,UNLABELED,1,103062908,This is Australia.
uc1.31175026650062,1948,1940,BK,uk,UNLABELED,1,001111982,Titus Andronicus.
uc1.31210003547211,1942,1940,BK,uk,UNLABELED,1,102705426,"Brazil, land of the future, by Stefan Zweig, translated by Andrew St. James."
uc1.31822000173658,1945,1940,BK,uk,UNLABELED,1,102930252,My father in China [by] James Burke.
uc1.31822026891705,1949,1940,BK,uk,UNLABELED,1,102958494,Music at night : and other essays including 'Vulgarity in literature' / Aldous Huxley.
uc1.31822030198956,1949,1940,BK,uk,UNLABELED,1,102958468,I wish I were you : four stories by / Cynthia Asquith ; with twenty-nine illustrations by Olive F. Openshaw.
uc1.32106000229408,1945,1940,BK,uk,UNLABELED,1,007127090,"Civilization, science and religion,"
uc1.32106014380627,1946,1940,BK,uk,UNLABELED,1,007134501,Lord Jim / Joseph Conrad
uc1.b3125509,1946,1940,BK,uk,UNLABELED,2,002018507,"Arch design simplified; a text-book on the rapid and economical design of arch bridges, including 33 tables and illustra"
uc1.b3267154,1946,1940,BK,uk,UNLABELED,1,001139907,The political ideas of Richard Hooker [by] E. T. Davies ... With a preface by the Very Rev. R. H. Malden ...
uc1.b3345743,1944,1940,BK,uk,UNLABELED,1,007925732,100 poems by Edward Thompson.
uc1.b3346446,1948,1940,BK,uk,UNLABELED,1,007926055,Two plays: The wise have not spoken [and] Shadow and substance.
uc1.b3427674,1942,1940,BK,uk,UNLABELED,1,006293942,"Family farm, by F. D. Smith and Barbara Wilcox. With photographs by the authors."
uc1.b3654438,1948,1940,BK,uk,UNLABELED,2,000960024,Socialism the British way; an assessment of the nature and significance of the Socialist experiment carried out in Great
uc1.b3832588,1947,1940,BK,uk,UNLABELED,1,000981850,Ancient Egyptian onomastica.
uc1.b3893626,1947,1940,BK,uk,UNLABELED,1,006744474,A comprehensive treatise on inorganic and theoretical chemistry.
uc1.b3974629,1947,1940,BK,uk,UNLABELED,1,006765717,Education for music; a skeleton plan of research into the  development of the study of music as part of the organized pl
uc1.b4102911,1948,1940,BK,uk,UNLABELED,2,006155266,"Ten short stories. Selected / with an introd., by Michael Swan."
uc1.b4110296,1942,1940,BK,uk,UNLABELED,4,001004202,English novelists / [by] Elizabeth Bowen. With 8 plates in colour and 19 illustrations in black & white.
uc1.b4282937,1949,1940,BK,uk,UNLABELED,1,000434138,Collected poems / Edited by A. Davenport.
uc1.b4311090,1946,1940,BK,uk,UNLABELED,1,006215991,"Those uneasy years, 1914-1939, a medley."
ufl.31262052234944,1941,1940,BK,uk,UNLABELED,1,103294505,English-Swahili phrase-book / compiled by the Universities' Mission Zanzibar.
uga1.32108008822739,1945,1940,BK,uk,UNLABELED,1,102997271,Trees and shrubs of the British Isles / by N. Barrie Hodgson.
uga1.32108012785542,1947,1940,BK,uk,UNLABELED,1,102970561,"To dream again, a romantic play in three acts."
uga1.32108053604339,1948,1940,BK,uk,UNLABELED,1,102903521,Linlithgow Palace / description by J.S. Richardson ; history by James Beveridge.
uiug.30112012975063,1948,1940,BK,uk,UNLABELED,1,102565664,"The passing of the third floor back : an idle fancy in a prologue, a play, and an epilogue / by Jerome K. Jerome."
uiug.30112014603317,1948,1940,BK,uk,UNLABELED,1,103175312,"Masonic music in England, a historical survey."
uiug.30112066045086,1944,1940,BK,uk,UNLABELED,1,102771622,"Theory of equations, by H. W. Turnbull; with 25 figures."
uiug.30112109092145,1947,1940,BK,uk,UNLABELED,3,001260093,"The South African opposition, 1935-1945 : an essay in contemporary history / by Michael Roberts and A.E.G. Trollip."
uiug.30112118663332,1948,1940,BK,uk,UNLABELED,1,103177454,In praise of mountains : an anthology for friends / Comp. by Eleanor and Geoffrey Winthrop Young.
umn.31951000811164g,1944,1940,BK,uk,UNLABELED,1,101695982,Curiosities of psychical research.
umn.319510016761605,1941,1940,BK,uk,UNLABELED,1,100957582,The vocation of England.
umn.31951002092661p,1948,1940,BK,uk,UNLABELED,1,009893101,Beyond the trumpet : poems.
umn.31951t00020515u,1947,1940,BK,uk,UNLABELED,1,101653638,"Calligraphy's flowering, decay & restauration : with hints for its wider use today."
uva.x000065562,1943,1940,BK,uk,UNLABELED,1,102034886,Swords and ploughshares.
uva.x000301263,1945,1940,BK,uk,UNLABELED,1,101924178,"Plays, prose writings, and poems / Oscar Wilde."
uva.x000310267,1945,1940,BK,uk,UNLABELED,1,102102142,Funny business : a new collection of cartoons from the Saturday evening post / edited by Marione P. [i.e. R.] Derrickson
uva.x000427837,1949,1940,BK,uk,UNLABELED,1,102075068,Scotland.
uva.x000490495,1941,1940,BK,uk,UNLABELED,1,101936860,A primer of modern Icelandic.
uva.x000712534,1943,1940,BK,uk,UNLABELED,1,102034071,"The universities and regional life, by Bonamy Dobrée. Being the twenty-fifth Earl Grey memorial lecture delivered at Kin"
uva.x001066738,1948,1940,BK,uk,UNLABELED,1,102084448,Seventeenth century painting in Europe.
uva.x001153273,1949,1940,BK,uk,UNLABELED,1,101959889,"Explanatory notes to the French conversational course, by Louis H. Pallier."
uva.x001806961,1948,1940,BK,uk,UNLABELED,1,101914308,"Simple colloquial Persian, ed. by C.L. Hawker."
wu.89047186333,1948,1940,BK,uk,UNLABELED,1,006910728,"Physiology of farm animals, by F. H. A. Marshall ... and E. T. Halnan ..."
wu.89048367940,1949,1940,BK,uk,UNLABELED,2,001477819,Faraday's discovery of electro-magnetic induction.
wu.89054390281,1947,1940,BK,uk,UNLABELED,1,000404346,"Art and thought, issued in honour of Dr. Ananda K. Coomaraswamy on the occasion of his 70th birthday."
wu.89054773304,1947,1940,BK,uk,UNLABELED,1,000373033,"Richard Wilson, R.A., : the grand classic."
wu.89074772542,1948,1940,BK,uk,UNLABELED,1,005757014,Electrolytic polishing and bright plating of metals / by S. Wernick ; foreword by Ulick R. Evans.
wu.89083913780,1948,1940,BK,uk,UNLABELED,2,001044842,Quality control inindustry; methods and systems.
wu.89089677850,1949,1940,BK,uk,UNLABELED,1,005752650,"Gas turbines and their problems, by Hayne Constant ..."
wu.89089711212,1945,1940,BK,uk,UNLABELED,2,005695764,Electricity and magnetism; an introduction to the mathematical theory.
wu.89089717540,1949,1940,BK,uk,UNLABELED,1,005695639,The principles of electrodeposition (the electro-chemistry of electro-plating) by Samuel Field.
wu.89094748217,1940,1940,BK,uk,UNLABELED,1,005859672,"From war to war; a date book of the years between [by] Stephen Graham, with 9 illustrations."
wu.89095842613,1945,1940,BK,uk,UNLABELED,2,005907097,European victory.
wu.89096315460,1945,1940,BK,uk,UNLABELED,1,009628154,"The story of Ely and its cathedral, by Bernard E. Dorman."
wu.89097463301,1946,1940,BK,uk,UNLABELED,1,006853930,Constitution and rules of the Independent Labour Party.
wu.89097496921,1943,1940,BK,uk,UNLABELED,1,007282608,"Sensitive arc lines of 50 elements, including notes on the use of R.U. powder in spectroscopic analysis, by J.W. Ryde an"
wu.89098888688,1943,1940,BK,uk,UNLABELED,1,005797048,Teach yourself bee-keeping / by A. Norman Schofield.
coo.31924013062561,1941,1940,BK,us,AGRICULTURAL,1,009122348,Factors of parental assistance and cooperation affecting the establishment of sons in farming of other occupations; a st
coo.31924050717127,1947,1940,BK,us,AGRICULTURAL,1,009056138,"Practical cookery : and the etiquette and service of the table : a compilation of principles of cookery and recipes, wit"
coo.31924052154717,1944,1940,BK,us,AGRICULTURAL,1,009172323,[Miscellaneous bulletins on agriculture in Indiana]
uc1.b4124376,1947,1940,BK,us,AGRICULTURAL,1,006160577,"Manual of legal bibliography, by M. Ray Doubles, and Frances Farmer."
mdp.39015010713074,1946,1940,BK,us,CATALOG,1,000471485,Catalogue of the Egyptian sculpture in the Walters art gallery / by George Steindorff.
nyp.33433107378915,1949,1940,BK,us,CATALOG,1,103183437,Philip C. Duschnes book sale catalogs.
uiug.30112067278702,1946,1940,BK,us,CATALOG,1,103226858,"Current films for informal education, 1946; a catalogue of selected 16mm sound motion pictures."
mdp.39015015213609,1947,1940,BK,us,GENERAL_PERIODICAL,1,001458619,Metropolitan Opera annals.
mdp.39015022475878,1941,1940,BK,us,GENERAL_PERIODICAL,1,001013040,"American journalism : a history of newspapers in the United States through 250 years, 1690-1940 / by Frank Luther Mott."
mdp.39015062336659,1948,1940,BK,us,GENERAL_PERIODICAL,1,001010608,"The importance of Scrutiny; selections from Scrutiny: a quarterly review, 1932-1948 / Edited by Eric Bentley."
nnc2.ark:/13960/t7sn44q3f,1948,1940,BK,us,GENERAL_PERIODICAL,2,101789374,News from Indonesia : a weekly bulletin published by the Information Officer for Indonesia.
pst.000006205713,1949,1940,BK,us,GENERAL_PERIODICAL,1,007025442,Journal / edited by Bradford Torrey and Francis H. Allen ; with a foreword by Henry Seidel Canby.
mdp.39015086451914,1948,1940,BK,us,GOVDOC,2,009085468,"Conference in biology and medicine, October 16-18, 1947 / Edited and issued by Information and Publications Division, Br"
mdp.39015069851627,1946,1940,BK,us,JUVENILE,1,002163727,THE SITUATIONAL CORRELATES OF CHILDREN'S BEHAVIOR PROBLEMS.
hvd.32044031961139,1947,1940,BK,us,LEGAL,1,010439773,Memorandum on removal power of Congress with respect to the Supreme Court.
hvd.32044115918815,1946,1940,BK,us,LEGAL,1,102720172,"Community advisory service center for Connecticut veterans, a digest of state benefits."
mdp.39015004609841,1942,1940,BK,us,MEDICAL,1,001503495,Comparative vertebrate anatomy.
mdp.39015056309936,1941,1940,BK,us,MEDICAL,2,000431189,"A history of medical psychology / [by] Gregory Zilboorg, M.D., in collaboration with George W. Henry, M.D."
mdp.39015056631784,1943,1940,BK,us,MEDICAL,1,002013959,Comparative vertebrate anatomy / by Libbie Henrietta Hyman ...
mdp.39015064115622,1943,1940,BK,us,MEDICAL,1,005249540,Anatomical studies for physicians and surgeons.
mdp.39015064388385,1943,1940,BK,us,MEDICAL,1,001561365,Introduction to medical science / by Gulli Lindh Muller ... and Dorothy E. Dawes ...
mdp.39015069872656,1941,1940,BK,us,MEDICAL,1,002163337,THE ORGANIZATION AND ADMINISTRATION OF MEDICAL RELIEF FOR DEPENDENTS IN MICHIGAN.
mdp.39015074089734,1943,1940,BK,us,MEDICAL,1,001574659,"The origin, growth, and development of the Lucy Webb Hayes national training school, including Sibley memorial hospital."
mdp.39015023907242,1947,1940,BK,us,MILITARY,1,002029127,"Papers presented at Navy Research Conference, Washington, D.C., Nov. 18-19, 1947: Today's research will assure tomorrow'"
mdp.39015000134448,1945,1940,BK,us,REFERENCE,3,001141153,"Democracy in America / The Henry Reeve text as rev. by Francis Bowen, now further corr. and edited with a historical ess"
mdp.39015068258808,1943,1940,BK,us,REFERENCE,1,001574324,A handbook for nurse's aides / by Katherine Tucker Orbison ... With an introduction by Rufus Cole ... and a foreword by 
osu.32435052919370,1947,1940,BK,us,REFERENCE,1,102842093,Bibliography of references to the literature on the minor elements and their relation to plant and animal nutrition ; 1s
uc1.$b119457,1940,1940,BK,us,REFERENCE,1,001182804,Appleton's new English-Spanish and Spanish-English dictionary; containing more than six thousand modern words and twenty
uc1.$b288170,1943,1940,BK,us,REFERENCE,1,010104781,Handbooks.
uc1.$b53800,1949,1940,BK,us,REFERENCE,1,006574674,"Chamber's technical dictionary; comprising terms used in pure and applied science, medicine, the chief manufacturing ind"
uc1.$b610164,1942,1940,BK,us,REFERENCE,2,000972079,"Municipal accounting, principles and procedure, by Lloyd Morey ... and Orval W. Diehl ... Successor to Manual of municip"
uc1.31210016047217,1940,1940,BK,us,REFERENCE,1,100899526,"Dictionary of American history / James Truslow Adams, editor in chief ; R. V. Coleman, managing editor."
uiug.30112062109415,1947,1940,BK,us,REFERENCE,1,103248819,Writer's handbook of basic journalism.
umn.319510003929367,1949,1940,BK,us,REFERENCE,1,007474102,The grafter's handbook.
umn.31951d005858281,1947,1940,BK,us,REFERENCE,1,101694966,The Encyclopedia Americana.
wu.89059536417,1942,1940,BK,us,REFERENCE,1,001478262,"A laboratory manual of experiments in physics, by Leonard Rose Ingersoll ... and Miles Jay Martin ..."
wu.89083907014,1948,1940,BK,us,REFERENCE,1,005735610,"Chambers's technical dictionary, comprising terms used in pure and applied science, medicine, the chief manufacturing in"
inu.32000007316344,1949,1940,BK,us,RELIGIOUS,2,011808583,"Commentary on the Gospel according to John / by John Calvin ; a new translation, from the original Latin, by William Pri"
mdp.39015020673581,1946,1940,BK,us,RELIGIOUS,2,001934188,"The Russian religious mind; Kievan Christianity, the tenth to the thirteenth centuries."
nnc2.ark:/13960/t5cc5gx24,1946,1940,BK,us,RELIGIOUS,1,101788903,The churches of Europe face forward : reports from the reconstruction consultations at Presinge.
nyp.33433098430394,1942,1940,BK,us,RELIGIOUS,1,103223329,"The Christian and war : being ""The Word under the cross"" and God's unknown Church ... as revealed in the Holy Scriptures"
uc1.$b43069,1945,1940,BK,us,RELIGIOUS,2,001400028,Our roving Bible; tracking its influence through English and American life.
uc1.$b489940,1948,1940,BK,us,RELIGIOUS,1,007316885,The eucharistic controversy of the eleventh century against the  background of pre-scholastic theology.
umn.31951001869805y,1947,1940,BK,us,RELIGIOUS,1,008374596,A history of the church : an introductory study / by Philip Hughes.
umn.31951001939451i,1947,1940,BK,us,RELIGIOUS,1,100955461,The white list of the Society of St. Gregory of America : with a selection of papal documents and other information pert
uva.x000304389,1941,1940,BK,us,RELIGIOUS,1,102005655,"The record of Bruton parish church, by Rev. William Archer Rutherfoord Goodwin.  Edited, with revisions and additions, b"
uva.x002520584,1948,1940,BK,us,RELIGIOUS,1,101956852,"Religious wood-block prints of the Far East : an exhibition of Chinese, Korean and Japanese religious wood-block prints "
wu.89095167680,1946,1940,BK,us,RELIGIOUS,1,005786200,"The role of the Maronites in the return of the Oriental churches : in French / by Pierre Raphael. With his permission, t"
coo.31924000046338,1940,1940,BK,us,UNLABELED,1,009116323,"A behavior study of the common tern, Sterna hirundo Linnaeus."
coo.31924000072649,1944,1940,BK,us,UNLABELED,1,001509279,"Couriers of the sky; the story of pigeons, by Mary Graham Bonner."
coo.31924000229009,1949,1940,BK,us,UNLABELED,1,006797994,A better living from your soil [Edited by Jim Roe and William Raufer]
coo.31924000872824,1940,1940,BK,us,UNLABELED,1,009082042,A study of the factors that have affected the occupational status of certain young men in the Odessa area.
coo.31924001728355,1944,1940,BK,us,UNLABELED,1,009164921,The correspondence between Constantine Samuel Rafinesque and Thomas Jefferson.
coo.31924002302085,1949,1940,BK,us,UNLABELED,1,009871233,Impact of union-management relations on management's industrial relations policy: a study of the Erwin Cotton Mills Comp
coo.31924002660342,1940,1940,BK,us,UNLABELED,2,001665317,"Government agencies of consumer instalment credit,"
coo.31924002805863,1943,1940,BK,us,UNLABELED,1,009118292,An experimental investigation of the connections between the corpus striatum and substantia nigra in the cat.
coo.31924002816142,1942,1940,BK,us,UNLABELED,1,009118514,"The biology of certain mammals in Costilla County, Colorado, with especial reference to the prairie dog."
coo.31924003036245,1949,1940,BK,us,UNLABELED,1,009119227,A study of the possibilities of using pelleted lettuce seed for field plantings on muck soils.
coo.31924003514175,1946,1940,BK,us,UNLABELED,1,009121189,"A study of industrial food service practices with particular reference to the handling, cooking, and service of vegetabl"
coo.31924003595414,1945,1940,BK,us,UNLABELED,1,009059073,"Pastimes for the patient, by Marguerite Ickis, illustrated by Reba Selden Esh."
coo.31924004425512,1949,1940,BK,us,UNLABELED,1,010006213,A study of detergent solutions by light scattering.
coo.31924004432815,1943,1940,BK,us,UNLABELED,1,010006297,"Derivatives of benzothiazole ... by William Kirk, Jr."
coo.31924004975441,1943,1940,BK,us,UNLABELED,1,009223098,"The examination of waters and water supplies (Thresh, Beale & Suckling)"
coo.31924013020957,1945,1940,BK,us,UNLABELED,1,009122315,A proposed functional training program for elementary school teachers in Afghanistan.
coo.31924013064088,1948,1940,BK,us,UNLABELED,1,009122377,Special programs and activities that should be provided by the secondary schools serving rural areas in New York State.
coo.31924013698604,1947,1940,BK,us,UNLABELED,1,009122978,"Factors affecting profits on dairy farms in Madison County, New York, 1945-46."
coo.31924013811769,1941,1940,BK,us,UNLABELED,1,009076634,The cotton stamp plan.
coo.31924014099000,1948,1940,BK,us,UNLABELED,1,009062847,Understanding yourself.
coo.31924014450831,1947,1940,BK,us,UNLABELED,1,009089883,"The growing vocabulary; fun and adventure with words, by Archibald Hart and F. Arnold Lejeune."
coo.31924014524890,1948,1940,BK,us,UNLABELED,1,009078822,The home book of laughter.
coo.31924014540946,1941,1940,BK,us,UNLABELED,2,001309553,"Price problems in a defense economy, a collection of papers."
coo.31924052155268,1946,1940,BK,us,UNLABELED,1,009172403,[Miscellaneous pamphlets on commerce of the United States]
coo.31924057847703,1941,1940,BK,us,UNLABELED,1,009375943,The application of Fourier's series to the suspension bridge with a continuous stiffening truss.
coo.31924073870200,1940,1940,BK,us,UNLABELED,1,009169077,"Judging dairy cattle / text by Edwin S. Harrison ; photographs by Henry A. Strohmeyer, Jr., and John T. Carpenter, Jr."
cub.p101011703054,1947,1940,BK,us,UNLABELED,1,103145043,His day : a comedy in one act / by Meyer Hanson.
cub.p101011703077,1942,1940,BK,us,UNLABELED,1,103144975,Family reunion : a comedy in three acts / by Robert Ray.
cub.p201212503001,1948,1940,BK,us,UNLABELED,1,103146337,Sunnycove / Amelia Elizabeth Walden.
cub.u183021683708,1944,1940,BK,us,UNLABELED,1,103153216,Talk their language : advice to civilians who find the war is too depressing / by Millard Lampell.
hvd.32044031924244,1948,1940,BK,us,UNLABELED,1,102744156,"Can labor sit in the office? Sociological aspects of union-management cooperation, by Goetz A. Briefs."
hvd.hl48cm,1943,1940,BK,us,UNLABELED,1,102712523,"Indiana fuel use tax law (other than gasoline) 1943 / Richard T. James, Auditor of state, Administrator."
hvd.hnpg6g,1940,1940,BK,us,UNLABELED,1,102686922,Vanished star ...
hvd.hwxnr1,1942,1940,BK,us,UNLABELED,1,102711570,"Sonnets of the cross : and other sonnets of Thomas S. Jones, Jr. / edited with a memoir by John L. Foley."
iau.31858024122347,1946,1940,BK,us,UNLABELED,1,100922478,"Prelude to victory, a Masonic play, by Harry L. Baum ..."
iau.31858027162845,1943,1940,BK,us,UNLABELED,1,102883025,"A study of ""experimental neurosis"" in the rat by the conditioned response technique."
ien.35556008961377,1940,1940,BK,us,UNLABELED,1,010628701,Conqueror of the seas; the story of Magellan [by] Stefan Zweig.
ien.35556041703034,1949,1940,BK,us,UNLABELED,1,102193292,"Publications, South Carolina writers' project, WPA."
ien.35558000672309,1947,1940,BK,us,UNLABELED,1,010597452,DeLee's Obstetrics for nurses / by M. Edward Morris and Mabel C. Carmon.
inu.30000086848086,1948,1940,BK,us,UNLABELED,1,010573829,Economic and Social Council report of the International Health Conference : held in New York from 19 June to 22 July 194
inu.30000101559973,1942,1940,BK,us,UNLABELED,1,006058892,Star hunger / by Victoria Janda.
inu.30000114433919,1947,1940,BK,us,UNLABELED,1,010558365,Season time / by Bernard Walleck.
inu.30000115118972,1942,1940,BK,us,UNLABELED,1,008569997,Here and now : a collection of poems / by Ettore Rella.
inu.32000001824202,1941,1940,BK,us,UNLABELED,1,006070192,"Thirty-five years of educational pioneering; L. I. D. celebrates past achievements and asks ""Where do we go from here?"" "
inu.32000002467316,1945,1940,BK,us,UNLABELED,1,006071599,"The collegiate schools of business in American education, by A.L. Prickett ... with an introduction by Herluf V. Olsen."
inu.32000003281229,1949,1940,BK,us,UNLABELED,1,006041477,Pericles and Athens.
mdp.35128000315364,1941,1940,BK,us,UNLABELED,1,005312078,Principles of accounting / by Roy B. Kester.
mdp.39015000641541,1946,1940,BK,us,UNLABELED,3,000583003,Pavilion of women / by Pearl S. Buck.
mdp.39015000685951,1941,1940,BK,us,UNLABELED,1,001106702,"Economics of social security; the relation of the American program to consumption, savings, output and finance / [by] Se"
mdp.39015001145419,1947,1940,BK,us,UNLABELED,1,001013891,"Twentieth century plays, British, American, continental; eleven representative selections / edited by Richard A. Cordell"
mdp.39015001577017,1943,1940,BK,us,UNLABELED,1,001140991,Parliamentary privilege in the American colonies.
mdp.39015002091794,1949,1940,BK,us,UNLABELED,2,001042685,Introduction to chemical engineering thermodynamics / by J. M. Smith.
mdp.39015002125774,1948,1940,BK,us,UNLABELED,1,001514118,Symposium on load tests of bearing capacity of soils.
mdp.39015002272196,1948,1940,BK,us,UNLABELED,1,001063395,Spanish dancing / by La Meri [pseudonym].
mdp.39015002394990,1940,1940,BK,us,UNLABELED,2,000426821,"Problems of personality traits, with emphasis upon the problem of mutability, by Clarence H. Schettler."
mdp.39015002642190,1940,1940,BK,us,UNLABELED,1,000556177,Inside Europe; again completely rev.
mdp.39015002677600,1942,1940,BK,us,UNLABELED,1,000470619,MacArthur of Bataan / by Helen Nicolay.
mdp.39015002751215,1946,1940,BK,us,UNLABELED,1,001029298,In our town / illustrations by Garth Williams.
mdp.39015003294843,1947,1940,BK,us,UNLABELED,1,002163771,"SOME STUDIES OF THE SOLIDAGO GALL CAUSED BY EUROSTA SOLIDAGINIS, FITCH."
mdp.39015003647123,1944,1940,BK,us,UNLABELED,1,001117582,"Vitalizing liberal education, a study of the liberal arts program / by Algo D. Henderson ..."
mdp.39015003684811,1941,1940,BK,us,UNLABELED,2,000390228,"Summer never ends, a modern love story [by] Waldo Frank."
mdp.39015003737643,1943,1940,BK,us,UNLABELED,2,001406291,The Confessions of St. Augustine / translated by F.J. Sheed.
mdp.39015004281872,1943,1940,BK,us,UNLABELED,1,000464416,"The life of Johnny Reb, the common soldier of the Confederacy / by Bell Irvin Wiley."
mdp.39015004619642,1944,1940,BK,us,UNLABELED,2,007174501,Cloud and weather atlas / [by] Hugh Duncan Grant ; Foreword by James H. Kimball
mdp.39015005290443,1943,1940,BK,us,UNLABELED,2,000593831,Retreat with Stilwell / by Jack Belden.
mdp.39015005522431,1940,1940,BK,us,UNLABELED,2,001015762,"Aretino, scourge of princes [by] Thomas Caldecot Chubb."
mdp.39015005604007,1949,1940,BK,us,UNLABELED,2,000406004,George Washington.
mdp.39015005862597,1949,1940,BK,us,UNLABELED,3,001110363,History of early Russian literature / translated from the 2d Russian edition by Susan Wilbur Jones. Introduction by Gleb
mdp.39015005912020,1944,1940,BK,us,UNLABELED,2,001504065,Winter wheat in the Golden Belt of Kansas; a study in adaption to subhumid geographical environment.
mdp.39015005998474,1949,1940,BK,us,UNLABELED,2,001557004,The story of medicine / illus. by Erwin H. Austin.
mdp.39015006021045,1948,1940,BK,us,UNLABELED,3,000474183,"Diagrams of the unconscious; handwriting and personality in measurement, experiment and analysis."
mdp.39015006105863,1945,1940,BK,us,UNLABELED,3,001114561,Theory of X-ray diffraction in crystals / [by] William H. Zachariasen ...
mdp.39015006424041,1942,1940,BK,us,UNLABELED,4,000383111,"The science of mechanics, a critical and historical account of its development / by Dr. Ernest Mach, translated from the"
mdp.39015007369880,1947,1940,BK,us,UNLABELED,4,001510696,"Scientific management : comprising Shop management, The principles of scientific management and Testimony before the spe"
mdp.39015007885984,1944,1940,BK,us,UNLABELED,2,001456592,"Bohuslav Martinů, the man and his music."
mdp.39015007963070,1947,1940,BK,us,UNLABELED,1,003907791,The contrapuntal harmonic technique of the 18th century / by Allen Irvine McHose.
mdp.39015008146162,1945,1940,BK,us,UNLABELED,1,102815500,"World order: its intellectual and cultural foundations, a series of addresses / edited by F. Ernest Johnson ..."
mdp.39015008461009,1943,1940,BK,us,UNLABELED,1,001235722,"The Scandinavian countries, 1720-1865; the rise of the middle classes."
mdp.39015008568340,1947,1940,BK,us,UNLABELED,1,002078970,"Health, housing, and poverty in New York City, 1865-1898."
mdp.39015008615851,1944,1940,BK,us,UNLABELED,1,000977904,Parents can be people / by Dorothy W. Baruch.
mdp.39015008831052,1944,1940,BK,us,UNLABELED,3,001265194,Call it North country.
mdp.39015008958780,1940,1940,BK,us,UNLABELED,1,000005741,Fragments from my diary / [by] Maxim Gorki. Translated by Moura Budberg.
mdp.39015009328421,1942,1940,BK,us,UNLABELED,1,001628086,Spies.
mdp.39015010388133,1948,1940,BK,us,UNLABELED,2,000360839,Augustus Saint-Gaudens.
mdp.39015011225482,1942,1940,BK,us,UNLABELED,1,000367447,"Saint-Mémin in Virginia: portraits and biographies / by Fillmore Norfleet, illustrated with reproductions of fifty-six c"
mdp.39015013299477,1945,1940,BK,us,UNLABELED,1,000410305,About the Round table / by Margaret R. Scherer.
mdp.39015013667848,1946,1940,BK,us,UNLABELED,1,000112632,"This realm, this England ... The citadel of a valiant race portrayed by its greatest etchers / Introd. by Donald Moffat."
mdp.39015013934958,1949,1940,BK,us,UNLABELED,1,000433952,"The way west / A. B. Guthrie, Jr."
mdp.39015014337508,1942,1940,BK,us,UNLABELED,1,000850343,"Exhibition of modern British crafts / organised by the British Council, London."
mdp.39015014541034,1942,1940,BK,us,UNLABELED,2,000582718,The Lincoln lyrics ...
mdp.39015014629276,1947,1940,BK,us,UNLABELED,1,001744386,Street corner society; the social structure of an Italian slum / by William Foote Whyte.
mdp.39015014776697,1949,1940,BK,us,UNLABELED,1,001388326,Value : a cooperative inquiry / edited by Ray Lepley.
mdp.39015015347662,1948,1940,BK,us,UNLABELED,1,001901415,The southern country editor / by Thomas D. Clark.
mdp.39015016148747,1946,1940,BK,us,UNLABELED,1,000437745,The social systems of American ethnic groups / by W. Lloyd Warner and Leo Srole.
mdp.39015017012769,1943,1940,BK,us,UNLABELED,4,001946946,"The Negro's share; a study of income, consumption, housing, and public assistance / [by] Richard Sterner in collaboratio"
mdp.39015017419584,1946,1940,BK,us,UNLABELED,1,000617064,Nonlinear differentail equations of the Van der Pol type with a variety of periodic solutions / [by] Howard J. Eckweiler
mdp.39015019160681,1947,1940,BK,us,UNLABELED,1,001370845,Love and war in the Middle English romances.
mdp.39015020113380,1948,1940,BK,us,UNLABELED,3,002713631,"No retreat from reason, and other essays."
mdp.39015020217090,1946,1940,BK,us,UNLABELED,1,000536541,"Handbuch der Experimentalphysik unter Mitwirking von G. Angenheister, E. von Angerer, [u.a.]. Herausgegeben von W. Wien "
mdp.39015020812957,1942,1940,BK,us,UNLABELED,1,001415754,Pageant of the popes / by John Farrow.
mdp.39015023288890,1943,1940,BK,us,UNLABELED,5,001617678,Electronic control of resistance welding / by George M. Chute.
mdp.39015023536009,1945,1940,BK,us,UNLABELED,2,001046172,Antoine / by Antoine. Introduction by Lady Mendl.
mdp.39015024162052,1949,1940,BK,us,UNLABELED,1,003920279,"Relaxed embouchure method for saxophone, devised to improve tone, intonation, control, and uniform quality, for the high"
mdp.39015024385109,1940,1940,BK,us,UNLABELED,2,001600206,Czechoslovakia : twenty years of independence / chapters by Gerald Druce [and others] ; edited by Robert J. Kerner.
mdp.39015026098650,1940,1940,BK,us,UNLABELED,2,001510962,The development of industrial education in Michigan.
mdp.39015026104938,1940,1940,BK,us,UNLABELED,1,002163226,THE DISTRIBUTION OF THE FISHES OF ARKANSAS.
mdp.39015027743775,1941,1940,BK,us,UNLABELED,1,000464381,"William M. Evarts, lawyer, diplomat, statesman / by Chester L. Barrows."
mdp.39015027953101,1947,1940,BK,us,UNLABELED,1,002699600,"Bordeaux and the Gironde, 1789-1794."
mdp.39015028112053,1949,1940,BK,us,UNLABELED,2,000353095,The rise of cubism / tr. by Henry Aronson.
mdp.39015028138074,1941,1940,BK,us,UNLABELED,2,001176009,"Books, libraries and you."
mdp.39015029395400,1942,1940,BK,us,UNLABELED,2,001375708,Lot's wife / by Max Eastman.
mdp.39015030618816,1947,1940,BK,us,UNLABELED,1,000952379,Monetary policies and full employment.
mdp.39015030750031,1945,1940,BK,us,UNLABELED,1,000483481,The Robert B. Adam Library relating to Dr. Samuel Johnson and his era; a brief study.
mdp.39015030831658,1945,1940,BK,us,UNLABELED,2,001144236,California government.
mdp.39015031298105,1947,1940,BK,us,UNLABELED,1,001910409,Paradise regained : the tradition and the poem / by Elizabeth Marie Pope.
mdp.39015031366068,1945,1940,BK,us,UNLABELED,1,000804435,Letters from the desert / by Moshe Mosenson ; translated from the Hebrew by Hilda Auerbach ; edited with an introduction
mdp.39015031936985,1940,1940,BK,us,UNLABELED,1,000491614,"Last speech by the Matquess of Lothian, British ambassador to the United States."
mdp.39015035909491,1948,1940,BK,us,UNLABELED,2,001593562,The Disciples of Christ : a history / by Winfred Ernest Garrison and Alfred T. De Groot.
mdp.39015039779460,1940,1940,BK,us,UNLABELED,1,000809996,Europe in the spring.
mdp.39015040189766,1941,1940,BK,us,UNLABELED,1,003314577,The technique of modern harmony; a laboratory plan for advanced study.
mdp.39015040350004,1945,1940,BK,us,UNLABELED,1,003203442,Proposed new library for Wilberforce University / Charlotte West Lytle.
mdp.39015042099260,1947,1940,BK,us,UNLABELED,1,003443539,Mrs. Candy and Saturday night.
mdp.39015050992885,1949,1940,BK,us,UNLABELED,1,001281040,Adolescent development.
mdp.39015053242957,1940,1940,BK,us,UNLABELED,2,001383695,The aesthetic theory of Thomas Hobbes : with special reference to his contribution to the psychological approach in Engl
mdp.39015053254283,1944,1940,BK,us,UNLABELED,4,001004152,"From Shakespeare to Joyce; authors and critics; literature and life, by Elmer Edgar Stoll."
mdp.39015056672895,1941,1940,BK,us,UNLABELED,1,000593408,"The first great air battle in history, the battle of Britain, an Air ministry record of the great days from August 8th t"
mdp.39015056893160,1943,1940,BK,us,UNLABELED,1,003854397,Textbook of quantitative inorganic analysis / I.M. Kolthoff and E.B. Sandell.
mdp.39015059762768,1946,1940,BK,us,UNLABELED,1,001572544,Actions and uses of drugs; a textbook for nurses / by Windsor C. Cutting ...
mdp.39015059788235,1948,1940,BK,us,UNLABELED,1,001509876,Activities for summer camps.
mdp.39015062213536,1949,1940,BK,us,UNLABELED,2,001067711,An introduction to teaching in secondary schools / Lester B. Sands.
mdp.39015062276301,1946,1940,BK,us,UNLABELED,1,000337562,Color and conscience : the irrepressible conflict / by Buell G. Gallagher.
mdp.39015063458601,1942,1940,BK,us,UNLABELED,1,001638376,Adaptive modifications for tree-trunk foraging in birds / by Frank Richardson.
mdp.39015063559937,1944,1940,BK,us,UNLABELED,2,000280416,"Grandmother and the comet, an insubstantial pageant by Victoria Lincoln ..."
mdp.39015064378030,1941,1940,BK,us,UNLABELED,1,001617523,Factory installation work.
mdp.39015064571899,1945,1940,BK,us,UNLABELED,2,001559598,Forget your age.
mdp.39015065510334,1947,1940,BK,us,UNLABELED,2,000387110,Introduction to theoretical gas dynamics / Tr. by Freeman K. Hill and Ralph A. Alpher.
mdp.39015066408900,1941,1940,BK,us,UNLABELED,2,001984843,A history of magic and experimental science ... / by Lynn Thorndike ...
mdp.39015066961452,1940,1940,BK,us,UNLABELED,1,001503529,An experimental study of the factors involved in the establishment of neuromuscular connections ...
mdp.39015068186249,1944,1940,BK,us,UNLABELED,1,001527300,A design for general education for members of the armed forces.
mdp.39015069273368,1945,1940,BK,us,UNLABELED,1,001347808,Messages and addresses.
mdp.39015069450917,1940,1940,BK,us,UNLABELED,1,001581685,General information and Illinois laws relating to the public health / compiled by Claude Wm. Chamberlain.
mdp.39015069840190,1942,1940,BK,us,UNLABELED,1,002163415,SOME CHEMICAL DIFFERENCES BETWEEN ARTIFICIALLY PRODUCED PARTHENOCARPIC FRUITS AND NORMAL SEEDED FRUITS OF TOMATOES AND P
mdp.39015069840489,1942,1940,BK,us,UNLABELED,1,002163378,AN INVESTIGATION OF THE CEPHEID VARIABLE STARS IN THE SCUTUM CLOUD.
mdp.39015069871542,1940,1940,BK,us,UNLABELED,1,002141936,THE PEOPLING OF THE MIDDLE WILLAMETTE VALLEY.
mdp.39015069872672,1941,1940,BK,us,UNLABELED,1,002163347,ECONOMIC STABILIZATION BY MEANS OF PUBLIC WORKS: A HISTORICAL VIEW.
mdp.39015069873027,1940,1940,BK,us,UNLABELED,1,002163168,THE STRUCTURE OF SOME PYRIDINE DERIVATIVES.
mdp.39015069909060,1944,1940,BK,us,UNLABELED,2,000417167,The Hitleriad [by] A.M. Klein.
mdp.39015071106739,1944,1940,BK,us,UNLABELED,1,003306394,"Exhibits related to returning veterans. May 26, 1944."
mdp.39015071202199,1947,1940,BK,us,UNLABELED,1,003109155,Sweat en tears / by John Lieuwen.
mdp.39015071209947,1946,1940,BK,us,UNLABELED,1,003243857,"Golden jubilee program : May 29th to June 9th ; Detroit, 1796-1946 ; Automobile, 1896-1946."
mdp.39015071539905,1945,1940,BK,us,UNLABELED,1,003138635,On the job : Chevrolet volume production for the nation's needs in peace and war.
mdp.39015071576832,1945,1940,BK,us,UNLABELED,1,003290666,"A nation of might, containing ""O-Wash-Ta-Nong saga,"" and other poems / by Charles Dale Winslow; twenty-four illustration"
mdp.39015071607068,1944,1940,BK,us,UNLABELED,1,003310451,Synthetic mydriatics III... / by Harold M. Kaplan...
mdp.39015071609932,1946,1940,BK,us,UNLABELED,1,003310564,Liquid carry over in a horizontal tube evaporator / by H.E. O'Connell and E.S. Pettyjohn.
mdp.39015071612902,1942,1940,BK,us,UNLABELED,1,002163389,A study of complex oxalatostannates and dioxalatothiometastannates.
mdp.39015071673904,1940,1940,BK,us,UNLABELED,2,001554260,Some effects of artificial illumination on reproduction in the white-footed mouse.
mdp.39015072117388,1947,1940,BK,us,UNLABELED,1,000974158,A sociometric study among a selected group of students in nursing.
mdp.39015073059811,1946,1940,BK,us,UNLABELED,2,001653327,"Eclipse of the rising sun / by Richard Hart, with a statement by Owen Lattimore."
mdp.39015073063268,1942,1940,BK,us,UNLABELED,3,001653304,"Germany at war, : twenty key questions and answers / by Joseph C. Harsch, with sixteen illustrations."
mdp.39015076471385,1941,1940,BK,us,UNLABELED,1,001734672,"What policy education? The Conference on public policy in education, Harvard summer school, 1941. A report of the confer"
mdp.39015078081026,1948,1940,BK,us,UNLABELED,1,001161932,Book publishing in Soviet Russia; : an official survey based upon the data of the All-Union Book Department. / Tr. by He
mdp.39015078115972,1947,1940,BK,us,UNLABELED,3,001306549,Descriptive and sampling statistics.
mdp.39015078669127,1943,1940,BK,us,UNLABELED,2,001010614,The critical works of John Dennis / edited by Edward Niles Hooker.
mdp.39015079798941,1944,1940,BK,us,UNLABELED,3,001119708,A functional approach to family case work.
mdp.39015081239934,1949,1940,BK,us,UNLABELED,3,001324731,The consumer interest.
mdp.39015081999875,1949,1940,BK,us,UNLABELED,1,002142117,BRANCH POINTS OF SOLUTIONS OF EQUATIONS IN BANACH SPACE.
mdp.39015082553440,1943,1940,BK,us,UNLABELED,3,001490548,The biotic provinces of North America / by Lee R. Dice.
mdp.39076002201684,1941,1940,BK,us,UNLABELED,1,009925784,Raspberry patch / by Grace Paull.
mdp.39076005949404,1949,1940,BK,us,UNLABELED,1,009911581,"Internationalism and democracy. Essays: personal, historical, and political, in memory of Charles E. Payne / Contributed"
mdp.49015000224650,1941,1940,BK,us,UNLABELED,1,004404217,The Greek political experience / studies in honor of William Kelly Prentice.
mdp.49015000490319,1948,1940,BK,us,UNLABELED,1,004431084,"The lion and the rose, poems."
mdp.49015000725623,1947,1940,BK,us,UNLABELED,1,002047671,"The ""courtisane"" in the French theatre from Hugo to Becque (1831-1885)"
mdp.49015000831280,1940,1940,BK,us,UNLABELED,1,004465355,Shelley.
mdp.49015001280222,1946,1940,BK,us,UNLABELED,1,004511146,U.S.A. : The 42nd parallel ; Nineteen Nineteen ; The big money / by John Dos Passos.
mdp.49015002065077,1944,1940,BK,us,UNLABELED,1,004498745,The economics of the Pacific coast petroleum industry / by Joe S. Bain.
nnc2.ark:/13960/t3wt18f2f,1941,1940,BK,us,UNLABELED,1,100855882,"War comes to the U.S.--Dec. 7, 1941; the first 30 hours as reported to the Time-Life-Fortune news bureau from the U.S. a"
nyp.33433005924950,1940,1940,BK,us,UNLABELED,1,103218623,"First report of the New York State Commission on Extension of the Civil Service. Submitted March 15, 1940."
nyp.33433012389098,1943,1940,BK,us,UNLABELED,1,103031399,Flying aptitude and ability in dance and sports; the relation of scores on certain flying aptitude tests and in a rhythm
nyp.33433045288358,1945,1940,BK,us,UNLABELED,1,102785632,Learning to cruise.
nyp.33433089985604,1947,1940,BK,us,UNLABELED,1,103223305,Scientific therapy.
nyp.33433090697248,1942,1940,BK,us,UNLABELED,1,103059174,Freehand and perspective drawing ...
nyp.33433105046316,1949,1940,BK,us,UNLABELED,2,009113326,"Adventures in stitches, a new art of embroidery; photos. by R. B. Allison."
osu.32435000362178,1944,1940,BK,us,UNLABELED,1,103179402,"Helping children grow through rhythms, rest and recreation / Compiled from past issues of childhood education by the Ass"
osu.32435002891828,1941,1940,BK,us,UNLABELED,1,101668660,Seeing is believing.
osu.32435003707270,1946,1940,BK,us,UNLABELED,1,103179770,Gather ye rosebuds / by Jeannette Covert Nolan.
osu.32435006842272,1944,1940,BK,us,UNLABELED,1,101667284,"""We will join hands with Russia"" on Polish-Soviet relations / Oscar Lange ... [et al.]"
osu.32435020233201,1946,1940,BK,us,UNLABELED,1,100820888,"Spoken Serbo-Croatian, basic course ... by Carleton Hodge."
osu.32435024244196,1949,1940,BK,us,UNLABELED,1,100821835,Materials for checking up on sales trends and other operating resultsin Ohio ... stores.
osu.32435025158452,1947,1940,BK,us,UNLABELED,1,100875645,Rules of procedure.
osu.32435031255870,1946,1940,BK,us,UNLABELED,1,100822743,1942 Industrial progress award program.
osu.32435055406938,1949,1940,BK,us,UNLABELED,1,101672609,The darker brother /p by Bucklin Moon.
osu.32435062054192,1944,1940,BK,us,UNLABELED,1,001631329,Social security; an analysis of the Wagner-Murray bill / by Earl E. Muntz.
osu.32435062179445,1947,1940,BK,us,UNLABELED,1,100823921,State regulation of alcoholic beverages; constitutional provisions and state summaries.
osu.32435071407530,1941,1940,BK,us,UNLABELED,1,001683117,A study of flow phenomena in the wake of smokestacks.
osu.32435071733539,1947,1940,BK,us,UNLABELED,1,102770530,The European recovery program; a summary of reports by the Committee of European Economic Cooperation on needs and plans
osu.32435071733570,1944,1940,BK,us,UNLABELED,1,102635454,"China today, by Harold S. Quigley. Chinese-American collaboration and economic development in China, by Chang Kia-ngau. "
osu.32435077767028,1946,1940,BK,us,UNLABELED,1,100715116,Insulation / prepared by J.T. Lendrum ... [et al.] ; issued by the Small Homes Council.
pst.000001630947,1949,1940,BK,us,UNLABELED,1,007521191,"The theory of economic development : an inquiry into profits, capital, credit, interest, and the business cycle / by Jos"
pst.000019147710,1948,1940,BK,us,UNLABELED,2,005786673,"The biography of a mind : Bosworth of Oberlin, his principles and practice of religion, and those associated areas of hi"
pst.000021912436,1948,1940,BK,us,UNLABELED,1,007067263,"A treasury of science fiction / edited, with an introd. by Groff Conklin ; foreword by R. Scott Latham."
pst.000024880510,1941,1940,BK,us,UNLABELED,1,009444065,The secret museum of mankind.
pst.000025846355,1943,1940,BK,us,UNLABELED,1,012269559,The persistence of the westward movement : and other essays. / With an introd. by Dan Elbert Clark.
pst.000063451979,1947,1940,BK,us,UNLABELED,3,006151219,The trial of Sören Qvist.
rul.39030008700991,1948,1940,BK,us,UNLABELED,1,001131751,"Development of public assistance programs in Wisconsin and their administration, 1848-1948."
rul.39030039498755,1945,1940,BK,us,UNLABELED,1,102965785,"Life and letters of Horace Wells, discoverer of anasthesia : chronologically arranged with an appendix."
rul.39030044258517,1942,1940,BK,us,UNLABELED,1,002496952,The native tribes of eastern Bolivia and western Matto Grosso / By Alfred Métraux.
txu.059172011925113,1942,1940,BK,us,UNLABELED,1,101231411,"Latin America, a descriptive survey by William Lytle Schurz with endpaper map."
txu.059173018242219,1948,1940,BK,us,UNLABELED,1,101592302,"Other young Americans, Latin America's young people. Illus. with photos."
txu.059173018346214,1946,1940,BK,us,UNLABELED,1,101035407,Mazateco house building [by] George M. Cowan.
txu.059173024338731,1941,1940,BK,us,UNLABELED,3,001670380,An edition of Triunfo de los santos with a consideration of Jesuit school plays in Mexico before 1650 [by] Harvey Leroy 
uc1.$b104349,1945,1940,BK,us,UNLABELED,1,006602913,"Home in the West, an inquiry into my origins."
uc1.$b106723,1947,1940,BK,us,UNLABELED,2,001040651,The coming age of rocket power.
uc1.$b111223,1948,1940,BK,us,UNLABELED,1,006606761,With lotions of love / by Joseph P. Kamp.
uc1.$b112088,1941,1940,BK,us,UNLABELED,1,006607213,Underpath : and other poems / by Ruth Hutchinson.
uc1.$b151688,1944,1940,BK,us,UNLABELED,1,006631772,"Conduct yourself accordingly, [by] Margaret Culkin Banning, in collaboration with Mabel Louise Culkin."
uc1.$b163292,1942,1940,BK,us,UNLABELED,1,006639656,"Morning rise, and other poems [by] Lincoln Fitzell."
uc1.$b23814,1948,1940,BK,us,UNLABELED,1,006557993,"Personal character and cultural milieu, a collection of readings."
uc1.$b25557,1941,1940,BK,us,UNLABELED,1,006559009,Virgin water; thirty five years in quest of the squaretail trout by Leighton Brewer; photographs by Helen H. Brewer.
uc1.$b261717,1943,1940,BK,us,UNLABELED,1,006509765,"Salute me! The dilemmas of a second lieutenant, by Lieutenant George Bristol."
uc1.$b27577,1940,1940,BK,us,UNLABELED,1,006559947,No final breath; a book of verse by Grace Buchanan Sherwood.
uc1.$b323526,1946,1940,BK,us,UNLABELED,1,006548369,"Georgia boy, and other stories."
uc1.$b38793,1940,1940,BK,us,UNLABELED,1,006566698,"Introduction to sales management, by Harry R. Tosdal."
uc1.$b39343,1940,1940,BK,us,UNLABELED,2,000958965,The reply to Mexico.
uc1.$b43438,1949,1940,BK,us,UNLABELED,1,001401743,The structure and philosophy of the curriculum of the conservative congregational Hebrew school.
uc1.$b469273,1945,1940,BK,us,UNLABELED,1,009007967,"Turn of the tide, by Leo Walmsley."
uc1.$b471596,1948,1940,BK,us,UNLABELED,2,003047114,Smile please.
uc1.$b518741,1949,1940,BK,us,UNLABELED,1,006084697,The magic of Rezvani / by Maurice Sardina ; translated from the French by Dariel Fitzkee.
uc1.$b52404,1946,1940,BK,us,UNLABELED,3,001417984,"Rungli-Rungliot means in Paharia, Thus far and no further / by Rumer Godden, with drawings by Tontyn Hopman."
uc1.$b528562,1944,1940,BK,us,UNLABELED,2,003857452,"Peoples of the USSR, by Anna Louise Strong ..."
uc1.$b550430,1940,1940,BK,us,UNLABELED,1,008861604,"Softball, by Arthur T. Noren."
uc1.$b556982,1943,1940,BK,us,UNLABELED,2,001172359,The literature of sea travel since the introduction of steam.
uc1.$b589835,1944,1940,BK,us,UNLABELED,2,001154181,Peace through law / by Hans Kelsen.
uc1.$b59623,1943,1940,BK,us,UNLABELED,1,006577704,Modern-school geometry / by John R. Clark and Rolland R. Smith with the cooperation of Raleigh Schorling ; with aeronaut
uc1.$b624499,1941,1940,BK,us,UNLABELED,1,008547135,"Delta α, ? [superscript] butenolides and a suggested revision of the structure of the digitalis-strophanthus cardiac agl"
uc1.$b66713,1940,1940,BK,us,UNLABELED,1,006581896,"Irritability and nervous gestures among teachers in two types of classroom situations, by Joseph Rechetnick..."
uc1.$b684551,1949,1940,BK,us,UNLABELED,3,001255026,American-Russian relations in the Far East. By Pauline Tompkins.
uc1.$b691336,1940,1940,BK,us,UNLABELED,2,001127620,"Investment policies as a factor in the Chicago bank suspensions, 1929-33."
uc1.$b696720,1946,1940,BK,us,UNLABELED,2,009845718,Joy.
uc1.$b76215,1942,1940,BK,us,UNLABELED,1,006587120,Zinc yellow in the inhibition of corrosion-fatigue of steel in sodium chloride solution ... by George T. Paul.
uc1.$b90317,1947,1940,BK,us,UNLABELED,2,001892899,An approach to management.
uc1.$c194324,1942,1940,BK,us,UNLABELED,1,103062544,"Teorii︠a︡ i opyt voĭny = Theory and practice of war : reading exercises in Russian / edited by Charles Malamuth.,Теория"
uc1.31210003211495,1943,1940,BK,us,UNLABELED,1,100899389,"Angel of the Andes; the story of Saint Rose of Lima,"
uc1.31210024998815,1947,1940,BK,us,UNLABELED,1,102284042,What price reclamation?
uc1.31822001188531,1941,1940,BK,us,UNLABELED,1,009205445,"Aeronautics; an authoritative work dealing with the theory and practice of flying. General editor, Don Ryan Mockler; adv"
uc1.31822010956142,1942,1940,BK,us,UNLABELED,1,007242753,The South Seas in the modern world. With a foreword by J. B. Condliffe
uc1.31822010967933,1942,1940,BK,us,UNLABELED,1,007159268,Source beds of petroleum : report of investigation supported jointly by the American Petroleum Institute and the Geologi
uc1.31822012977971,1944,1940,BK,us,UNLABELED,2,001626316,"Results of the Fifth George Vanderbilt expedition (1941) (Bahamas, Caribbean sea, Panama, Galápagos archipelago and Mexi"
uc1.31822013892674,1941,1940,BK,us,UNLABELED,1,001490477,Under the sea-wind; a naturalist's picture of ocean life
uc1.31822028307502,1942,1940,BK,us,UNLABELED,1,001667154,Paleontology and geology
uc1.31822028408862,1942,1940,BK,us,UNLABELED,2,001041212,"Ore deposits as related to structural features, prepared under the direction of the Committee on processes of ore deposi"
uc1.31822035089382,1949,1940,BK,us,UNLABELED,1,004613481,Preparing foods with Reynolds Wrap pure aluminum foil
uc1.32106000787983,1941,1940,BK,us,UNLABELED,1,001677925,The prediction of personal adjustment.
uc1.32106001190187,1943,1940,BK,us,UNLABELED,1,001658411,Studies in the history of the English feudal barony / by Sidney Painter.
uc1.32106002094289,1946,1940,BK,us,UNLABELED,1,007121122,"Past all dishonor,"
uc1.32106010458617,1949,1940,BK,us,UNLABELED,1,001246859,"The Jews, their history, culture, and religion / edited by Louis Finkelstein."
uc1.32106010714548,1940,1940,BK,us,UNLABELED,1,007109947,"Paradise lost / by John Milton ; with the illustrations by William Blake printed in color for the first time, and with p"
uc1.b3239935,1940,1940,BK,us,UNLABELED,3,001280314,Psychology in education / by Herbert Sorenson ...
uc1.b3263146,1944,1940,BK,us,UNLABELED,3,000372398,"Germany and Europe, a spiritual dissension by Benedetto Croce / translated and with an introduction by Vincent Sheean."
uc1.b3271300,1941,1940,BK,us,UNLABELED,1,010049886,"The Mysterious science of the law : an essay on Blackstone's Commentaries, showing how Blackstone, employing eighteenth-"
uc1.b3276058,1942,1940,BK,us,UNLABELED,1,001312553,An economic survey of the Pacific area.
uc1.b3286577,1949,1940,BK,us,UNLABELED,1,000004227,"Lincoln's Vandalia, a pioneer portrait; illus. by Romaine Proctor."
uc1.b3296188,1940,1940,BK,us,UNLABELED,1,010051218,"The peopling of the Middle Willamette Valley, Oregon."
uc1.b3323372,1940,1940,BK,us,UNLABELED,1,000840619,Across the busy years; recollections and reflections ... by Nicholas Murray Butler.
uc1.b3340090,1941,1940,BK,us,UNLABELED,1,007917182,Gargantua's mouth / by Royal Murdoch.
uc1.b3345805,1946,1940,BK,us,UNLABELED,1,007925770,XII poems.
uc1.b3346105,1945,1940,BK,us,UNLABELED,1,007925867,The brick foxhole.
uc1.b3371962,1948,1940,BK,us,UNLABELED,1,010054608,The inside story of the Pendergast machine by the man who smashed it.
uc1.b3489238,1942,1940,BK,us,UNLABELED,3,000490865,American unity and Asia / [by] Pearl S. Buck.
uc1.b3639729,1945,1940,BK,us,UNLABELED,2,001433483,"The free state, some considerations on its practical value / by D.W. Brogan."
uc1.b3688007,1942,1940,BK,us,UNLABELED,1,006700679,"Uncle Harry, a play in three acts, by Thomas Job."
uc1.b3710778,1941,1940,BK,us,UNLABELED,1,006702639,These I like best.
uc1.b3727079,1941,1940,BK,us,UNLABELED,2,001373980,"Benedict Arnold, a drama in heroic couplets / by Richard L. Stokes."
uc1.b3729062,1944,1940,BK,us,UNLABELED,1,001479002,"Quantum chemistry. By Henry Eyring, John Walter, George E. Kimball."
uc1.b3843951,1946,1940,BK,us,UNLABELED,1,001580717,Aging successfully ...
uc1.b4023742,1940,1940,BK,us,UNLABELED,1,009657538,The Kashmirian Atharva Veda books nineteen and twenty. Edited with critical notes by LeRoy Carr Barret.
uc1.b4100705,1940,1940,BK,us,UNLABELED,2,002573118,"Political self-portrait, 1919-1939 / by John Wheelwright."
uc1.b4101929,1945,1940,BK,us,UNLABELED,1,006154808,Necessary Nellie; story and pictures by Charlotte Baker.
uc1.b4102056,1946,1940,BK,us,UNLABELED,2,000628205,"The portable Mark Twain, edited by Bernard De Voto."
uc1.b4105601,1947,1940,BK,us,UNLABELED,3,001024581,Robert Louis Stevenson / by David Daiches.
uc1.b4147511,1948,1940,BK,us,UNLABELED,2,006167431,"Fighting frontiersman, the life of Daniel Boone.  Based on ""Daniel Boone, master of the wilderness."" Illus. by Edward Sh"
uc1.b4210312,1943,1940,BK,us,UNLABELED,1,001575564,Albion O. Bernstein memorial volume. Albion O. Bernstein memorial fund.
uc1.b4231373,1945,1940,BK,us,UNLABELED,1,001047170,Armament and history; a study of the influence of armament on history from the dawn of classical warfare to the second W
uc1.b4273506,1946,1940,BK,us,UNLABELED,1,006208345,"Commercial broadcasting pioneer; The WEAF experiment, 1922-1926, by William Peck Banning ..."
uc1.b4305448,1947,1940,BK,us,UNLABELED,1,000247294,Creative and mental growth; a textbook on art education.
uc1.b4363369,1949,1940,BK,us,UNLABELED,2,001228045,"Short stories / [by] Oless Gonchar. [Translated from the Russian by V. Shneerson, edited by J. Gibbons]."
uc1.b4378509,1946,1940,BK,us,UNLABELED,1,006229455,More stories of famous operas / by Ernest Newman.
uc1.b4389893,1943,1940,BK,us,UNLABELED,3,001106720,"England's road to social security, from the Statute of laborers in 1349 to the Beveridge report of 1942 / by Karl de Sch"
uc1.b4400367,1948,1940,BK,us,UNLABELED,1,001584869,Headache and other head pain.
uc1.b4432683,1947,1940,BK,us,UNLABELED,3,000465248,The angry decade.
uc1.b4432694,1948,1940,BK,us,UNLABELED,2,000776596,Being an American. [Speeches]
uc1.b4478696,1948,1940,BK,us,UNLABELED,1,001580528,General endocrinology.
uc1.b4505187,1949,1940,BK,us,UNLABELED,2,002440381,The principles of aesthetics.
uc1.b4577147,1941,1940,BK,us,UNLABELED,1,006274580,Pamphlets on unemployment relief measures.
uc1.b4583325,1946,1940,BK,us,UNLABELED,2,005783610,"Thinking and destiny : with a brief account of the descent of man into this human world, and, how he will return to the "
uc1.b4587384,1946,1940,BK,us,UNLABELED,1,001385934,"Religion of a scientist; selections from Gustav Th. Fechner, edited & translated by Walter Lowrie."
uc1.b4877963,1949,1940,BK,us,UNLABELED,1,009496266,The road to the city : two novelettes / translated from the Italian by Frances Frenaye.
uc1.b5036480,1946,1940,BK,us,UNLABELED,2,001554186,Patterns of mammalian reproduction / [by] S.A. Asdell ...
uc1.c077821373,1947,1940,BK,us,UNLABELED,1,102439714,"The ladies' Browning circle meets, a comedy in one act for twelve women, by Enid Crawford Pierce ..."
uc1.c099050513,1948,1940,BK,us,UNLABELED,1,102439854,Memorandum Second bay crossing / Bryant Hall
uc1.c2874790,1942,1940,BK,us,UNLABELED,1,100649408,Translocation in plants : with special reference to the mechanism of phloem transport as indicated by studies on phloem 
uc1.c2876398,1940,1940,BK,us,UNLABELED,1,100649504,"Proudhon, Gesell and Keynes : an investigation of some ""anti-Marxian socialist"" antecedents of Keynes' General theory of"
uc1.c2908027,1943,1940,BK,us,UNLABELED,1,100650327,The clothing industry in California / by Barbara Ingham Keane.
uc1.c2925030,1943,1940,BK,us,UNLABELED,1,100651456,Anglo-French relations during the Spanish civil war / by John Francis Scudder.
uc1.c3515120,1949,1940,BK,us,UNLABELED,1,100970796,Origin and development of Fresno State College / by Eugenia Rowland.
uc2.ark:/13960/t11n89k3r,1949,1940,BK,us,UNLABELED,1,001308714,The structure of social action; a study in social theory with special reference to a group of recent European writers.
ucbk.ark:/28722/h2f47hc7q,1949,1940,BK,us,UNLABELED,1,103004068,"Reissner anniversary volume ; contributions to applied mechanics, ed. by the staff of the Dept. of Aeronautical Engineer"
ufl.31262031972770,1945,1940,BK,us,UNLABELED,1,103292177,Economic value of the Negro to the South;
ufl.31262046895420,1947,1940,BK,us,UNLABELED,1,103292505,"The Palestine problem : report on the work of the Nation Associates at the United Nations, April-May 1947."
ufl.31262054258651,1947,1940,BK,us,UNLABELED,1,103211494,"The growth of Old Testament religion : School of Religion, Butler University : 1946-47 lectureship / Robert Henry Pfeiff"
ufl.31262071138563,1947,1940,BK,us,UNLABELED,1,103211252,The history of the Everglades of Florida.
ufl1.ark:/13960/t7cr6bh39,1943,1940,BK,us,UNLABELED,1,012115533,Kinetics of the liquid phase thermal isomerization of alpha-pinene. / Robert Eugene Fuguitt.
uiuc.1198725,1947,1940,BK,us,UNLABELED,2,000264078,Communitas : means of livelihood and ways of life / by Percival Goodman and Paul Goodman.
uiuc.5361924,1945,1940,BK,us,UNLABELED,1,100912757,"Argentina, summary of biostatistics Maps and charts, population, natality and mortality statistics / Prepared by U.S. De"
uiug.30112003265789,1949,1940,BK,us,UNLABELED,1,102290411,"Falcons of France, a tale of youth and the air, by Charles Nordhoff and James Norman Hall."
uiug.30112008049543,1949,1940,BK,us,UNLABELED,3,005832605,Communication circuits [by] Lawrence A. Ware [and] Henry R. Reed.
uiug.30112011834758,1942,1940,BK,us,UNLABELED,1,102948214,The human mind.
uiug.30112014412073,1946,1940,BK,us,UNLABELED,1,102273520,"Music fun : a text-activity book / by Grace Reever and Marion Kurtz, illustrated by Elaine Ends."
uiug.30112037606529,1942,1940,BK,us,UNLABELED,2,102628166,"Saga of the CCC, by John D. Guthrie."
uiug.30112038238876,1946,1940,BK,us,UNLABELED,1,102393785,"Friends, neighbors, kinfolks / Luther Patrick."
uiug.30112041580405,1944,1940,BK,us,UNLABELED,1,101716726,A uniform for mom.
uiug.30112044933718,1942,1940,BK,us,UNLABELED,2,102183964,"Health and world organization, by Frank G. Boudreau."
uiug.30112045790216,1946,1940,BK,us,UNLABELED,1,102292893,"A dog's life, a farce in one act for 12 women ..."
uiug.30112056461616,1944,1940,BK,us,UNLABELED,1,102225672,"Two addresses on - Education and the people's peace, presented before the 1944 regional conferences of the American asso"
uiug.30112060724330,1941,1940,BK,us,UNLABELED,1,101698346,The university library building.
uiug.30112061233901,1946,1940,BK,us,UNLABELED,1,101698768,"Twenty cases on the Constitution for an introductory course in American government, edited with introductory notes by C."
uiug.30112063664525,1948,1940,BK,us,UNLABELED,2,102294568,The tax credit.
uiug.30112064249805,1947,1940,BK,us,UNLABELED,1,102294647,Developing new interests and hobbies.
uiug.30112066955144,1941,1940,BK,us,UNLABELED,1,102316399,Social studies: a tentative course of study for the fourth grade.
uiug.30112069140074,1944,1940,BK,us,UNLABELED,1,102923314,"Physical medicine; the employment of physical agents for diagnosis and therapy, by Frank H. Krusen ... with 351 illustra"
uiug.30112069858949,1943,1940,BK,us,UNLABELED,1,102905630,"Course of study, state of Oregon high schools : health / edited by Joy Hills, State Dept. of Education."
uiug.30112072851824,1947,1940,BK,us,UNLABELED,1,103005885,A taxonomic study of the species of Asclepiadaceae in Illinois.
uiug.30112088517880,1943,1940,BK,us,UNLABELED,1,102296795,A guide to physical fitness; start today! By C. Ward Crampton.
uiug.30112099070846,1947,1940,BK,us,UNLABELED,1,102576153,"The flood of June 1946 in Wayne and Holmes counties, Ohio, by William P. Cross."
uiug.30112104122236,1945,1940,BK,us,UNLABELED,1,011396339,Detailed mock-up information ...
uiug.30112105938382,1949,1940,BK,us,UNLABELED,1,010413668,The american library association: Fragments of autobiography.
uiug.30112108089696,1946,1940,BK,us,UNLABELED,1,102851321,Oglethorpe was right - a tale of two centuries / [written and designed by Alexander L. Crosby and Carol S. Simon].
uiug.30112108177780,1947,1940,BK,us,UNLABELED,1,103106986,Surgeon in charge / by Elizabeth Seifert.
uiug.30112108484954,1948,1940,BK,us,UNLABELED,1,103251244,"Course of study in German, grades VII to XII."
uiug.30112117746989,1940,1940,BK,us,UNLABELED,1,102299242,"Washington doorways, by Annabel Paxton; with sketches by Frederick M. Moss, Newman S. Sudduth, Joseph E. Blanton [and] H"
uiug.30112118728382,1942,1940,BK,us,UNLABELED,1,102142948,A memorandum on the reorganization of local government in England.
uiug.30112124391910,1949,1940,BK,us,UNLABELED,1,102437015,"Analytic geometry / [by] John J. Corliss, Irwin K. Feinstein and Howard S. Levin."
uiuo.ark:/13960/t06w9tf8n,1947,1940,BK,us,UNLABELED,1,008720484,I belong here / by Richard J. Cushing.
uiuo.ark:/13960/t3st8sj36,1948,1940,BK,us,UNLABELED,1,100146358,The educational extension program of the Illinois State Geological Survey.
umn.31951000410465z,1944,1940,BK,us,UNLABELED,1,100952304,Dinner at Omar Khayyam's.
umn.31951000435399l,1942,1940,BK,us,UNLABELED,1,101723655,Rehabilitating the tuberculous in Hennepin County.
umn.319510004372533,1948,1940,BK,us,UNLABELED,1,101725492,"An outline of fractures and dislocations / by Earl C. Henrikson, Maynard C. Nelson [and] Daniel J. Moos."
umn.31951000439023a,1944,1940,BK,us,UNLABELED,1,101722992,Gynecology and obstetrics / ed. by Carl Henry Davis.
umn.319510004450577,1947,1940,BK,us,UNLABELED,1,100959526,Rules for testing seed : adopted by Association of official seed analysts. 1947.
umn.31951000489309y,1941,1940,BK,us,UNLABELED,1,101847018,"Captain Kidd's cow / story by Phil Stong, pictures by Kurt Wiese."
umn.31951000811125q,1947,1940,BK,us,UNLABELED,1,101694733,Psychic experiences of famous people.
umn.31951000928997t,1943,1940,BK,us,UNLABELED,1,101722599,A report on the 28-day loan period / made to the Director by a committee of staff members.
umn.31951000935188z,1946,1940,BK,us,UNLABELED,1,100955046,"Chemical engineering problems, 1946 / edited by Chemical Engineering Education Projects Committee."
umn.31951000957708d,1946,1940,BK,us,UNLABELED,1,101721667,"Snipp, Snapp, Snurr, and the big surprise."
umn.31951001514013z,1942,1940,BK,us,UNLABELED,1,101653966,Collective bargaining.
umn.31951001547476y,1944,1940,BK,us,UNLABELED,1,101653859,"How to read, write, and speak modern German."
umn.31951001569843b,1941,1940,BK,us,UNLABELED,1,009663084,Eagle police manual;
umn.31951001599005x,1948,1940,BK,us,UNLABELED,1,007473859,Complete book of showers and engagement parties;
umn.31951001726158f,1949,1940,BK,us,UNLABELED,1,007479584,Tchaikovsky.
umn.319510018847704,1946,1940,BK,us,UNLABELED,1,010364782,The responsiveness of kindergarten children to the behavior of their fellows.
umn.31951001913075q,1945,1940,BK,us,UNLABELED,1,010366363,Subgrade moisture conditions and their role in flexible pavement design.
umn.31951001984597l,1949,1940,BK,us,UNLABELED,1,010588361,An analysis of the breeding methods employed in the development of the Minnesota number 2 herd of swine at the Minnesota
umn.31951001986509y,1945,1940,BK,us,UNLABELED,1,010368569,Self-fertility studies in several species of commercial grasses.
umn.31951002042203d,1949,1940,BK,us,UNLABELED,1,101653992,Blood and thirsty / by Francis Bonnamy.
umn.319510021289579,1942,1940,BK,us,UNLABELED,1,009800443,Report of activities : June 1940-January 1942.
umn.31951002179692k,1947,1940,BK,us,UNLABELED,1,008560134,"Principles of marketing,"
umn.31951002290300h,1949,1940,BK,us,UNLABELED,1,101653493,Old wine in new bottles : a modern interpretation of the Ten commandments / by Gardiner M. Day.
umn.31951002311050e,1947,1940,BK,us,UNLABELED,1,100959200,"Report on survey of public parks, recreation & libraries, city of Minneapolis, 1947."
umn.31951002448144h,1941,1940,BK,us,UNLABELED,1,100958876,Capitalism means war / by Daniel De Leon.
umn.31951002582496l,1948,1940,BK,us,UNLABELED,1,010460780,Practice manual for District of Columbia courts / prepared by the Junior Bar Section of the Bar Association of the Distr
umn.31951002646320j,1942,1940,BK,us,UNLABELED,1,010364402,"Amendments to proposed code of evidence adopted by council, American Law Institute, February, 1942 : substantial changes"
umn.31951d003178566,1940,1940,BK,us,UNLABELED,1,100956556,Line of position book.
umn.31951d004309990,1949,1940,BK,us,UNLABELED,1,010364621,Simplified pleading.
umn.31951d01930134h,1946,1940,BK,us,UNLABELED,1,001507716,"Forest soils and forest growth,"
umn.31951d02044551u,1949,1940,BK,us,UNLABELED,1,100953880,"Manual for courts-martial, U. S. Army, 1949 : effective 1 February 1949 / prepared in the office of the Judge Advocate G"
umn.31951p00409894b,1949,1940,BK,us,UNLABELED,1,100956235,Minnesota spans a century.
umn.31951t00086942h,1946,1940,BK,us,UNLABELED,1,010364636,An experimental investigation of wind-generated surface waves.
uva.x000177440,1941,1940,BK,us,UNLABELED,1,101863518,"Five plays of Shakespeare,"
uva.x000179231,1944,1940,BK,us,UNLABELED,1,101905391,Seventeenth summer.
uva.x000194663,1940,1940,BK,us,UNLABELED,1,101861834,Papers in rhetoric / edited by Donald C. Bryant.
uva.x000207981,1940,1940,BK,us,UNLABELED,1,101864824,"Panorama essays, articles and selections,"
uva.x000362689,1944,1940,BK,us,UNLABELED,1,001258144,"Red star over China,"
uva.x000371025,1946,1940,BK,us,UNLABELED,1,001022377,"The life of Samuel Johnson, by James Boswell; illustrations by Gordon Ross."
uva.x000428575,1948,1940,BK,us,UNLABELED,1,101871802,On whom the spirit came; a study of the Acts of the Apostles.
uva.x000469092,1941,1940,BK,us,UNLABELED,1,102087832,Patricia / Grace Livingston Hill.
uva.x000576997,1942,1940,BK,us,UNLABELED,1,101958675,"The technique of stage make-up, a practical manual for the use of Max Factor's theatrical make-up."
uva.x000784310,1944,1940,BK,us,UNLABELED,1,007047727,"Thermodynamic charts : steam, water, ammonia, freon-12, and mixtures of air and water vapor, also special tables for tur"
uva.x001595306,1948,1940,BK,us,UNLABELED,4,001875564,"Lost city of the Incas, the story of Machu Picchu and its builders."
uva.x002056395,1943,1940,BK,us,UNLABELED,1,102104201,Keeping your house in repair / [by] A. Frederick Collins ...
uva.x004782723,1945,1940,BK,us,UNLABELED,1,102089042,Love letters / by Chris Massie.
uva.x030125520,1943,1940,BK,us,UNLABELED,1,102046029,"The quest for preaching power, by John Nicholls Booth."
uva.x030143213,1940,1940,BK,us,UNLABELED,1,102046861,Indian philosophy / by S. Radhakrishnan.
uva.x030237888,1949,1940,BK,us,UNLABELED,1,102052677,"Essays in Zen Buddhism, first series."
uva.x030240032,1947,1940,BK,us,UNLABELED,1,006210100,Toward first principles in higher education : a dynamic quest for unity / by Ordway Tead.
wu.89001301837,1941,1940,BK,us,UNLABELED,1,005708896,Textile fibers and their use.
wu.89013483821,1949,1940,BK,us,UNLABELED,2,000975008,Passing of the mill village; revolution in a Southern institution.
wu.89031185234,1949,1940,BK,us,UNLABELED,1,001486497,"Torchbearers of chemistry, portraits and brief biographies of scientists who have contributed to the making of modern ch"
wu.89038564225,1948,1940,BK,us,UNLABELED,1,006826253,Proceedings.
wu.89054428412,1947,1940,BK,us,UNLABELED,2,000368321,"Russell Cheney, 1881-1945 ; a record of his work / with notes by F. O. Matthiessen."
wu.89069920866,1942,1940,BK,us,UNLABELED,1,007561277,"200 miniature games of chess, combinations in the openings, by J. du Mont."
wu.89081859324,1943,1940,BK,us,UNLABELED,1,007463811,Growth hormone production during sexual reproduction of higher plants : with special reference to synapsis and syngamy /
wu.89083907451,1943,1940,BK,us,UNLABELED,2,005735618,"Practical polyglot technical lexicography and the professional polyglot technician, by Lewis L. Sell, PH.D."
wu.89089958722,1944,1940,BK,us,UNLABELED,2,000271299,"Allenby, a study in greatness; the biography of Field-Marshal Viscount Allenby of Megiddo and Felixstowe, G.C.B., G.C.M."
wu.89092540194,1949,1940,BK,us,UNLABELED,1,005751231,The contribution of research to social work.
wu.89092952852,1946,1940,BK,us,UNLABELED,1,006918648,Trail dust and saddle leather / by Jo Mora.
wu.89094258506,1947,1940,BK,us,UNLABELED,1,005834911,Essential business mathematics / by Llewellyn R. Snyder ; F.G. Nichols consulting editor.
wu.89094315736,1943,1940,BK,us,UNLABELED,1,005762829,"The development of a test for reasoning ability and its application to students majoring in science, classics and commer"
wu.89094736014,1940,1940,BK,us,UNLABELED,1,005797371,Moral leaders [by] Edward Howard Griggs.
wu.89095791059,1942,1940,BK,us,UNLABELED,1,005786340,"[Final examination ... for the degree of doctor of philosophy : abstracts of theses, 1938]"
wu.89097197032,1943,1940,BK,us,UNLABELED,1,005777411,"The true life; sociology of the supernatural, by Luigi Sturzo."
wu.89097267488,1948,1940,BK,us,UNLABELED,2,005775549,The letters of pope Celestine VI to all mankind; tr. from the Italian by Loretta Murnane.
wu.89099886327,1940,1940,BK,us,UNLABELED,1,006773261,Ukraine and Russia; a survey of Soviet Russia's twenty-year occupation of Eastern Ukraine. Translated from the Ukrainian
wu.89100093996,1948,1940,BK,us,UNLABELED,1,001576351,Barbed-wire surgeon.
wu.89108708637,1947,1940,BK,us,UNLABELED,1,007973727,A sunny morning: a comedy of Madrid in one act / by Serafín and Joaquín Alvarez Quintero; translated from the Spanish 
yul.12273991_000_00,1940,1940,BK,us,UNLABELED,1,102278132,"Where are the customers' yachts or, A good hard look at Wall Street. by Fred Schwed, jr.; illustrated by Peter Arno."
osu.32435055902183,1947,1940,SE,uk,AGRICULTURAL,1,009145223,Agriculture : the journal of the Ministry of Agriculture.
rul.39030031094420,1949,1940,SE,uk,AGRICULTURAL,1,006125673,British agricultural bulletin.
umn.31951d006440695,1940,1940,SE,uk,CATALOG,1,008879158,London museum catalogues.
cub.u183015824142,1945,1940,SE,uk,GENERAL_PERIODICAL,1,006061855,The national review.
iau.31858019653009,1942,1940,SE,uk,GENERAL_PERIODICAL,1,102879315,"The Statist ; an indepdendent journal of finance, trade and industry."
iau.31858020192518,1949,1940,SE,uk,GENERAL_PERIODICAL,1,000541358,Discovery : a monthly popular journal of knowledge.
iau.31858028943433,1948,1940,SE,uk,GENERAL_PERIODICAL,1,006062099,Adam international review.
inu.30000089047611,1945,1940,SE,uk,GENERAL_PERIODICAL,1,000501398,Quarterly journal of microscopical science.
inu.30000089590966,1943,1940,SE,uk,GENERAL_PERIODICAL,1,000505689,The mathematical gazette
inu.30000091490874,1948,1940,SE,uk,GENERAL_PERIODICAL,1,000498420,The Entomologist's record and journal of variation.
inu.30000093220295,1940,1940,SE,uk,GENERAL_PERIODICAL,1,006945011,John o'London's weekly.
inu.30000099854618,1940,1940,SE,uk,GENERAL_PERIODICAL,1,000498648,The Geographical journal.
mdp.39015017361067,1949,1940,SE,uk,GENERAL_PERIODICAL,1,000533244,Journal of the Institute of Actuaries Students' Society.
mdp.39015020207273,1940,1940,SE,uk,GENERAL_PERIODICAL,1,000547949,Metallurgist. A monthly supplement to the Engineer.
mdp.39015021778314,1946,1940,SE,uk,GENERAL_PERIODICAL,1,000638206,The Labour monthly.
mdp.39015027529570,1942,1940,SE,uk,GENERAL_PERIODICAL,1,000522798,The Dublin review.
mdp.39015043548125,1946,1940,SE,uk,GENERAL_PERIODICAL,2,000520414,The Modern language review.
mdp.39015046554385,1946,1940,SE,uk,GENERAL_PERIODICAL,1,000505689,The mathematical gazette
mdp.39015050584369,1940,1940,SE,uk,GENERAL_PERIODICAL,1,004175762,Bulletin of international news.
nyp.33433003140732,1940,1940,SE,uk,GENERAL_PERIODICAL,1,103218152,Municipal journal.
nyp.33433095979245,1947,1940,SE,uk,GENERAL_PERIODICAL,1,103047844,Peoples' National Theater magazine.
nyp.33433108246509,1949,1940,SE,uk,GENERAL_PERIODICAL,1,100156750,The Engineering and boiler house review.
nyp.33433110095316,1942,1940,SE,uk,GENERAL_PERIODICAL,1,008616671,Journal.
nyp.33433115148664,1944,1940,SE,uk,GENERAL_PERIODICAL,1,103093360,Bulletin.
pur1.32754077189912,1943,1940,SE,uk,GENERAL_PERIODICAL,1,000642318,The Strand Magazine.
rul.39030032467518,1942,1940,SE,uk,GENERAL_PERIODICAL,1,000505689,The mathematical gazette
uc1.$b755869,1944,1940,SE,uk,GENERAL_PERIODICAL,1,008222383,Students at war : Review of the National Union of Czechoslovak Students.
uc1.a0002272490,1949,1940,SE,uk,GENERAL_PERIODICAL,1,000518530,The alpine journal.
uc1.b2909638,1940,1940,SE,uk,GENERAL_PERIODICAL,1,007324026,The Journal of the Royal Aeronautical Society.
uc1.b3020140,1947,1940,SE,uk,GENERAL_PERIODICAL,1,010117052,Monthly bulletin
uc1.b3274759,1942,1940,SE,uk,GENERAL_PERIODICAL,1,000529261,The Eugenics review.
uc1.b3552775,1945,1940,SE,uk,GENERAL_PERIODICAL,1,000541358,Discovery : a monthly popular journal of knowledge.
uc1.b3711746,1949,1940,SE,uk,GENERAL_PERIODICAL,1,000525414,Mind : a quarterly review of psychology and philosophy.
uc1.b4315177,1948,1940,SE,uk,GENERAL_PERIODICAL,1,000532199,Journal of the Institute of Brewing.
uiug.30112026643160,1949,1940,SE,uk,GENERAL_PERIODICAL,1,000520893,The Quarterly journal of the Geological Society of London.
uiug.30112111457146,1940,1940,SE,uk,GENERAL_PERIODICAL,1,012100496,The A.M.A.; the journal of the Incorporated Association of Assistant Masters in Secondary Schools.
umn.319510019228088,1942,1940,SE,uk,GENERAL_PERIODICAL,1,000518017,The Statist; a journal of practical finance and trade.
uva.x006131694,1940,1940,SE,uk,GENERAL_PERIODICAL,1,000531640,The Sketch. : A journal of art and actuality.
uva.x030580342,1949,1940,SE,uk,GENERAL_PERIODICAL,1,000495008,O & M bulletin.
uva.x030775222,1943,1940,SE,uk,GENERAL_PERIODICAL,1,000550069,Monthly science news : MSN.
uva.x030775227,1943,1940,SE,uk,GENERAL_PERIODICAL,1,000550069,Monthly science news : MSN.
uva.x030775253,1945,1940,SE,uk,GENERAL_PERIODICAL,1,000550069,Monthly science news : MSN.
coo.31924066663711,1948,1940,SE,uk,LEGAL,1,000680894,Monthly digest of statistics.
uc1.$c188387,1940,1940,SE,uk,MEDICAL,1,103062898,"British chemical and physiological abstracts. A., III, Physiology and biochemistry (including anatomy)."
uiug.30112050235685,1945,1940,SE,uk,MEDICAL,1,000540766,Journal of the Royal Army Medical Corps.
coo.31924000369953,1949,1940,SE,uk,REFERENCE,1,000499185,The West Indies & Caribbean year book. Anuario comercial de las Antillas y países del Caribe.
mdp.39015012322882,1940,1940,SE,uk,REFERENCE,1,000598234,"An Almanack... by Joseph Whitaker, F.S.A., containing an account of the astronomical and other phenomena ...information "
mdp.39015073225164,1949,1940,SE,uk,REFERENCE,1,000862755,Handbook of British refrigeration material and Home and overseas buyers' guide.
nyp.33433109812226,1949,1940,SE,uk,REFERENCE,1,102927851,"The Flax, hemp and jute year book."
umn.31951d001353643,1940,1940,SE,uk,REFERENCE,1,008955689,The Yearbook of the universities of the empire.
uva.x000449481,1942,1940,SE,uk,RELIGIOUS,1,102064979,The Congregational quarterly : a review of religious life and thought.
coo.31924069753741,1940,1940,SE,uk,TRADE,1,003919142,The foundry trade journal.
uiug.30112007923466,1947,1940,SE,uk,TRADE,1,003919142,The foundry trade journal.
coo.31924000937429,1948,1940,SE,uk,UNLABELED,1,009371006,Proceedings of the Cambridge Philosophical Society.
coo.31924065398475,1945,1940,SE,uk,UNLABELED,1,009090647,British abstracts.
coo.31924085832313,1946,1940,SE,uk,UNLABELED,1,009149186,Dairy industries.
coo.31924091730618,1943,1940,SE,uk,UNLABELED,1,010009104,Special Conference.
coo.31924094254905,1942,1940,SE,uk,UNLABELED,1,009153394,Feed & farm supplies
coo.31924094266909,1940,1940,SE,uk,UNLABELED,1,009197284,The Southdown flock book.
cub.p108162210005,1949,1940,SE,uk,UNLABELED,1,000527084,The Catacomb
cub.u183015824566,1941,1940,SE,uk,UNLABELED,1,010613231,The New statesman and nation.
cub.u183021509865,1949,1940,SE,uk,UNLABELED,1,000635513,Labour.
cub.u183021649267,1946,1940,SE,uk,UNLABELED,1,103073976,Ballet.
iau.31858003344292,1941,1940,SE,uk,UNLABELED,1,008567550,"Report of the ... ordinary general meeting (... annual general meeting), subscription list and balance sheets."
iau.31858019849706,1941,1940,SE,uk,UNLABELED,1,000503605,Proceedings - Institution of Mechanical Engineers
iau.31858046274530,1945,1940,SE,uk,UNLABELED,1,009367162,Great Britain and the East.
inu.30000090237110,1946,1940,SE,uk,UNLABELED,1,000046507,Parliamentary debates (Hansard). House of Commons official report.
inu.30000090237250,1947,1940,SE,uk,UNLABELED,1,000046507,Parliamentary debates (Hansard). House of Commons official report.
inu.30000093228025,1945,1940,SE,uk,UNLABELED,1,006061832,The Nineteenth century and after.
inu.30000093228058,1946,1940,SE,uk,UNLABELED,1,006061832,The Nineteenth century and after.
inu.30000117562342,1946,1940,SE,uk,UNLABELED,1,000677873,Memorandum / Royal Economic Society.
mdp.35112103952190,1941,1940,SE,uk,UNLABELED,1,010422510,Papers.
mdp.39015006592441,1942,1940,SE,uk,UNLABELED,1,000678321,The Penguin New writing.
mdp.39015010718040,1943,1940,SE,uk,UNLABELED,1,000048849,Hutchinson's pictorial history of the war.
mdp.39015011258822,1948,1940,SE,uk,UNLABELED,1,000520532,Notes and queries.
mdp.39015018388309,1947,1940,SE,uk,UNLABELED,1,000057117,Mine and quarry engineering.
mdp.39015019358368,1947,1940,SE,uk,UNLABELED,1,000546495,Glasgow University publications.
mdp.39015019959991,1946,1940,SE,uk,UNLABELED,1,003913604,Survey of international affairs.
mdp.39015022411378,1946,1940,SE,uk,UNLABELED,1,000544661,Chemical age.
mdp.39015022483369,1943,1940,SE,uk,UNLABELED,1,000534974,Technical report.
mdp.39015026362684,1949,1940,SE,uk,UNLABELED,2,000047249,Discussions of the Faraday Society
mdp.39015029628149,1947,1940,SE,uk,UNLABELED,1,000045361,The Industrial chemist.
mdp.39015029628255,1942,1940,SE,uk,UNLABELED,1,000045361,The Industrial chemist.
mdp.39015039433944,1942,1940,SE,uk,UNLABELED,1,000048849,Hutchinson's pictorial history of the war.
mdp.39015039463388,1944,1940,SE,uk,UNLABELED,1,000523592,Transactions - Bristol and Gloucestershire Archaeological Society.
mdp.39015047666832,1948,1940,SE,uk,UNLABELED,1,000678494,World affairs.
mdp.39015048970787,1948,1940,SE,uk,UNLABELED,1,000527978,Publications of the Dugdale Society.
mdp.39015049019766,1947,1940,SE,uk,UNLABELED,1,000503862,Record Society for the Publication of Original Documents relating to Lancashire and Cheshire : [publications]
mdp.39015049027223,1946,1940,SE,uk,UNLABELED,1,000680751,Surrey Record Society.
mdp.39015053426808,1948,1940,SE,uk,UNLABELED,1,000534993,Statistical abstract for London.
mdp.39015056065512,1940,1940,SE,uk,UNLABELED,1,000045553,"The English-speaking world, incorporating the Landmark."
mdp.39015065864020,1944,1940,SE,uk,UNLABELED,1,000056653,"Calendar / University College, London."
mdp.39015067921422,1941,1940,SE,uk,UNLABELED,1,000544661,Chemical age.
mdp.39015082629927,1946,1940,SE,uk,UNLABELED,1,000497545,Flight International.
mdp.39015082946180,1940,1940,SE,uk,UNLABELED,1,000541468,The Coventry bookshelf.
nyp.33433095926501,1949,1940,SE,uk,UNLABELED,1,000524996,Theatre notebook.
nyp.33433098393667,1944,1940,SE,uk,UNLABELED,1,103048604,The British motor ship.
nyp.33433102550906,1949,1940,SE,uk,UNLABELED,1,103137178,Furnishings from Britain.
nyp.33433102817750,1947,1940,SE,uk,UNLABELED,1,103064420,"Cement, lime and gravel."
nyp.33433108231717,1947,1940,SE,uk,UNLABELED,1,103050627,English mechanics.
osu.32435027139989,1941,1940,SE,uk,UNLABELED,1,006945015,The Listener.
osu.32435031509334,1944,1940,SE,uk,UNLABELED,1,000863714,Chemical engineering data book.
osu.32435072557168,1949,1940,SE,uk,UNLABELED,1,006539656,Willing's press guide.
osu.32436000984243,1948,1940,SE,uk,UNLABELED,1,102769939,The Optical practitioner.
pur1.32754080757119,1948,1940,SE,uk,UNLABELED,1,103159129,Technical report for the year ... / Aeronautical Research Committee.
rul.39030035737644,1940,1940,SE,uk,UNLABELED,1,003913606,The Twentieth century.
uc1.$b603491,1949,1940,SE,uk,UNLABELED,1,008580655,"""Challenge"""
uc1.$b753249,1949,1940,SE,uk,UNLABELED,1,006054003,Transactions of the Historic Society of Lancashire and Cheshire.
uc1.31210001535663,1949,1940,SE,uk,UNLABELED,1,000498532,Heredity
uc1.32106019662409,1948,1940,SE,uk,UNLABELED,1,000682156,Punch.
uc1.32106019662433,1949,1940,SE,uk,UNLABELED,1,000682156,Punch.
uc1.b2865032,1947,1940,SE,uk,UNLABELED,1,007930005,Iron and steel. Annual statistics for the United Kingdom.
uc1.b2893542,1942,1940,SE,uk,UNLABELED,1,000053496,Transactions - Newcomen Society for the Study of the History of Engineering and Technology.
uc1.b3035255,1945,1940,SE,uk,UNLABELED,1,010117493,Best One-Act Plays
uc1.b3038758,1944,1940,SE,uk,UNLABELED,1,007313562,"""The Life we want"" series"
uc1.b3067972,1942,1940,SE,uk,UNLABELED,1,000674887,Perfumery and essential oil record.
uc1.b3073381,1946,1940,SE,uk,UNLABELED,1,007909242,"Memoirs. Ser. A, Genetics."
uc1.b3669188,1946,1940,SE,uk,UNLABELED,1,000506512,British Birds
uc1.b4147045,1941,1940,SE,uk,UNLABELED,1,010062579,Proceedings
uc1.b4403842,1949,1940,SE,uk,UNLABELED,1,000064885,The Zoological record.
uc1.b4469287,1943,1940,SE,uk,UNLABELED,1,007838167,Social work.
uc1.l0066706987,1940,1940,SE,uk,UNLABELED,1,011682405,Irish Texts Society.
uc1.l0083273862,1941,1940,SE,uk,UNLABELED,1,102447927,Women's employment.
ufl.31262055530694,1942,1940,SE,uk,UNLABELED,1,000518698,"Archaeologia aeliana, or, Miscellaneous tracts relating to antiquity."
ufl.31262070324552,1949,1940,SE,uk,UNLABELED,1,000526035,Scottish Gaelic studies / issued from the Celtic Dept. of the University of Aberdeen.
ufl.31262073122938,1941,1940,SE,uk,UNLABELED,1,103078869,London and Cambridge Economic Service's report on current economic conditions / London and Cambridge Economic Service.
uga1.32108005425064,1947,1940,SE,uk,UNLABELED,1,000059524,"Documents on British foreign policy, 1919-1939."
uga1.32108057641501,1946,1940,SE,uk,UNLABELED,1,000502032,New Statesman.
uiug.30112009537801,1943,1940,SE,uk,UNLABELED,1,007955720,Proceedings of the Zoological Society of London
uiug.30112069049259,1949,1940,SE,uk,UNLABELED,1,101850998,Proceedings at a meeting of the Lancashire County Council.
uiug.30112106999516,1947,1940,SE,uk,UNLABELED,1,101826553,"A list of the patrons, officers, committees, governors & subscribers : and the number of votes possessed by each : also "
uiug.30112109769106,1947,1940,SE,uk,UNLABELED,1,100234063,Account of revenue and expenditure.
umn.319510008494981,1946,1940,SE,uk,UNLABELED,1,009366678,Reports and memoranda.
umn.31951002241470h,1948,1940,SE,uk,UNLABELED,1,004064445,New Hebrides : report for the years
umn.31951d00135233i,1948,1940,SE,uk,UNLABELED,2,000540902,Report on the East Africa High Commission.
uva.x001171739,1947,1940,SE,uk,UNLABELED,1,000045245,"Remains, historical and literary, connected with the palatine counties of Lancaster and Chester."
uva.x030772931,1940,1940,SE,uk,UNLABELED,1,000641458,Road abstracts.
wu.89100445808,1944,1940,SE,uk,UNLABELED,1,007084140,British chemical and physiological abstracts.
coo.31924071010106,1947,1940,SE,us,AGRICULTURAL,1,009070820,North Carolina agricultural price report.
mdp.39015066910400,1944,1940,SE,us,AGRICULTURAL,1,000060211,Annual report of the New Jersey State Agricultural Experiment Station.
rul.39030041565807,1942,1940,SE,us,AGRICULTURAL,1,011440816,"Quarterly bulletin - Michigan State University, Agricultural Experiment Station."
uc1.$b228418,1948,1940,SE,us,AGRICULTURAL,2,009696009,Transactions of the Illinois State Horticultural Society.
uc1.$b641528,1941,1940,SE,us,AGRICULTURAL,1,009990803,Report of agricultural research and other activities.
uc1.$c200419,1949,1940,SE,us,AGRICULTURAL,1,003797233,"Circular / University of Illinois, College of Agriculture, Cooperative Extension Service."
uc1.31175029854851,1940,1940,SE,us,AGRICULTURAL,1,103164214,Important sources of information for work in agricultural economics.
uc1.b2944037,1943,1940,SE,us,AGRICULTURAL,1,000522484,"Circular - Utah Agricultural Experiment Station, Utah State Agricultural College."
ufl.31262094993358,1941,1940,SE,us,AGRICULTURAL,1,103074208,Florists exchange and horticultural trade world.
uiug.30112042642030,1943,1940,SE,us,AGRICULTURAL,1,101704192,"Summary of carlot unloads, truck receipts and local receipts in Bridgeport, Hartford, New Haven and Waterbury for the ye"
uva.x030764699,1941,1940,SE,us,AGRICULTURAL,1,009946754,Farmer's digest.
mdp.39015062976322,1940,1940,SE,us,CATALOG,1,000639704,Catalog issue.
mdp.39015065433065,1940,1940,SE,us,CATALOG,1,000053927,Catalog of reprints in series.
mdp.39015068168452,1940,1940,SE,us,CATALOG,1,004288389,Catalogue of the Graduate School of Theology.
mdp.39015068199671,1941,1940,SE,us,CATALOG,1,100600304,Catalogue issue.
mdp.39015068254070,1940,1940,SE,us,CATALOG,1,005777772,Catalogue.
mdp.39015068484289,1943,1940,SE,us,CATALOG,1,005400415,Catalog of courses and curricula for ... Reno Las Vegas.
mdp.39015069280645,1946,1940,SE,us,CATALOG,1,003935101,Catalogue.
mdp.39015075932536,1942,1940,SE,us,CATALOG,1,000063894,Catalogue.
nyp.33433087723700,1947,1940,SE,us,CATALOG,1,103046374,Ferryman's catalogue of philatelic specialties.
uiug.30112105867276,1940,1940,SE,us,CATALOG,1,103037183,Catalog / Nebraska Central College.
uiug.30112105950148,1940,1940,SE,us,CATALOG,1,012185558,"Catalogue ..., Announcements ..."
uiug.30112114014670,1949,1940,SE,us,CATALOG,1,012188080,Catalog.
uiug.30112114107508,1942,1940,SE,us,CATALOG,1,102870131,Catalogue.
coo.31924054190917,1947,1940,SE,us,GENERAL_PERIODICAL,1,010851714,"Missouri workmen's compensation law, together with Rules and bulletins of the Missouri Workmen's Compensation Commission"
coo.31924054772896,1949,1940,SE,us,GENERAL_PERIODICAL,1,000057112,Bulletin.
coo.31924060517368,1942,1940,SE,us,GENERAL_PERIODICAL,1,010851714,"Missouri workmen's compensation law, together with Rules and bulletins of the Missouri Workmen's Compensation Commission"
coo.31924061828962,1945,1940,SE,us,GENERAL_PERIODICAL,1,007883953,Business review.
coo.31924066912498,1948,1940,SE,us,GENERAL_PERIODICAL,1,009174397,The Jewish social service quarterly.
coo.31924097892719,1945,1940,SE,us,GENERAL_PERIODICAL,1,009054424,Journal of the Board of Supervisors of the County of Onondaga.
coo.31924113462661,1946,1940,SE,us,GENERAL_PERIODICAL,1,009829404,The United States patents quarterly.
cub.u183012919906,1949,1940,SE,us,GENERAL_PERIODICAL,1,000499479,Bulletin - National Music Council.
cub.u183015867946,1941,1940,SE,us,GENERAL_PERIODICAL,1,000497514,The Business review
cub.u183019510460,1947,1940,SE,us,GENERAL_PERIODICAL,1,103062815,A monthly summary of events and trends in race relations.
cub.u183019839814,1940,1940,SE,us,GENERAL_PERIODICAL,1,000527143,China monthly.
cub.u183021537012,1948,1940,SE,us,GENERAL_PERIODICAL,1,009663599,The YWCA magazine / national magazine for the Young Women's Chrisian Association of the United States of America.
cub.u183021656832,1943,1940,SE,us,GENERAL_PERIODICAL,1,000635734,Journal of the American Statistical Association.
cub.u183026773867,1941,1940,SE,us,GENERAL_PERIODICAL,1,000046562,Modern textiles magazine.
iau.31858020156059,1944,1940,SE,us,GENERAL_PERIODICAL,1,102872143,The American perfumer and essential oil review.
iau.31858021020148,1947,1940,SE,us,GENERAL_PERIODICAL,1,000680360,The Bulletin of the American Association of Public Health Dentists.
iau.31858033349162,1943,1940,SE,us,GENERAL_PERIODICAL,1,000641789,The oil and gas journal.
iau.31858034491807,1942,1940,SE,us,GENERAL_PERIODICAL,1,102881005,Bulletin.
iau.31858045122250,1948,1940,SE,us,GENERAL_PERIODICAL,1,000046570,Rayon textile monthly.
iau.31858046112086,1941,1940,SE,us,GENERAL_PERIODICAL,1,000057421,"Educational trends : a journal of research and interpretation / School of Education, Northwestern University."
ien.35558000526471,1941,1940,SE,us,GENERAL_PERIODICAL,1,000522839,The Yale journal of biology and medicine
inu.30000027455025,1945,1940,SE,us,GENERAL_PERIODICAL,1,000499741,Journal of the Arnold Arboretum.
inu.30000089626810,1946,1940,SE,us,GENERAL_PERIODICAL,1,000636713,The journal of land & public utility economics / Institute for Research in Land Economics and Public Utilities.
inu.30000091555452,1943,1940,SE,us,GENERAL_PERIODICAL,1,009687183,Review.
inu.30000098007465,1946,1940,SE,us,GENERAL_PERIODICAL,1,000521929,Annals of the Entomological Society of America.
inu.30000108160957,1940,1940,SE,us,GENERAL_PERIODICAL,1,008570560,The Bar bulletin : issued quarterly by the Bar Association of the City of Boston.
inu.30000108166681,1949,1940,SE,us,GENERAL_PERIODICAL,1,006884742,Connecticut bar journal.
inu.30000116431291,1942,1940,SE,us,GENERAL_PERIODICAL,1,005781502,National Genealogical Society quarterly.
mdp.39015001924706,1944,1940,SE,us,GENERAL_PERIODICAL,1,000525281,Journal of forestry.
mdp.39015002115114,1945,1940,SE,us,GENERAL_PERIODICAL,1,000525596,Bulletin of research.
mdp.39015008094990,1949,1940,SE,us,GENERAL_PERIODICAL,1,000496312,Music educators journal.
mdp.39015009637987,1946,1940,SE,us,GENERAL_PERIODICAL,1,000522548,The Music journal.
mdp.39015010097965,1940,1940,SE,us,GENERAL_PERIODICAL,1,004175807,Forestry bulletin / Duke University.
mdp.39015011417774,1944,1940,SE,us,GENERAL_PERIODICAL,2,000553424,Journal of physics
mdp.39015012352012,1947,1940,SE,us,GENERAL_PERIODICAL,1,000055775,Coin collector's journal.
mdp.39015018403876,1945,1940,SE,us,GENERAL_PERIODICAL,1,000532981,"Industrial relations, a magazine for employers."
mdp.39015020143841,1945,1940,SE,us,GENERAL_PERIODICAL,1,000527143,China monthly.
mdp.39015021074763,1941,1940,SE,us,GENERAL_PERIODICAL,1,002138249,Civil aeronautics bulletin ...
mdp.39015022394996,1945,1940,SE,us,GENERAL_PERIODICAL,1,000597997,Scottish Rite news bulletin.
mdp.39015024081195,1943,1940,SE,us,GENERAL_PERIODICAL,1,000495101,Oregon historical quarterly.
mdp.39015026363393,1947,1940,SE,us,GENERAL_PERIODICAL,1,000052170,The Journal of biological chemistry  [v.1-v.260]
mdp.39015035610495,1940,1940,SE,us,GENERAL_PERIODICAL,1,000055355,Bulletin.
mdp.39015039251445,1941,1940,SE,us,GENERAL_PERIODICAL,1,000639307,The Classical bulletin.
mdp.39015039502920,1941,1940,SE,us,GENERAL_PERIODICAL,2,000681635,Pacific historical review.
mdp.39015039710820,1941,1940,SE,us,GENERAL_PERIODICAL,1,000551869,Bulletin.
mdp.39015056074639,1949,1940,SE,us,GENERAL_PERIODICAL,1,000552840,The Hopkins review
mdp.39015059484769,1946,1940,SE,us,GENERAL_PERIODICAL,1,000506230,The South Atlantic quarterly.
mdp.39015060426312,1945,1940,SE,us,GENERAL_PERIODICAL,1,000517652,The Players magazine.
mdp.39015060449918,1944,1940,SE,us,GENERAL_PERIODICAL,1,000677620,The Annals of the American Academy of Political and Social Science.
mdp.39015069423476,1945,1940,SE,us,GENERAL_PERIODICAL,1,000050771,Bulletin.
mdp.39015070272110,1942,1940,SE,us,GENERAL_PERIODICAL,1,000678527,Bulletin.
mdp.39015070463404,1945,1940,SE,us,GENERAL_PERIODICAL,1,000055775,Coin collector's journal.
mdp.39015071537222,1944,1940,SE,us,GENERAL_PERIODICAL,1,003262266,DTC quarterly.
mdp.39015071537230,1944,1940,SE,us,GENERAL_PERIODICAL,1,003262266,DTC quarterly.
mdp.39015073261391,1946,1940,SE,us,GENERAL_PERIODICAL,1,000055329,University of Cincinnati bulletin ...
mdp.39015073261474,1941,1940,SE,us,GENERAL_PERIODICAL,1,000055329,University of Cincinnati bulletin ...
mdp.39015073312582,1948,1940,SE,us,GENERAL_PERIODICAL,1,000642294,Journal of the Western Society of Engineers.
mdp.39015075991540,1947,1940,SE,us,GENERAL_PERIODICAL,1,005811059,Wayne University bulletin.
mdp.39015076324006,1949,1940,SE,us,GENERAL_PERIODICAL,1,005810478,Bulletin.
mdp.39015076447716,1944,1940,SE,us,GENERAL_PERIODICAL,1,000497084,Bulletin.
mdp.39015080096905,1941,1940,SE,us,GENERAL_PERIODICAL,1,000060143,Scientific temperance journal.
mdp.39015080127809,1941,1940,SE,us,GENERAL_PERIODICAL,1,000676486,Marine engineering and shipping review.
mdp.39015080190815,1949,1940,SE,us,GENERAL_PERIODICAL,1,000641089,Texas cancer bulletin.
mdp.39015082632012,1944,1940,SE,us,GENERAL_PERIODICAL,1,000675974,Brotherhood of Locomotive Firemen and Enginemen's magazine.
mdp.39015083248131,1945,1940,SE,us,GENERAL_PERIODICAL,1,000675440,Southerly; a literary magazine.
mdp.39015086636936,1940,1940,SE,us,GENERAL_PERIODICAL,1,006838562,"Florida public works : official journal of the Florida State Road Department, Florida Engineering Society ..."
mdp.39015086756023,1945,1940,SE,us,GENERAL_PERIODICAL,1,000499743,Harvard alumni bulletin / Harvard Alumni Association.
nnc1.cu08905746,1944,1940,SE,us,GENERAL_PERIODICAL,1,010696239,"Special bulletins - State of New York, Department of Labor."
nyp.33433014786291,1945,1940,SE,us,GENERAL_PERIODICAL,1,009469835,Motion picture herald.
nyp.33433071608545,1947,1940,SE,us,GENERAL_PERIODICAL,1,000496208,The Journal of engineering education.
nyp.33433074758537,1948,1940,SE,us,GENERAL_PERIODICAL,1,103054654,Music of the West magazine.
nyp.33433078276551,1949,1940,SE,us,GENERAL_PERIODICAL,1,103137100,Bulletin of the Department of Art and Archaeology of Princeton University.
nyp.33433085022576,1941,1940,SE,us,GENERAL_PERIODICAL,1,103185682,Ladies' home journal.
nyp.33433101204836,1943,1940,SE,us,GENERAL_PERIODICAL,1,011482294,Amerasia; a review of America and the Far East.
nyp.33433107798161,1940,1940,SE,us,GENERAL_PERIODICAL,1,103043685,"Coin machine journal : world's authority on production, marketing, maintenance of coin operated vending, amusement and s"
nyp.33433108173828,1947,1940,SE,us,GENERAL_PERIODICAL,1,103050602,Bulletin.
nyp.33433108246954,1940,1940,SE,us,GENERAL_PERIODICAL,1,102775627,Engineers' bulletin.
nyp.33433109982169,1940,1940,SE,us,GENERAL_PERIODICAL,1,103061832,Tire review.
nyp.33433114960515,1943,1940,SE,us,GENERAL_PERIODICAL,1,103066800,Aviation service magazine.
osu.32435020478871,1942,1940,SE,us,GENERAL_PERIODICAL,1,102873829,Annals of Cleveland : officeholder series. Historical record of public officeholders in Cuyahoga county; register of pub
osu.32435020944997,1949,1940,SE,us,GENERAL_PERIODICAL,1,102873871,Georgia education journal.
osu.32435020955225,1947,1940,SE,us,GENERAL_PERIODICAL,1,009054897,Minnesota journal of education.
osu.32435021759279,1940,1940,SE,us,GENERAL_PERIODICAL,1,007848096,The American Society Legion of Honor magazine.
osu.32435024234528,1947,1940,SE,us,GENERAL_PERIODICAL,1,102769804,Abstract bulletin.
osu.32435027844828,1948,1940,SE,us,GENERAL_PERIODICAL,1,102897589,Your farm and ranch digest-review.
osu.32435054974415,1942,1940,SE,us,GENERAL_PERIODICAL,1,009115218,San Diego poultry journal / organ of the San Diego Cooperative Poultry Association.
osu.32435057744344,1942,1940,SE,us,GENERAL_PERIODICAL,1,100712924,"Bulletin / University of Ohio, Bureau of Educational Research."
osu.32435074166604,1942,1940,SE,us,GENERAL_PERIODICAL,2,000674623,The Journal of the Alabama Academy of Science.
osu.32436001163664,1944,1940,SE,us,GENERAL_PERIODICAL,1,012368863,Bausch & Lomb magazine.
rul.39030030793816,1945,1940,SE,us,GENERAL_PERIODICAL,1,000495215,The Journal of aesthetics and art criticism.
rul.39030030837019,1947,1940,SE,us,GENERAL_PERIODICAL,1,000046651,The military surgeon : journal of the Association of Military Surgeons of the United States.
rul.39030034069072,1943,1940,SE,us,GENERAL_PERIODICAL,1,000498671,Nutrition reviews
rul.39030034069122,1944,1940,SE,us,GENERAL_PERIODICAL,1,000498671,Nutrition reviews
rul.39030034244956,1945,1940,SE,us,GENERAL_PERIODICAL,1,100225771,Du Pont magazine.
uc1.$b200601,1945,1940,SE,us,GENERAL_PERIODICAL,1,010015708,California journal of secondary education.
uc1.$b517612,1941,1940,SE,us,GENERAL_PERIODICAL,1,009993890,Geographic news bulletins.
uc1.$b526634,1940,1940,SE,us,GENERAL_PERIODICAL,1,001078841,The American journal of science.
uc1.$b641706,1941,1940,SE,us,GENERAL_PERIODICAL,1,009990835,"Bulletin / Cooperative Extension Service, Ohio State University."
uc1.$b694080,1944,1940,SE,us,GENERAL_PERIODICAL,1,008441431,Journal of electronic medicine
uc1.$c217100,1947,1940,SE,us,GENERAL_PERIODICAL,1,005876419,Journeymen plumbers and steam fitters journal.
uc1.31158001816346,1948,1940,SE,us,GENERAL_PERIODICAL,1,000518379,American journal of ophthalmology.
uc1.31210001998226,1947,1940,SE,us,GENERAL_PERIODICAL,1,000494617,The Journal of psychology
uc1.31210004395990,1944,1940,SE,us,GENERAL_PERIODICAL,1,000679038,Geographical review.
uc1.31210006682734,1946,1940,SE,us,GENERAL_PERIODICAL,1,000674959,The Hispanic American historical review.
uc1.31210009445980,1947,1940,SE,us,GENERAL_PERIODICAL,1,000501048,American sociological review
uc1.32106020080104,1945,1940,SE,us,GENERAL_PERIODICAL,1,000677633,Poetry : a magazine of verse.
uc1.b2939713,1947,1940,SE,us,GENERAL_PERIODICAL,1,006672064,Journal / American Water Works Association.
uc1.b2945095,1949,1940,SE,us,GENERAL_PERIODICAL,1,007915634,American potato journal.
uc1.b2958020,1944,1940,SE,us,GENERAL_PERIODICAL,1,007910104,The Booklist and subscription books bulletin.
uc1.b3010460,1949,1940,SE,us,GENERAL_PERIODICAL,1,010302892,American Import and Export Bulletin
uc1.b3208592,1948,1940,SE,us,GENERAL_PERIODICAL,1,000549183,Journal of polymer science.
uc1.b3308968,1941,1940,SE,us,GENERAL_PERIODICAL,1,000064850,Popular mechanics magazine : written so you can understand it
uc1.b3320324,1947,1940,SE,us,GENERAL_PERIODICAL,1,000598570,Accent : a quarterly of new literature
uc1.b3357276,1944,1940,SE,us,GENERAL_PERIODICAL,1,000635534,Research bulletin.
uc1.b3362716,1943,1940,SE,us,GENERAL_PERIODICAL,1,006732832,American journal of diseases of children.
uc1.b3400851,1948,1940,SE,us,GENERAL_PERIODICAL,1,100840125,Bulletin series.
uc1.b3433747,1948,1940,SE,us,GENERAL_PERIODICAL,1,007846541,AAUW journal.
uc1.b3506572,1949,1940,SE,us,GENERAL_PERIODICAL,1,006665510,American journal of public health and the nation's health.
uc1.b3714030,1943,1940,SE,us,GENERAL_PERIODICAL,1,000494690,Journal of dental education
uc1.b3802787,1949,1940,SE,us,GENERAL_PERIODICAL,1,000505739,The Journal of abnormal and social psychology
uc1.b3802814,1943,1940,SE,us,GENERAL_PERIODICAL,1,000518755,American journal of mental deficiency.
uc1.b3890489,1949,1940,SE,us,GENERAL_PERIODICAL,1,000494630,The journal of politics
uc1.b4144945,1943,1940,SE,us,GENERAL_PERIODICAL,1,000548530,Journal of the Georgia Dental Association
uc1.b4172320,1948,1940,SE,us,GENERAL_PERIODICAL,1,006173990,The publishers weekly
uc1.b4338473,1948,1940,SE,us,GENERAL_PERIODICAL,1,006221627,Pennsylvania Bar Association quarterly.
uc1.b4408274,1949,1940,SE,us,GENERAL_PERIODICAL,1,010084504,Case and comment : the lawyers' magazine.
uc1.b4977882,1945,1940,SE,us,GENERAL_PERIODICAL,1,000681556,Annals of internal medicine
uc1.b5002483,1948,1940,SE,us,GENERAL_PERIODICAL,1,007589103,"The Journal of immunology, virus research and experimental chemotherapy."
uc1.b5092524,1943,1940,SE,us,GENERAL_PERIODICAL,1,010375503,Pittsburgh Symphony Orchestra program magazine.
uc1.c2534051,1945,1940,SE,us,GENERAL_PERIODICAL,1,000499743,Harvard alumni bulletin / Harvard Alumni Association.
uc1.c2581780,1947,1940,SE,us,GENERAL_PERIODICAL,1,012517177,Florists' review.
ucw.ark:/13960/t83j44s0x,1941,1940,SE,us,GENERAL_PERIODICAL,1,100190677,Monthly bulletin of the Employment Security Division / Connecticut Department of Labor and Factory Inspection.
ufl.31262047649248,1948,1940,SE,us,GENERAL_PERIODICAL,1,103079187,The Alabama review.
ufl.31262052501813,1949,1940,SE,us,GENERAL_PERIODICAL,1,000495643,Bulletin.
ufl.31262055887631,1948,1940,SE,us,GENERAL_PERIODICAL,1,103292529,Bulletin of the New York State College of Forestry at Syracuse University.
ufl.31262094730479,1941,1940,SE,us,GENERAL_PERIODICAL,1,000642259,Journal - American Water Works Association.
uga1.32108056938791,1946,1940,SE,us,GENERAL_PERIODICAL,1,102878991,Southern weekly.
uga1.32108057800370,1942,1940,SE,us,GENERAL_PERIODICAL,1,000503022,Daedalus : journal of the American Academy of Arts and Sciences.
uiug.30112001704607,1946,1940,SE,us,GENERAL_PERIODICAL,1,006131934,Station bulletin.
uiug.30112008745652,1943,1940,SE,us,GENERAL_PERIODICAL,1,004059158,American glass review.
uiug.30112019635306,1940,1940,SE,us,GENERAL_PERIODICAL,1,012369799,Circular bulletin.
uiug.30112021320780,1941,1940,SE,us,GENERAL_PERIODICAL,1,010416590,The John Marshall law quarterly.
uiug.30112026925716,1948,1940,SE,us,GENERAL_PERIODICAL,1,007877219,Bulletin - Division of Geology.
uiug.30112072553222,1945,1940,SE,us,GENERAL_PERIODICAL,1,103070191,Yank; the Army weekly.
uiug.30112077154265,1940,1940,SE,us,GENERAL_PERIODICAL,1,103177269,Standard earnings bulletin.
uiug.30112079980303,1949,1940,SE,us,GENERAL_PERIODICAL,1,008606777,Extension bulletin.
uiug.30112084397279,1943,1940,SE,us,GENERAL_PERIODICAL,1,000638611,The Spectator; property insurance review.
uiug.30112084993952,1947,1940,SE,us,GENERAL_PERIODICAL,1,000642254,The University of Chicago magazine.
uiug.30112109765237,1943,1940,SE,us,GENERAL_PERIODICAL,1,100074159,Journal of the House of Representatives of the Commonwealth of Massachusetts.
uiug.30112111877681,1944,1940,SE,us,GENERAL_PERIODICAL,1,103023812,Hofstra University ... bulletin.
uiug.30112113369299,1949,1940,SE,us,GENERAL_PERIODICAL,1,002494198,Tennessee historical quarterly
uiug.30112114060038,1946,1940,SE,us,GENERAL_PERIODICAL,1,103009425,Wynn's astrology magazine.
uiuo.ark:/13960/t1bk9wz2q,1941,1940,SE,us,GENERAL_PERIODICAL,1,101697110,The Chicago banker : a weekly paper devoted to the banking and financial interests of the Middle West.
uiuo.ark:/13960/t6k102g24,1941,1940,SE,us,GENERAL_PERIODICAL,1,006756788,Bulletin / prepared by State Development Board.
umn.31951001892901j,1941,1940,SE,us,GENERAL_PERIODICAL,1,100840648,Colorado State Department of Public Welfare ; quarterly bulletin.
umn.31951002796870j,1940,1940,SE,us,GENERAL_PERIODICAL,1,000495599,Travel : the magazine that roams the globe.
uva.3470162342,1946,1940,SE,us,GENERAL_PERIODICAL,1,000506010,Quarterly review of medicine.
uva.x002307098,1943,1940,SE,us,GENERAL_PERIODICAL,1,008883807,The South Carolina historical and genealogical magazine.
uva.x004332149,1940,1940,SE,us,GENERAL_PERIODICAL,1,000674605,The publishers weekly.
uva.x030231872,1947,1940,SE,us,GENERAL_PERIODICAL,1,004528539,Library journal.
uva.x030515452,1946,1940,SE,us,GENERAL_PERIODICAL,1,007839707,Journal of the Society of Motion Picture Engineers
uva.x030534307,1948,1940,SE,us,GENERAL_PERIODICAL,1,000679272,"Journal of the American Society of Naval Engineers, inc."
uva.x030577615,1946,1940,SE,us,GENERAL_PERIODICAL,1,000674623,The Journal of the Alabama Academy of Science.
uva.x030597165,1940,1940,SE,us,GENERAL_PERIODICAL,1,000675543,Phi Kappa Phi journal.
uva.x030605922,1941,1940,SE,us,GENERAL_PERIODICAL,1,000639497,The Herald.
uva.x030605924,1943,1940,SE,us,GENERAL_PERIODICAL,1,000639497,The Herald.
uva.x030690458,1942,1940,SE,us,GENERAL_PERIODICAL,1,102090405,Bulletin.
uva.x030690488,1945,1940,SE,us,GENERAL_PERIODICAL,1,102090405,Bulletin.
wu.89047251202,1940,1940,SE,us,GENERAL_PERIODICAL,2,006910966,Review of the International Livestock Exposition.
wu.89058356643,1940,1940,SE,us,GENERAL_PERIODICAL,1,006663267,The Journal of the American Military Institute.
wu.89062193800,1946,1940,SE,us,GENERAL_PERIODICAL,1,005876417,Pattern makers' journal.
wu.89062299789,1942,1940,SE,us,GENERAL_PERIODICAL,1,005858899,Coopers international journal.
wu.89099030363,1942,1940,SE,us,GENERAL_PERIODICAL,1,005907020,American press review.
nyp.33433098419041,1946,1940,SE,us,JUVENILE,1,012306459,The boys' outfitter.
hvd.hl3eds,1941,1940,SE,us,LEGAL,1,102711010,Summary digest of statutes enacted and proposed constitutional amendments submitted to the electors.
mdp.39015068622714,1949,1940,SE,us,LEGAL,1,000677804,Michigan law review.
mdp.39015069460551,1946,1940,SE,us,LEGAL,1,001719606,"Digest of annual reports of State boards for vocational education to the Office of Education, Division of Vocational Edu"
osu.32437011896483,1947,1940,SE,us,LEGAL,1,100711240,Reports of cases at common law and in chancery argued and determined in the Supreme Court of the State of Illinois.
osu.32437011896624,1944,1940,SE,us,LEGAL,1,100711240,Reports of cases at common law and in chancery argued and determined in the Supreme Court of the State of Illinois.
osu.32437011922339,1949,1940,SE,us,LEGAL,1,008560612,Reports of cases argued and determined in the Supreme Court of the state of Montana ...
osu.32437011922578,1944,1940,SE,us,LEGAL,1,008560612,Reports of cases argued and determined in the Supreme Court of the state of Montana ...
osu.32437011925936,1942,1940,SE,us,LEGAL,1,008560477,Cases argued and decided in the Supreme Court of Mississippi.
osu.32437011942576,1940,1940,SE,us,LEGAL,1,100711157,Minnesota reports : cases argued and determined in the Supreme Court of Minnesota.
uc1.b2964755,1942,1940,SE,us,LEGAL,1,000050054,Harvard law review.
uc1.b4608748,1947,1940,SE,us,LEGAL,1,100363347,District and county reports; containing reports of cases decided in all the judicial districts of Pennsylvania.
uc1.b5038420,1946,1940,SE,us,LEGAL,1,008606752,Reports of cases decided in the Supreme Court of the State of Oregon.
ien.35558002096432,1947,1940,SE,us,MEDICAL,1,000549079,Illinois monographs in the medical sciences.
inu.30000047567643,1944,1940,SE,us,MEDICAL,1,006055058,The American illustrated medical dictionary.
mdp.39015038667666,1940,1940,SE,us,MEDICAL,1,000864261,Medical leaves; a review of the Jewish medical world and medical history.
mdp.39015045821355,1942,1940,SE,us,MEDICAL,1,000676176,Phytopathological classics.
mdp.39015076700379,1946,1940,SE,us,MEDICAL,1,000496258,JAMA : the journal of the American Medical Association.
osu.32435030175061,1942,1940,SE,us,MEDICAL,1,007294672,Annual report / Mount Sinai Medical Center.
osu.32436001377538,1942,1940,SE,us,MEDICAL,1,000553313,Transactions & studies of the College of Physicians of Philadelphia.
osu.32436001897980,1948,1940,SE,us,MEDICAL,2,000639476,The American journal of pathology.
rul.39030032673065,1949,1940,SE,us,MEDICAL,1,000553313,Transactions & studies of the College of Physicians of Philadelphia.
uc1.$b365692,1947,1940,SE,us,MEDICAL,1,009467451,Bulletin of the Sangamon County Medical Society ...
uc1.31158010076288,1941,1940,SE,us,MEDICAL,1,000678723,Annals of medical history.
ufl.35051107836241,1940,1940,SE,us,MEDICAL,1,000640096,Journal of criminal psychopathology.
uva.3470108442,1949,1940,SE,us,MEDICAL,1,000051844,Mental hygiene.
uva.3470144684,1947,1940,SE,us,MEDICAL,1,000553313,Transactions & studies of the College of Physicians of Philadelphia.
nyp.33433071488179,1944,1940,SE,us,MILITARY,1,103065103,Army regulations.
iau.31858011464876,1942,1940,SE,us,REFERENCE,1,102879611,The Hayes druggists' directory and commercial reference book.
ien.35556000578047,1945,1940,SE,us,REFERENCE,1,010602461,The NOMA bibliography for administrative management.
mdp.35112102205129,1942,1940,SE,us,REFERENCE,1,010412248,Bibliographic series.
mdp.39015008421433,1940,1940,SE,us,REFERENCE,1,000520475,The Best American short stories ... and the Yearbook of the American short story.
mdp.39015013546562,1944,1940,SE,us,REFERENCE,1,000532906,Index to the literature of American economic entomology.
mdp.39015027019192,1946,1940,SE,us,REFERENCE,1,000640104,The American year book.
mdp.39015035521429,1940,1940,SE,us,REFERENCE,1,000639770,Yearbook ...
mdp.39015037364174,1943,1940,SE,us,REFERENCE,1,000675756,American Jewish year book.
mdp.39015039398592,1947,1940,SE,us,REFERENCE,1,000528579,Social work year book.
mdp.39015068136624,1941,1940,SE,us,REFERENCE,1,000061825,Proceedings. Year book.
mdp.39015069273343,1943,1940,SE,us,REFERENCE,1,000863546,Who's who in transportation and communication; a biographical dictionary of important living people in the transporation
mdp.39015073145602,1948,1940,SE,us,REFERENCE,1,000679945,Yearbook of the American Iron and Steel Institute.
mdp.39015074163265,1942,1940,SE,us,REFERENCE,1,000544273,Education on the air : ... yearbook of the Institute for Education by Radio.
osu.32435024468415,1940,1940,SE,us,REFERENCE,1,100713901,Educational directory / State of Ohio.
osu.32435063582282,1949,1940,SE,us,REFERENCE,1,003925234,Year book.
uc1.$b219191,1940,1940,SE,us,REFERENCE,1,102821834,Summarized proceedings for the period from ... and a directory of members as of ... / American Association for the Advan
uc1.$b445913,1943,1940,SE,us,REFERENCE,1,000598490,The Year book of radiology.
uc1.$b609347,1944,1940,SE,us,REFERENCE,1,008578236,A Political handbook of the world.
uc1.31175033795637,1949,1940,SE,us,REFERENCE,1,103164201,The National fruit and vegetable directory.
uc1.b3043106,1949,1940,SE,us,REFERENCE,1,007886776,Walker's directory of Northern California directors and corporations (including Northern Nevada)
uc1.b3738051,1940,1940,SE,us,REFERENCE,1,000061828,Yearbook.
uc1.b4138190,1949,1940,SE,us,REFERENCE,1,010061727,"Directory of social and health agencies, San Francisco"
umn.31951002482024x,1942,1940,SE,us,REFERENCE,1,006905559,The Spectator insurance year book. Fire and marine volume.
uva.x004841635,1943,1940,SE,us,REFERENCE,1,102089285,Fire protection equipment directory.
uva.x030691996,1946,1940,SE,us,REFERENCE,1,101940148,"Polk's Clarksburg (Harrison County, W.Va.) city directory."
uva.x030692016,1948,1940,SE,us,REFERENCE,1,101940261,Polk's Bluefield (West Virginia) city directory ... including Princeton ...
uva.x030732267,1948,1940,SE,us,REFERENCE,1,012192801,"Hill's Rocky Mount (Edgecombe and Nash counties, N.C.) city directory"
wu.89095808408,1946,1940,SE,us,REFERENCE,1,006905559,The Spectator insurance year book. Fire and marine volume.
wu.89095934055,1948,1940,SE,us,REFERENCE,1,006801692,Bibliography / Russell Sage Foundation Library.
wu.89100961424,1946,1940,SE,us,REFERENCE,3,000640870,Science year book.
ia.ark:/13960/t2r519v7k,1942,1940,SE,us,RELIGIOUS,1,100968853,Minutes of the Green River Baptist Association.
mdp.39015019984064,1942,1940,SE,us,RELIGIOUS,1,000542973,Biological series / Catholic University of America.
mdp.39015068892531,1947,1940,SE,us,RELIGIOUS,1,000501992,The American Catholic who's who.
mdp.39015071470309,1946,1940,SE,us,RELIGIOUS,1,003330920,Journal of the Michigan Conference : containing the minutes of the ... annual session / Wesleyan Methodist Church.
mdp.39015076623670,1944,1940,SE,us,RELIGIOUS,1,000526661,Catholic educational review.
rul.39030018495657,1947,1940,SE,us,RELIGIOUS,1,102939037,Minutes - Presbyterian Church in the U.S.A.
uc1.b5179316,1943,1940,SE,us,RELIGIOUS,1,009827913,The Catholic periodical and literature index.
uiug.30112069273867,1948,1940,SE,us,RELIGIOUS,1,103023751,Church property administration.
uiug.30112070054090,1948,1940,SE,us,RELIGIOUS,1,000680453,New Catholic world.
umn.31951001890915i,1944,1940,SE,us,RELIGIOUS,1,009663591,The Catholic bookman.
uva.x030462410,1949,1940,SE,us,RELIGIOUS,1,000640699,Anglican theological review.
coo.31924096399310,1949,1940,SE,us,TRADE,1,000522907,Paper trade journal.
mdp.35128001673068,1941,1940,SE,us,TRADE,1,005338821,Hardware age.
nyp.33433109976047,1949,1940,SE,us,TRADE,1,100157959,Hardware retailer.
nyp.33433109977029,1944,1940,SE,us,TRADE,1,100157961,Hardware world ; plumbing & heating.
uc1.c2560684,1940,1940,SE,us,TRADE,1,012392037,Manufacturers record.
coo.31924054326917,1947,1940,SE,us,UNLABELED,1,010697064,Proceedings and officers' reports.
coo.31924054328723,1948,1940,SE,us,UNLABELED,1,010697030,Officers' reports and proceedings of the ... annual convention / California State Federation of Labor.
coo.31924054391804,1947,1940,SE,us,UNLABELED,1,010361964,Daily report on labor-management problems.
coo.31924055234946,1947,1940,SE,us,UNLABELED,2,009133578,Publication. Botanical series / Field Museum of Natural History.
coo.31924056363405,1941,1940,SE,us,UNLABELED,1,006798224,The American fertilizer hand book.
coo.31924060897414,1941,1940,SE,us,UNLABELED,1,009378747,Transactions of the American Institute of Mining and Metallurgical Engineers.
coo.31924061369876,1948,1940,SE,us,UNLABELED,1,009164570,Pests and their control.
coo.31924061477141,1942,1940,SE,us,UNLABELED,1,009197068,American fur breeder.
coo.31924065156196,1943,1940,SE,us,UNLABELED,1,009178551,Annual report / National Live Stock Marketing Association.
coo.31924065901229,1945,1940,SE,us,UNLABELED,1,010360700,338 news.
coo.31924066350301,1942,1940,SE,us,UNLABELED,1,000598148,American home.
coo.31924069793895,1945,1940,SE,us,UNLABELED,1,009115171,Annual convention.
coo.31924069812406,1948,1940,SE,us,UNLABELED,2,009197246,Convention proceedings / Milk Industry Foundation.
coo.31924070836170,1940,1940,SE,us,UNLABELED,1,009070830,"The real estate analyst, Saint Louis edition."
coo.31924081108460,1948,1940,SE,us,UNLABELED,1,009194497,Report.
coo.31924094229949,1940,1940,SE,us,UNLABELED,1,009191330,Annual report.
coo.31924095855478,1949,1940,SE,us,UNLABELED,1,009879876,Haver-Glover messenger.
coo.31924098528189,1947,1940,SE,us,UNLABELED,1,009153364,Flour & feed.
cub.p108090712002,1949,1940,SE,us,UNLABELED,1,103143957,Junior arts and activities.
cub.u183019419004,1947,1940,SE,us,UNLABELED,1,007909172,University of Alabama business news.
cub.u183021287748,1949,1940,SE,us,UNLABELED,1,103155060,California industry.
cub.u183021517999,1942,1940,SE,us,UNLABELED,1,100823452,Iowa business digest.
cub.u183021546956,1940,1940,SE,us,UNLABELED,1,000063179,Proceedings of the American Antiquarian Society.
cub.u183021743859,1949,1940,SE,us,UNLABELED,1,103146356,Pacific Northwest industry.
cub.u183024030653,1942,1940,SE,us,UNLABELED,1,000534295,Numismatic scrapbook.
cub.u183024866648,1940,1940,SE,us,UNLABELED,1,000045747,The business education world.
cub.u183041762182,1941,1940,SE,us,UNLABELED,1,000549966,Art index.
hvd.32044115917395,1946,1940,SE,us,UNLABELED,1,100189948,Public documents of the State of Connecticut.
hvd.hl33vv,1948,1940,SE,us,UNLABELED,1,102969398,Annual report of the commissioner of insurance.
iau.31858020936500,1945,1940,SE,us,UNLABELED,1,000521044,Psychosomatic medicine monographs.
iau.31858028446668,1944,1940,SE,us,UNLABELED,1,102879437,The billboard.
iau.31858028447021,1948,1940,SE,us,UNLABELED,1,102879437,The billboard.
iau.31858030040707,1947,1940,SE,us,UNLABELED,1,100896821,Senate file.
iau.31858033547047,1944,1940,SE,us,UNLABELED,1,000543524,Report of the Pharmacy Examiners.
iau.31858034164438,1948,1940,SE,us,UNLABELED,1,102880686,Book-of-the-Month Club news.
iau.31858044720997,1942,1940,SE,us,UNLABELED,1,000640474,Drug topics.
iau.31858045085614,1943,1940,SE,us,UNLABELED,1,102879348,Tide.
iau.31858045089004,1943,1940,SE,us,UNLABELED,1,102879374,The playbill.
iau.31858045172578,1947,1940,SE,us,UNLABELED,1,009050416,The Knickerbocker.
iau.31858045308602,1949,1940,SE,us,UNLABELED,1,102880706,Chronicle of the Omaha District Dental Society.
iau.31858045327610,1945,1940,SE,us,UNLABELED,1,000062632,Opinion and comment.
iau.31858045503863,1943,1940,SE,us,UNLABELED,1,102879438,Land and freedom.
iau.31858045817610,1942,1940,SE,us,UNLABELED,1,102880190,Report.
iau.31858045825324,1944,1940,SE,us,UNLABELED,1,102884243,The Rope maker.
iau.31858045912023,1947,1940,SE,us,UNLABELED,1,102879384,Export trade and shipper.
iau.31858050849540,1949,1940,SE,us,UNLABELED,1,102880452,Proceedings of the ... annual meeting of District 1 [of the] National Association of Boards of Pharmacy and American Ass
iau.31858053108985,1943,1940,SE,us,UNLABELED,1,102880610,Study group outlines.
iau.31858054773795,1941,1940,SE,us,UNLABELED,1,009055169,"The Newsletter / Bureau of Educational Research, Ohio State University."
ien.35556000806216,1945,1940,SE,us,UNLABELED,1,010613232,The Saturday evening post.
ien.35556000806299,1948,1940,SE,us,UNLABELED,1,010613232,The Saturday evening post.
ien.35556017361403,1945,1940,SE,us,UNLABELED,1,102088265,Report of the Mayor's Commission on Human Relations for ...
ien.35556026832790,1943,1940,SE,us,UNLABELED,1,000502102,The New Yorker
inu.30000044688053,1940,1940,SE,us,UNLABELED,1,000499740,"Botanical Museum leaflets, Harvard University."
inu.30000088378967,1944,1940,SE,us,UNLABELED,1,000542123,Endocrinology.
inu.30000089149250,1949,1940,SE,us,UNLABELED,1,007195468,Transactions of the ... North American Wildlife Conference
inu.30000089270072,1944,1940,SE,us,UNLABELED,1,008574205,Radio daily.
inu.30000096726348,1947,1940,SE,us,UNLABELED,2,000504195,Plant physiology.
inu.30000108568746,1943,1940,SE,us,UNLABELED,1,005907042,War and peace aims.
inu.30000108586011,1948,1940,SE,us,UNLABELED,1,008570640,New Germany reports.
inu.30000113465987,1948,1940,SE,us,UNLABELED,4,010550329,Proceedings of the annual meeting of the American Student Health Association.
inu.30000114766961,1942,1940,SE,us,UNLABELED,1,000521842,Research studies of the State College of Washington.
inu.30000114767522,1940,1940,SE,us,UNLABELED,1,000598823,Proceedings of the West Virginia Academy of Science.
inu.30000117664791,1947,1940,SE,us,UNLABELED,1,000502692,The Wisconsin archeologist.
inu.30000117880611,1949,1940,SE,us,UNLABELED,1,000639471,The State and local history news.
inu.30000123007142,1943,1940,SE,us,UNLABELED,1,000528354,Contemporary Jewish record.
inu.30000123010690,1949,1940,SE,us,UNLABELED,1,007037038,Palestine affairs.
mdp.35112102049501,1948,1940,SE,us,UNLABELED,1,010426754,Cases adjudicated.
mdp.35128001639564,1943,1940,SE,us,UNLABELED,1,007488786,The Controller.
mdp.39015002100553,1945,1940,SE,us,UNLABELED,1,000864453,"Proceedings ... annual convention, American institute of steel construction, inc."
mdp.39015002947615,1940,1940,SE,us,UNLABELED,1,000517970,The Refrigeration library; manual.
mdp.39015006867207,1947,1940,SE,us,UNLABELED,1,000888373,Research notes.
mdp.39015008709324,1941,1940,SE,us,UNLABELED,1,000046294,Report.
mdp.39015009114987,1940,1940,SE,us,UNLABELED,1,003917071,American organist.
mdp.39015009402838,1943,1940,SE,us,UNLABELED,1,000640256,Progressive architecture.
mdp.39015014567013,1949,1940,SE,us,UNLABELED,1,000045638,Collier's.
mdp.39015016706775,1940,1940,SE,us,UNLABELED,1,000674740,Michigan purchasing management.
mdp.39015018422397,1946,1940,SE,us,UNLABELED,1,000056567,Technical paper.
mdp.39015018435795,1949,1940,SE,us,UNLABELED,1,000528515,Communications.
mdp.39015019276461,1948,1940,SE,us,UNLABELED,1,000518884,Terrestrial magnetism and atmospheric electricity.
mdp.39015019899841,1949,1940,SE,us,UNLABELED,1,000677884,Photogrammetric engineering
mdp.39015020208529,1946,1940,SE,us,UNLABELED,1,000551814,Food freezing.
mdp.39015020934041,1943,1940,SE,us,UNLABELED,1,000504981,Trucking news.
mdp.39015021030849,1942,1940,SE,us,UNLABELED,1,000077642,Annual report - Water and Sewerage Dept.
mdp.39015021093235,1945,1940,SE,us,UNLABELED,1,000680472,Annual report.
mdp.39015021245298,1944,1940,SE,us,UNLABELED,1,000049620,Modern industry.
mdp.39015021307684,1945,1940,SE,us,UNLABELED,1,000495103,Engineering news-record.
mdp.39015022490869,1948,1940,SE,us,UNLABELED,1,000504700,The petroleum engineer.
mdp.39015023915229,1942,1940,SE,us,UNLABELED,1,000058019,Electrical engineering.
mdp.39015024335815,1948,1940,SE,us,UNLABELED,1,000542819,Proceedings / Electric Furnace Steel Conference.
mdp.39015026795040,1949,1940,SE,us,UNLABELED,1,000517485,News letter / American Society of Planning Officials.
mdp.39015027575805,1948,1940,SE,us,UNLABELED,1,000498858,Social research.
mdp.39015027690448,1947,1940,SE,us,UNLABELED,1,001718687,The Year in American music.
mdp.39015028075821,1946,1940,SE,us,UNLABELED,1,000638785,"The Citadel, the Military College of South Carolina."
mdp.39015030183670,1941,1940,SE,us,UNLABELED,1,000523590,Traffic safety.
mdp.39015030528767,1948,1940,SE,us,UNLABELED,2,002132399,Everyman's United Nations.
mdp.39015030972932,1941,1940,SE,us,UNLABELED,1,000055457,Publications of the Metropolitan Museum of Art Egyptian Expedition.
mdp.39015033198873,1947,1940,SE,us,UNLABELED,1,000529232,Consumer education series.
mdp.39015033430706,1948,1940,SE,us,UNLABELED,1,000497481,Architectural record
mdp.39015033582803,1948,1940,SE,us,UNLABELED,1,000554131,The Nervous child.
mdp.39015035054868,1944,1940,SE,us,UNLABELED,1,002130930,Annual report ...
mdp.39015035349029,1948,1940,SE,us,UNLABELED,1,000048604,Research Paper.
mdp.39015035860124,1947,1940,SE,us,UNLABELED,1,000525159,Childhood education.
mdp.39015035931156,1946,1940,SE,us,UNLABELED,1,000637682,Belgium.
mdp.39015036657776,1944,1940,SE,us,UNLABELED,1,000503223,Studies in postwar reconstruction.
mdp.39015036735986,1942,1940,SE,us,UNLABELED,1,000519552,Annual report on historical collections.
mdp.39015036789884,1948,1940,SE,us,UNLABELED,1,000526192,Annual Report.
mdp.39015038652239,1949,1940,SE,us,UNLABELED,1,000505402,Philosophy of science.
mdp.39015039316032,1941,1940,SE,us,UNLABELED,1,000059342,"Papers of the Peabody Museum of Archaeology and Ethnology, Harvard University."
mdp.39015039329688,1946,1940,SE,us,UNLABELED,1,000501060,Annual report of the American Historical Association.
mdp.39015039390599,1949,1940,SE,us,UNLABELED,1,000050398,L.I.D. pamphlet series.
mdp.39015039408995,1948,1940,SE,us,UNLABELED,1,002138542,Technical report ...
mdp.39015039521896,1946,1940,SE,us,UNLABELED,1,000548107,The New England historical and genealogical register.
mdp.39015040382908,1947,1940,SE,us,UNLABELED,1,000520539,The Mathematics teacher
mdp.39015058435853,1946,1940,SE,us,UNLABELED,1,000048874,Report.
mdp.39015059411317,1942,1940,SE,us,UNLABELED,1,000523733,School & society.
mdp.39015062344570,1940,1940,SE,us,UNLABELED,1,000530637,Contribution to education.
mdp.39015063733094,1942,1940,SE,us,UNLABELED,1,000055592,Columbia home front warbooks.
mdp.39015066489488,1949,1940,SE,us,UNLABELED,1,000497885,Proceedings.
mdp.39015066920623,1949,1940,SE,us,UNLABELED,1,005427989,"Study ... of the Bureau of Research, School of Business Administration / made in co-operation with the Department of Ins"
mdp.39015068198293,1942,1940,SE,us,UNLABELED,1,000550503,Official register.
mdp.39015068215899,1940,1940,SE,us,UNLABELED,1,000063102,Publication.
mdp.39015068457806,1943,1940,SE,us,UNLABELED,1,000549504,Annual report.
mdp.39015068499733,1941,1940,SE,us,UNLABELED,1,000541516,Annual report on the fiscal affairs ...
mdp.39015068524670,1940,1940,SE,us,UNLABELED,1,000051130,Announcements : graduate programs in the Divisions / University of Chicago.
mdp.39015069399304,1947,1940,SE,us,UNLABELED,1,000552026,Proceedings of annual meeting.
mdp.39015069535725,1946,1940,SE,us,UNLABELED,1,000494917,Trail and timberline.
mdp.39015070364776,1940,1940,SE,us,UNLABELED,1,000553757,Report ...
mdp.39015071220423,1943,1940,SE,us,UNLABELED,1,000498756,Michigan history.
mdp.39015071415783,1941,1940,SE,us,UNLABELED,1,003265798,Proceedings of the Grand Council of Royal and Select Masters of the State of Michigan at the ... annual assembly.
mdp.39015071459823,1948,1940,SE,us,UNLABELED,1,003263646,"Tracks : Chesapeake & Ohio, Nickel Plate, Pere Marquette."
mdp.39015071862473,1942,1940,SE,us,UNLABELED,1,000062312,The Omega.
mdp.39015073274667,1948,1940,SE,us,UNLABELED,1,000543753,Proceedings of the Institute for County Welfare Directors ... and the Institute for Social Case Workers ...
mdp.39015073783220,1944,1940,SE,us,UNLABELED,1,005656190,Protestant digest.
mdp.39015074628069,1948,1940,SE,us,UNLABELED,1,000505453,Rosicrucian digest.
mdp.39015075912801,1949,1940,SE,us,UNLABELED,1,000553362,Official publication.
mdp.39015075984818,1940,1940,SE,us,UNLABELED,1,000057116,Proceedings of the Missouri Academy of Science.
mdp.39015075985021,1944,1940,SE,us,UNLABELED,1,000057116,Proceedings of the Missouri Academy of Science.
mdp.39015076262594,1947,1940,SE,us,UNLABELED,1,000518787,The Laurel.
mdp.39015076414740,1944,1940,SE,us,UNLABELED,1,000047839,The state of the university. A report to the alumni and friends.
mdp.39015076602617,1940,1940,SE,us,UNLABELED,1,000047895,1000 and one : the blue book of non-theatrical films.
mdp.39015077087537,1940,1940,SE,us,UNLABELED,1,000639228,Proceedings.
mdp.39015077095639,1948,1940,SE,us,UNLABELED,1,000520251,Proceedings - American Gas Association.
mdp.39015077783085,1949,1940,SE,us,UNLABELED,1,005811241,[Announcement].
mdp.39015077878836,1944,1940,SE,us,UNLABELED,1,000052754,Annual report of the Superintendent of Insurance of the State of New York.
mdp.39015078182287,1947,1940,SE,us,UNLABELED,1,000046593,"Studies in business and economics / Bureau of Business and Economic Research, College of Busines and Public Administrati"
mdp.39015080017885,1943,1940,SE,us,UNLABELED,1,000675740,Proceedings.
mdp.39015080031316,1941,1940,SE,us,UNLABELED,1,004591853,The Gargoyle.
mdp.39015080031860,1944,1940,SE,us,UNLABELED,1,000598601,The Universalist leader.
mdp.39015080048567,1946,1940,SE,us,UNLABELED,1,000500031,The Timberman.
mdp.39015080050522,1947,1940,SE,us,UNLABELED,1,000052950,Dyestuffs.
mdp.39015080093316,1948,1940,SE,us,UNLABELED,1,000063570,The Record.
mdp.39015080133427,1940,1940,SE,us,UNLABELED,1,000050607,Barrel and box and packages.
mdp.39015080159869,1949,1940,SE,us,UNLABELED,1,000540841,Alcalde.
mdp.39015080169074,1943,1940,SE,us,UNLABELED,1,000053917,Commercial America / Philadelphia Commercial Museum.
mdp.39015080173126,1942,1940,SE,us,UNLABELED,1,000499117,Themis of Zeta Tau Alpha.
mdp.39015080378121,1942,1940,SE,us,UNLABELED,1,000060312,Michigan forester.
mdp.39015080378261,1946,1940,SE,us,UNLABELED,1,000060312,Michigan forester.
mdp.39015081930896,1944,1940,SE,us,UNLABELED,1,003948946,Municipalities and the law in action.
mdp.39015082128755,1940,1940,SE,us,UNLABELED,1,000523561,Technical Association papers.
mdp.39015082368864,1949,1940,SE,us,UNLABELED,1,000519004,Publication.
mdp.39015082550966,1943,1940,SE,us,UNLABELED,1,102824087,Leaflets
mdp.39015082995682,1943,1940,SE,us,UNLABELED,1,000642647,Veneers and plywood.
mdp.39015082998892,1944,1940,SE,us,UNLABELED,1,000550795,News letter.
mdp.39015083022338,1942,1940,SE,us,UNLABELED,1,002132935,Official miscellaneous.
mdp.39015086590919,1947,1940,SE,us,UNLABELED,1,000541844,Forth.
mdp.39015086591024,1943,1940,SE,us,UNLABELED,1,000541844,Forth.
mdp.39015086592931,1945,1940,SE,us,UNLABELED,1,000551044,National Foundation news.
mdp.39015086637876,1941,1940,SE,us,UNLABELED,1,000057453,Report.
mdp.39015086700211,1944,1940,SE,us,UNLABELED,1,000545421,...Transcripts of addresses...
mdp.39015086736769,1949,1940,SE,us,UNLABELED,1,001300838,Magnetic hourly values.
mdp.39015086742874,1940,1940,SE,us,UNLABELED,1,000545049,The Banker and financier.
mdp.39015086792523,1943,1940,SE,us,UNLABELED,1,000498246,Book production.
mdp.39015086792689,1941,1940,SE,us,UNLABELED,1,000498246,Book production.
nnc1.ar00269069,1949,1940,SE,us,UNLABELED,1,102357575,State of Maryland long-term capital improvement program / prepared by Maryland State Planning Commission in cooperation 
nnc2.ark:/13960/t7jq3zh5s,1944,1940,SE,us,UNLABELED,1,100785542,News of China
nyp.33433000156681,1947,1940,SE,us,UNLABELED,1,010848272,American funeral director.
nyp.33433000158208,1946,1940,SE,us,UNLABELED,1,103218805,Modern cemetery.
nyp.33433003024134,1940,1940,SE,us,UNLABELED,1,103218155,Industrial insurance.
nyp.33433006726297,1947,1940,SE,us,UNLABELED,1,103263830,Biennial report of the ...
nyp.33433007732831,1947,1940,SE,us,UNLABELED,1,103264820,Circular.
nyp.33433015253333,1948,1940,SE,us,UNLABELED,1,100695641,The Exhibitor.
nyp.33433019414618,1949,1940,SE,us,UNLABELED,1,103139139,Showmen's round table.
nyp.33433021026475,1945,1940,SE,us,UNLABELED,1,004054938,Playthings.
nyp.33433034835979,1947,1940,SE,us,UNLABELED,1,000045431,Motion picture.
nyp.33433035452733,1949,1940,SE,us,UNLABELED,1,103096090,The Box office check-up.
nyp.33433063915916,1948,1940,SE,us,UNLABELED,1,000502452,The Bulb horn.
nyp.33433066015904,1948,1940,SE,us,UNLABELED,1,008616219,National jeweler.
nyp.33433068929250,1947,1940,SE,us,UNLABELED,1,006102223,Caecilia.
nyp.33433075415707,1944,1940,SE,us,UNLABELED,1,103137090,"The Synagogue; information, comments, suggestions on synagogue policy, programs and projects."
nyp.33433078276163,1949,1940,SE,us,UNLABELED,1,008303352,Pictures on exhibit.
nyp.33433085023442,1946,1940,SE,us,UNLABELED,1,000518682,Vogue.
nyp.33433085578023,1948,1940,SE,us,UNLABELED,1,000675421,Notes.
nyp.33433089777837,1942,1940,SE,us,UNLABELED,1,103046568,Distributor.
nyp.33433090344411,1942,1940,SE,us,UNLABELED,1,007198319,Comptes rendus (Doklady) de l'Académie des sciences de l'URSS
nyp.33433090344569,1945,1940,SE,us,UNLABELED,1,007198319,Comptes rendus (Doklady) de l'Académie des sciences de l'URSS
nyp.33433100217391,1946,1940,SE,us,UNLABELED,1,012306448,Building supply news.
nyp.33433100224694,1942,1940,SE,us,UNLABELED,1,103066741,Butane-propane news.
nyp.33433100238637,1947,1940,SE,us,UNLABELED,1,103064490,California petroleum register.
nyp.33433102056409,1946,1940,SE,us,UNLABELED,1,008699758,Decorative Furnisher.
nyp.33433107791299,1942,1940,SE,us,UNLABELED,1,103053301,Annual report ...
nyp.33433108113493,1948,1940,SE,us,UNLABELED,1,009539046,Textile industries.
nyp.33433108206354,1946,1940,SE,us,UNLABELED,1,103050417,Electrical manufacturing.
nyp.33433108244256,1948,1940,SE,us,UNLABELED,1,103050620,The Enamelist.
nyp.33433109801567,1948,1940,SE,us,UNLABELED,1,100156761,Fibre containers : paperboard mill and paperboard box industries.
nyp.33433109993257,1944,1940,SE,us,UNLABELED,1,100184439,Engineering Experiment Station circular.
nyp.33433110044298,1949,1940,SE,us,UNLABELED,1,008896844,Transactions of the Illuminating Engineering Society.
nyp.33433110170366,1946,1940,SE,us,UNLABELED,1,103067724,Jobber topics.
nyp.33433115144200,1947,1940,SE,us,UNLABELED,1,103093091,Poster annual / sponsored by the Art Directors Club of Chicago.
osu.32435019754514,1947,1940,SE,us,UNLABELED,1,102650146,North Carolina education.
osu.32435021089123,1949,1940,SE,us,UNLABELED,1,100714111,Teachers' classroom guide for Open your eyes.
osu.32435022420863,1948,1940,SE,us,UNLABELED,1,102769992,Proceedings of the International Newspaper Advertising Executives Incorporated ... summer sales conference.
osu.32435022833834,1944,1940,SE,us,UNLABELED,1,000497481,Architectural record
osu.32435023212210,1942,1940,SE,us,UNLABELED,1,009055134,Annual report.
osu.32435027438522,1948,1940,SE,us,UNLABELED,1,103118832,Petroleum independent.
osu.32435028196681,1949,1940,SE,us,UNLABELED,1,102897214,Stamps.
osu.32435054699814,1940,1940,SE,us,UNLABELED,1,010936446,"Biennial report of the Superintendent of Public Instruction of North Carolina to Governor ..., for the scholastic years "
osu.32435056055544,1944,1940,SE,us,UNLABELED,1,004527922,Sales management.
osu.32435056524671,1949,1940,SE,us,UNLABELED,1,000517525,Contributions - Brooklyn Botanic Garden.
osu.32435057155517,1940,1940,SE,us,UNLABELED,1,006219452,Insurance series / American Management Association.
osu.32435058132176,1944,1940,SE,us,UNLABELED,1,009629245,"Proceedings of the ... annual encampment of the Department of Michigan, United Spanish War Veterans."
osu.32435059861385,1945,1940,SE,us,UNLABELED,1,006795038,Mademoiselle.
osu.32435060972221,1945,1940,SE,us,UNLABELED,2,000495892,"Collected papers / Osborn Zoological Laboratory, Yale University."
osu.32435062288576,1945,1940,SE,us,UNLABELED,1,102080554,Proceedings of the Kentucky Mining Institute.
osu.32435062310917,1943,1940,SE,us,UNLABELED,1,000639228,Proceedings.
osu.32435063028930,1948,1940,SE,us,UNLABELED,1,000677834,Railway age.
osu.32435063036750,1944,1940,SE,us,UNLABELED,1,000505779,Safety engineering.
osu.32435064051493,1940,1940,SE,us,UNLABELED,1,009821234,The Official National Collegiate Athletic Association track and field guide.
osu.32435065937070,1949,1940,SE,us,UNLABELED,1,100006713,The National provisioner
osu.32435065937443,1941,1940,SE,us,UNLABELED,1,100006713,The National provisioner
osu.32435067605857,1943,1940,SE,us,UNLABELED,1,000046889,Fellowship.
osu.32435067905471,1949,1940,SE,us,UNLABELED,1,000494396,Annual report.
osu.32436001064326,1944,1940,SE,us,UNLABELED,1,000540718,Contact point.
osu.32437121466664,1946,1940,SE,us,UNLABELED,1,009409780,Proceedings of the ... Annual Meeting of the Alabama State Bar Association.
osu.32437121486134,1943,1940,SE,us,UNLABELED,1,009409551,Report of the ... annual meeting of the Pennsylvania Bar Association.
pst.000020220235,1942,1940,SE,us,UNLABELED,1,000500423,Woman's home companion.
pst.000020220440,1948,1940,SE,us,UNLABELED,1,000500423,Woman's home companion.
pst.000067707669,1946,1940,SE,us,UNLABELED,1,000677795,The proceedings - Middle States Association of Colleges and Schools. Annual convention.
pur1.32754080806221,1948,1940,SE,us,UNLABELED,1,009422910,"Report of the United States Commissioner / Military Government, Austria."
rul.39030032141535,1947,1940,SE,us,UNLABELED,1,103285304,Report.
rul.39030035810284,1943,1940,SE,us,UNLABELED,1,008896255,Transactions of the American Institute of Mining and Metallurgical Engineers.
rul.39030038824092,1949,1940,SE,us,UNLABELED,1,102502683,Annual report of the Delaware Commission of Shell Fisheries of the State of Delaware for the fiscal year...
uc1.$b357723,1941,1940,SE,us,UNLABELED,1,009996796,Group work
uc1.$b541315,1943,1940,SE,us,UNLABELED,1,000551893,Headline books.
uc1.$b583174,1949,1940,SE,us,UNLABELED,1,000678718,American planning and civic annual; a record of recent civic advance...
uc1.$b641403,1947,1940,SE,us,UNLABELED,1,100887600,Circular.
uc1.$b725757,1940,1940,SE,us,UNLABELED,1,000494917,Trail and timberline.
uc1.$b780868,1941,1940,SE,us,UNLABELED,2,000599138,School science and mathematics.
uc1.$b801579,1949,1940,SE,us,UNLABELED,1,007939405,Programme.
uc1.$c198162,1949,1940,SE,us,UNLABELED,1,009989517,Brieflet.
uc1.$c201153,1948,1940,SE,us,UNLABELED,1,102087944,Advertising agency.
uc1.$c241221,1949,1940,SE,us,UNLABELED,1,102412296,"Washington vital statistics summary : Washington State Department of Health, Public Health Statistics Section."
uc1.31158001780997,1942,1940,SE,us,UNLABELED,1,000500600,Archives of neurology and psychiatry
uc1.31175005774263,1948,1940,SE,us,UNLABELED,1,009663596,The United States news.
uc1.31210002962577,1943,1940,SE,us,UNLABELED,1,000545491,Pamphlet - Idaho Bureau of Mines and Geology.
uc1.31210012728703,1945,1940,SE,us,UNLABELED,1,000053370,Netherlands news.
uc1.31822042950295,1941,1940,SE,us,UNLABELED,1,102432649,"Deck log book, R/V E. W. Scripps"
uc1.32106005786170,1949,1940,SE,us,UNLABELED,1,000680376,Newsweek
uc1.32106008956432,1945,1940,SE,us,UNLABELED,1,000523733,School & society.
uc1.32106017414985,1944,1940,SE,us,UNLABELED,1,007150293,Business research studies
uc1.32106019800249,1948,1940,SE,us,UNLABELED,1,004528900,Progressive architecture
uc1.a0001929678,1944,1940,SE,us,UNLABELED,1,100143507,Acts passed at the ... session of the ... General Assembly of the State of Mississippi.
uc1.b000542472,1944,1940,SE,us,UNLABELED,1,102695367,Newsweek
uc1.b2504810,1941,1940,SE,us,UNLABELED,1,000534213,Proceedings / Institute of Food Technologists.
uc1.b2505971,1943,1940,SE,us,UNLABELED,1,000551893,Headline books.
uc1.b2508100,1941,1940,SE,us,UNLABELED,1,007902240,Unauthorized practice news.
uc1.b2866741,1941,1940,SE,us,UNLABELED,1,007930368,Radio.
uc1.b2906953,1946,1940,SE,us,UNLABELED,1,007919118,Annual report.
uc1.b2930735,1946,1940,SE,us,UNLABELED,1,005314000,Trusts and estates.
uc1.b2952778,1940,1940,SE,us,UNLABELED,1,010309139,Report
uc1.b2953946,1940,1940,SE,us,UNLABELED,1,000070464,Report of the proceedings at the ... annual meeting.
uc1.b2963583,1940,1940,SE,us,UNLABELED,1,010118983,Transactions
uc1.b2967767,1947,1940,SE,us,UNLABELED,1,010308848,The Pan American
uc1.b2982834,1941,1940,SE,us,UNLABELED,1,010066441,The American Oxonian
uc1.b2994028,1947,1940,SE,us,UNLABELED,1,010031927,Report
uc1.b3005482,1942,1940,SE,us,UNLABELED,1,010305315,Washington Public Documents
uc1.b3007994,1943,1940,SE,us,UNLABELED,1,000497801,The Minnesota volunteer.
uc1.b3019543,1947,1940,SE,us,UNLABELED,1,010117054,Industrial Finishing
uc1.b3034496,1949,1940,SE,us,UNLABELED,1,010306217,Report
uc1.b3037487,1948,1940,SE,us,UNLABELED,1,010306111,News Letter
uc1.b3040035,1941,1940,SE,us,UNLABELED,1,007910290,Proceedings of the ... annual convention of the Association of Life Insurance Presidents.
uc1.b3043160,1944,1940,SE,us,UNLABELED,1,010100532,Report
uc1.b3043334,1940,1940,SE,us,UNLABELED,1,000533331,International conciliation.
uc1.b3043430,1940,1940,SE,us,UNLABELED,1,000521531,The record.
uc1.b3053188,1943,1940,SE,us,UNLABELED,1,010305707,Abstract[s] of dissertation[s] presented to the Graduate college in partial fullment of the requirements for the degree 
uc1.b3064858,1941,1940,SE,us,UNLABELED,1,010305205,Nursing World
uc1.b3082809,1946,1940,SE,us,UNLABELED,1,010068873,Proceedings
uc1.b3084324,1946,1940,SE,us,UNLABELED,1,006196359,Proceedings.
uc1.b3088671,1949,1940,SE,us,UNLABELED,1,000502002,The New scholasticism.
uc1.b3096349,1948,1940,SE,us,UNLABELED,1,000641932,The Educational record. Supplement.
uc1.b3096533,1942,1940,SE,us,UNLABELED,1,010054512,Proceedings
uc1.b3100537,1947,1940,SE,us,UNLABELED,1,010302626,The Aviation Annual
uc1.b3116259,1949,1940,SE,us,UNLABELED,1,010031243,Transportation.
uc1.b3243386,1941,1940,SE,us,UNLABELED,1,010048112,"The American Aberdeen-Angus herd-book, containing a record of Aberdeen-Angus cattle approved and admitted for registry u"
uc1.b3288123,1949,1940,SE,us,UNLABELED,1,007921567,Poetry awards.
uc1.b3288251,1948,1940,SE,us,UNLABELED,1,007921617,"Reprints of English books, 1475-1700."
uc1.b3357715,1949,1940,SE,us,UNLABELED,1,000679446,Political affairs.
uc1.b3365038,1941,1940,SE,us,UNLABELED,2,000498758,Report.
uc1.b3372760,1944,1940,SE,us,UNLABELED,1,102821576,Saving the redwoods.
uc1.b3433923,1940,1940,SE,us,UNLABELED,1,000494203,American universities and colleges.
uc1.b3495427,1942,1940,SE,us,UNLABELED,1,007854858,English Institute essays.
uc1.b3509440,1948,1940,SE,us,UNLABELED,1,000496365,Educational leadership.
uc1.b3513057,1941,1940,SE,us,UNLABELED,1,000521033,Public affairs pamphlet.
uc1.b3538425,1944,1940,SE,us,UNLABELED,1,000060700,Documents on American foreign relations.
uc1.b3720950,1949,1940,SE,us,UNLABELED,1,007917967,Transactions of the American Goiter Association.
uc1.b3744556,1941,1940,SE,us,UNLABELED,1,000638311,Educational and psychological measurement
uc1.b3773601,1941,1940,SE,us,UNLABELED,1,000059161,Proceedings.
uc1.b3834861,1947,1940,SE,us,UNLABELED,1,000052921,Lloydia.
uc1.b3973995,1940,1940,SE,us,UNLABELED,1,007888488,Proceedings of the ... convention of the American Flint Glass Workers' Union.
uc1.b3974043,1946,1940,SE,us,UNLABELED,1,006157131,Constitution.
uc1.b3998193,1948,1940,SE,us,UNLABELED,1,012284314,A Summary of the proceedings of the ... constitutional convention of the United Office and Professional Workers of Ameri
uc1.b3998240,1942,1940,SE,us,UNLABELED,1,009694320,"Constitution, by-laws and policy of the federation."
uc1.b4151096,1942,1940,SE,us,UNLABELED,1,000547110,Technical publication.
uc1.b4162930,1948,1940,SE,us,UNLABELED,1,010064386,Report
uc1.b4186221,1947,1940,SE,us,UNLABELED,1,010066327,Modern Education and Human Values; Pitcairn-Crabbe Foundation Lecture Series
uc1.b4199284,1945,1940,SE,us,UNLABELED,1,010066684,Proceedings
uc1.b4222280,1940,1940,SE,us,UNLABELED,2,009199305,Electricity on the farm.
uc1.b4327599,1940,1940,SE,us,UNLABELED,1,000049238,The Frater of Psi Omega.
uc1.b4823158,1947,1940,SE,us,UNLABELED,1,000533692,Report of Washington State Liquor Control Board.
uc1.b5039155,1943,1940,SE,us,UNLABELED,1,008440941,Pennsylvania state reports.
uc1.c031757525,1945,1940,SE,us,UNLABELED,1,006112577,General orders.
uc1.c038948306,1940,1940,SE,us,UNLABELED,1,000598855,Time.
uc1.c104629820,1945,1940,SE,us,UNLABELED,1,000551634,Proceedings of the annual highway conference.
uc1.c2532662,1947,1940,SE,us,UNLABELED,1,103164519,Banta's Greek exchange.
uc1.c2542850,1943,1940,SE,us,UNLABELED,1,103164562,"Operations: placement, and unemployment insurance."
uc1.c2545384,1949,1940,SE,us,UNLABELED,1,103164569,Benefit decisions.
uc1.c2557717,1942,1940,SE,us,UNLABELED,1,012455838,Western banker.
uc1.c2564272,1948,1940,SE,us,UNLABELED,1,103182297,Annual report.
uc1.c2573236,1941,1940,SE,us,UNLABELED,1,000677583,Proceedings - American Merchant Marine Conference.
uc1.c2609779,1946,1940,SE,us,UNLABELED,1,103245360,Western confectioner.
uc1.c2611039,1940,1940,SE,us,UNLABELED,1,103245346,Western grower & shipper.
uc1.c2632179,1943,1940,SE,us,UNLABELED,1,010692054,Annual report.
uc1.c2634501,1942,1940,SE,us,UNLABELED,1,103277984,Russia at war / the American Russian Institute.
uc1.l0053550885,1944,1940,SE,us,UNLABELED,1,011159779,Annual report.
uc1.l0058313016,1945,1940,SE,us,UNLABELED,1,101672310,Indiana University publications. Humanities series.
uc1.l0069145449,1944,1940,SE,us,UNLABELED,1,011159833,University of Texas publication.
uc1.l0069270494,1949,1940,SE,us,UNLABELED,1,000549801,New South.
uc1.l0073611527,1949,1940,SE,us,UNLABELED,1,102613615,Mainstream.
ucbk.ark:/28722/h20p0ws8z,1940,1940,SE,us,UNLABELED,1,102763222,The Napa daily register.
ucbk.ark:/28722/h21j97t3g,1945,1940,SE,us,UNLABELED,1,102871661,The Daily Californian.
ucbk.ark:/28722/h21v5bz90,1946,1940,SE,us,UNLABELED,1,102871661,The Daily Californian.
ucbk.ark:/28722/h2222rp65,1948,1940,SE,us,UNLABELED,1,102871661,The Daily Californian.
ucbk.ark:/28722/h23776f2d,1945,1940,SE,us,UNLABELED,1,102871661,The Daily Californian.
ucbk.ark:/28722/h2639kq97,1943,1940,SE,us,UNLABELED,1,102871661,The Daily Californian.
ucbk.ark:/28722/h27p8tv68,1948,1940,SE,us,UNLABELED,1,102871661,The Daily Californian.
ucbk.ark:/28722/h2br8n00q,1948,1940,SE,us,UNLABELED,1,102871661,The Daily Californian.
ucbk.ark:/28722/h2dn40c58,1947,1940,SE,us,UNLABELED,1,102871661,The Daily Californian.
ucbk.ark:/28722/h2jd4q801,1947,1940,SE,us,UNLABELED,1,102871661,The Daily Californian.
ucbk.ark:/28722/h2k06xk9t,1943,1940,SE,us,UNLABELED,1,102871661,The Daily Californian.
ucbk.ark:/28722/h2kd1r298,1947,1940,SE,us,UNLABELED,1,102871661,The Daily Californian.
ucbk.ark:/28722/h2st7fc5x,1949,1940,SE,us,UNLABELED,1,102871661,The Daily Californian.
ufl.31262044246683,1944,1940,SE,us,UNLABELED,1,000636384,Pacific pulp & paper industry.
ufl.31262051207149,1949,1940,SE,us,UNLABELED,1,000518967,Plain talk.
ufl.31262076955888,1944,1940,SE,us,UNLABELED,1,103076833,Annual report on historical collections.
ufl.31262098743734,1944,1940,SE,us,UNLABELED,1,009254334,A Seventeenth century news letter.
ufl.31262099384579,1943,1940,SE,us,UNLABELED,1,000543511,Outdoor Indiana.
ufl.31262100754166,1944,1940,SE,us,UNLABELED,1,000045514,Common ground.
ufl.31262100807956,1942,1940,SE,us,UNLABELED,1,008925131,Annual report of the Department of Education.
ufl.35051102303288,1944,1940,SE,us,UNLABELED,1,000500290,Air transport.
ufl.35051107724652,1943,1940,SE,us,UNLABELED,1,000548513,Consumers cooperation.
ufl.35051107940985,1944,1940,SE,us,UNLABELED,1,000531104,Free France.
uiug.30112002407929,1941,1940,SE,us,UNLABELED,1,000677969,Social work today.
uiug.30112007703868,1949,1940,SE,us,UNLABELED,1,007923740,Circular ... of the University of Illinois Engineering Experiment Station.
uiug.30112007834382,1947,1940,SE,us,UNLABELED,1,000545329,Construction methods & equipment.
uiug.30112008466218,1947,1940,SE,us,UNLABELED,1,000535339,Illuminating engineering.
uiug.30112022819483,1948,1940,SE,us,UNLABELED,1,008569543,Seminar.
uiug.30112028200431,1940,1940,SE,us,UNLABELED,1,012369878,Report of the Inspector of Mines for the State of Idaho for the year ...
uiug.30112039976847,1942,1940,SE,us,UNLABELED,1,000493940,Town meeting.
uiug.30112054913378,1940,1940,SE,us,UNLABELED,1,100775545,"Biennial report of the Department of Conservation and Development, from ..."
uiug.30112062165268,1946,1940,SE,us,UNLABELED,1,011452219,Report.
uiug.30112062341059,1942,1940,SE,us,UNLABELED,1,103152331,Brookmire commentator.
uiug.30112067409976,1945,1940,SE,us,UNLABELED,1,000054580,National petroleum news
uiug.30112071892159,1944,1940,SE,us,UNLABELED,1,011483325,Report of the ... industrial exposition of the Mechanics' Institute of the City of San Francisco.
uiug.30112072637579,1945,1940,SE,us,UNLABELED,1,103004666,Intertype faces.
uiug.30112073485580,1941,1940,SE,us,UNLABELED,1,103005101,Fortune.
uiug.30112074676286,1946,1940,SE,us,UNLABELED,1,004316107,Legislative document.
uiug.30112074677110,1942,1940,SE,us,UNLABELED,1,004316107,Legislative document.
uiug.30112089633793,1944,1940,SE,us,UNLABELED,1,100631240,Pacific builder & engineer.
uiug.30112089695347,1944,1940,SE,us,UNLABELED,1,103009075,Idea exchange.
uiug.30112099434760,1941,1940,SE,us,UNLABELED,1,000067992,Rubber red book.
uiug.30112099961317,1948,1940,SE,us,UNLABELED,1,101718956,Wee bit of news.
uiug.30112099966084,1944,1940,SE,us,UNLABELED,1,101718087,Public assistance statistics.
uiug.30112100054375,1946,1940,SE,us,UNLABELED,1,008701516,City record.
uiug.30112100619284,1948,1940,SE,us,UNLABELED,1,103008653,Announcement.
uiug.30112104356594,1945,1940,SE,us,UNLABELED,1,100370080,Annual report.
uiug.30112105205139,1941,1940,SE,us,UNLABELED,1,011454086,Financial report of Armour and Company.
uiug.30112106092288,1947,1940,SE,us,UNLABELED,1,103008904,College of Education.
uiug.30112106988436,1949,1940,SE,us,UNLABELED,1,008877544,"Contributions to education / Teachers College, Columbia University."
uiug.30112108054724,1949,1940,SE,us,UNLABELED,1,011454289,Annual report.
uiug.30112108163319,1944,1940,SE,us,UNLABELED,1,000532536,Southern California education monographs.
uiug.30112111512403,1945,1940,SE,us,UNLABELED,1,000506853,Abstracts of masters' theses.
uiug.30112112118804,1946,1940,SE,us,UNLABELED,1,009124781,Dairy record.
uiug.30112112219834,1942,1940,SE,us,UNLABELED,1,100697428,Announcement ...
uiug.30112115347657,1947,1940,SE,us,UNLABELED,1,103070977,Report of the president.
uiug.30112129190788,1940,1940,SE,us,UNLABELED,1,000678616,Biennial report.
uiuo.ark:/13960/t2c83bk7s,1941,1940,SE,us,UNLABELED,1,100145385,Annual report.
uiuo.ark:/13960/t2v41nw9q,1947,1940,SE,us,UNLABELED,1,000061473,Annual register.
umn.31951000736757v,1946,1940,SE,us,UNLABELED,1,008572076,Holiday.
umn.31951000763049j,1940,1940,SE,us,UNLABELED,1,000049907,Statistical report of the superintendent of public instruction.
umn.31951000873378n,1944,1940,SE,us,UNLABELED,1,000061421,Report of investigations.
umn.31951001236777g,1947,1940,SE,us,UNLABELED,1,000501564,Life.
umn.31951001239618l,1943,1940,SE,us,UNLABELED,1,010157536,New essays.
umn.319510014623172,1940,1940,SE,us,UNLABELED,1,008559659,Budget and financial statistics.
umn.31951001919394g,1949,1940,SE,us,UNLABELED,1,009368199,Typo graphic.
umn.319510019291057,1943,1940,SE,us,UNLABELED,1,008559373,"Annual report, State Department of Public Welfare of Alabama, for the fiscal year ending."
umn.31951002214601v,1945,1940,SE,us,UNLABELED,1,000553958,University of Colorado studies. Series B. Studies in the humanities.
umn.31951002228832m,1941,1940,SE,us,UNLABELED,1,000057450,Proceedings of the annual get-together meeting.
umn.31951002260829r,1945,1940,SE,us,UNLABELED,1,000056399,"Abstracts of dissertations for the degree of doctor of philosophy, with the titles of theses acccepted for masters' degr"
umn.31951002440674s,1949,1940,SE,us,UNLABELED,1,009665089,"Research monograph / Bureau of Business Research, Ohio State University."
umn.31951002544528c,1941,1940,SE,us,UNLABELED,1,009893387,The annual proceedings of the Iowa State Bar Association.
umn.31951002779671m,1941,1940,SE,us,UNLABELED,1,000638907,Michigan public health.
umn.31951d000215333,1946,1940,SE,us,UNLABELED,1,000674487,Transactions of the American Philosophical Society.
umn.31951d001491887,1941,1940,SE,us,UNLABELED,1,000534582,Budget.
umn.31951d00217856d,1947,1940,SE,us,UNLABELED,1,000523564,Tappi.
umn.31951d00340852v,1949,1940,SE,us,UNLABELED,1,000640062,Proceedings of the annual meeting - Association of Midwest Fish and Game Commissioners.
umn.31951d024202463,1949,1940,SE,us,UNLABELED,1,100838770,"Ordinances of the city of St. Paul, Minnesota : passed during the year."
umn.31951d02637333p,1940,1940,SE,us,UNLABELED,1,012189348,Biennial report of the Attorney-General of the State of North Carolina
umn.31951p00174579n,1945,1940,SE,us,UNLABELED,1,009893779,The Summons.
umn.31951p01107551s,1946,1940,SE,us,UNLABELED,1,000534746,Inter-continental press guide.
uva.x000595527,1944,1940,SE,us,UNLABELED,1,000518899,Annual report - American Civil Liberties Union.
uva.x001037271,1944,1940,SE,us,UNLABELED,1,000524123,"New dominion series,"
uva.x004112741,1948,1940,SE,us,UNLABELED,1,008466482,Annual report of the director / Mount Wilson and Palomar Observatories.
uva.x004166378,1947,1940,SE,us,UNLABELED,1,000639228,Proceedings.
uva.x004199585,1949,1940,SE,us,UNLABELED,1,101943119,Lexington leaflets.
uva.x004332366,1940,1940,SE,us,UNLABELED,1,101943351,University of Virginia alumni news.
uva.x004965249,1941,1940,SE,us,UNLABELED,1,102089976,Roster of the Society of the Cincinnati / the Society.
uva.x030021003,1940,1940,SE,us,UNLABELED,1,000638494,Refrigerating engineering.
uva.x030534134,1948,1940,SE,us,UNLABELED,1,009473398,The Rubber age.
uva.x030534135,1948,1940,SE,us,UNLABELED,1,009473398,The Rubber age.
uva.x030534151,1945,1940,SE,us,UNLABELED,1,009473398,The Rubber age.
uva.x030598073,1945,1940,SE,us,UNLABELED,1,000045514,Common ground.
uva.x030599568,1949,1940,SE,us,UNLABELED,2,000056533,Fieldiana. Anthropology.
uva.x030599876,1946,1940,SE,us,UNLABELED,1,101944843,The Shenandoah reader.
uva.x030601081,1941,1940,SE,us,UNLABELED,1,000049060,Automobile facts.
uva.x030602192,1948,1940,SE,us,UNLABELED,1,000504983,Illinois libraries.
uva.x030687644,1941,1940,SE,us,UNLABELED,1,102090307,The American Hebrew.
uva.x030687810,1943,1940,SE,us,UNLABELED,1,102088321,The Peabody reflector.
uva.x030696124,1941,1940,SE,us,UNLABELED,1,101955644,"School life / Official organ of the United States Bureau of Education, Department of the Interior."
uva.x030696153,1949,1940,SE,us,UNLABELED,1,101955644,"School life / Official organ of the United States Bureau of Education, Department of the Interior."
uva.x030736457,1942,1940,SE,us,UNLABELED,1,006928388,The collector.
uva.x030736477,1943,1940,SE,us,UNLABELED,1,006928388,The collector.
uva.x030736485,1941,1940,SE,us,UNLABELED,1,006928388,The collector.
uva.x030736606,1947,1940,SE,us,UNLABELED,1,102022695,Educational focus.
uva.x030748726,1946,1940,SE,us,UNLABELED,1,008634973,Unity.
uva.x030761464,1946,1940,SE,us,UNLABELED,2,000045239,Chemist-analyst.
uva.x030800920,1948,1940,SE,us,UNLABELED,1,000049781,Coronet.
wu.89038466041,1940,1940,SE,us,UNLABELED,1,006798224,The American fertilizer hand book.
wu.89064897630,1944,1940,SE,us,UNLABELED,1,005947695,Forth.
wu.89066033838,1940,1940,SE,us,UNLABELED,1,007466724,Carry on / Women's Overseas Service League.
wu.89069291102,1944,1940,SE,us,UNLABELED,1,006853208,Our young people.
wu.89095834289,1946,1940,SE,us,UNLABELED,1,005907042,War and peace aims.
wu.89099251456,1940,1940,SE,us,UNLABELED,1,006825993,Better buymanship.
wu.89100963016,1948,1940,SE,us,UNLABELED,1,006916058,List of publications of members of the staffs of Iowa State College ... / compiled by Iowa State College Library.
yale.39002002906981,1943,1940,SE,us,UNLABELED,1,000522827,Proceedings of the Vermont Historical Society.
mdp.39015057287867,1955,1950,BK,uk,AGRICULTURAL,1,000957583,Food policy from farmer to people.
mdp.39015006775178,1957,1950,BK,uk,CATALOG,1,001468667,Drawings : [a critical and chronological catalogue] / by Otto Benesch.
uiug.30112113068875,1954,1950,BK,uk,CATALOG,1,103157433,"The Ellesmere Collection of old master drawings : [catalogue] / [Leicester Museums and Art Gallery, Department of Art]."
mdp.39015011046987,1955,1950,BK,uk,GENERAL_PERIODICAL,1,001207645,Journals.
mdp.39015052390906,1954,1950,BK,uk,GENERAL_PERIODICAL,1,003515010,Anglo-German news. No. 1 : journal of the Anglo-German Association.
mdp.39015028163726,1951,1950,BK,uk,LEGAL,1,001624473,A text-book of jurisprudence / by George Whitecross Paton.
mdp.39015074111967,1954,1950,BK,uk,MEDICAL,1,001173670,Garrison and Morton's Medical bibliography: an annotated check-list of texts illustrating the history of medicine / by L
uc1.b4958077,1958,1950,BK,uk,MEDICAL,1,001581400,The Royal Air Force medical services.
mdp.39015006963816,1958,1950,BK,uk,REFERENCE,1,001157114,The ancien regime; a manual of French institutions and social classes.
mdp.39015034783939,1955,1950,BK,uk,REFERENCE,1,001193067,"A bibliography of the works in English of Arnold Toynbee, 1910-1954."
osu.32435007012016,1954,1950,BK,uk,REFERENCE,1,102619152,"A dictionary of clichés, with an introductory essay."
uc1.b4095390,1955,1950,BK,uk,REFERENCE,4,006152296,"Winifred Holtby; a concise and selected bibliography, together with some letters."
uc1.b4531525,1951,1950,BK,uk,REFERENCE,1,006258931,Child care; a handbook on the care of the child deprived of a normal home life.
mdp.39015001680662,1959,1950,BK,uk,RELIGIOUS,2,001139452,The French religious wars in English political thought.
mdp.39015026282452,1955,1950,BK,uk,RELIGIOUS,1,001406474,Poetry and letters in early Christian Gaul.
mdp.39015049235594,1958,1950,BK,uk,RELIGIOUS,1,001930806,"Vocabulary of the Bible. [Translated into English from the 2nd French ed., 1956 / by P.J. Allcock and others] Introd. by"
uva.x001109855,1959,1950,BK,uk,RELIGIOUS,1,102028590,"The kingdom of Christ, or, Hints on the principles, ordinances, and constitution of the Catholic Church in letters to a "
wu.89094588423,1950,1950,BK,uk,RELIGIOUS,2,001408954,Philo's Bible; the aberrant text of Bible quotations in some Philonic writings and its place in the textual history of t
coo.31924002805251,1959,1950,BK,uk,UNLABELED,1,009109305,Campanulas and bellflowers in cultivation.
coo.31924003120072,1951,1950,BK,uk,UNLABELED,1,009057434,Modern poultry practice; with an introduction by R. Coles.
coo.31924003193582,1952,1950,BK,uk,UNLABELED,1,009057591,Weather and scale-hive recording.
coo.31924004675355,1955,1950,BK,uk,UNLABELED,1,009231226,Copper in cast steel and iron.
coo.31924015943693,1952,1950,BK,uk,UNLABELED,1,102376574,The Parish of St. Pancras / [by Percy W. Lovell [and others]].
coo.31924050575731,1956,1950,BK,uk,UNLABELED,1,004423389,"The genetics of garden plants, by M.B. Crane and W.J.C. Lawrence. With a foreword by the late Sir Daniel Hall."
coo.31924081303145,1955,1950,BK,uk,UNLABELED,3,000915752,"Plato, with an English translation."
cub.p101090304018,1958,1950,BK,uk,UNLABELED,1,103147922,The Teachers' commentary.
iau.31858028074080,1954,1950,BK,uk,UNLABELED,1,012265041,"The listener's history of music; a book for any concert-goer, gramophonist, or radio listener, providing also a course o"
ien.35556001152701,1959,1950,BK,uk,UNLABELED,1,010603967,The mirror of light : from the notebooks of Rodney Collin.
ien.35558001569058,1950,1950,BK,uk,UNLABELED,1,010596968,Parkinson's disease : advice and aid for sufferers of Parkinson's disease / by Walter Buchler.
inu.32000000652125,1957,1950,BK,uk,UNLABELED,1,001425712,"Poems published in 1820. Edited, with introd. and notes, by A. M. D. Hughes."
inu.32000009047129,1950,1950,BK,uk,UNLABELED,1,006059743,Poor men's music.
inu.39000001451892,1954,1950,BK,uk,UNLABELED,1,006064817,"Examples of English handwriting, 1150-1750, with transcripts and translations. Part I: From Essex parish records. Part I"
mdp.35112103227429,1959,1950,BK,uk,UNLABELED,1,010410011,"Customs convention on the international transport of goods under cover of TIR carnets, with protocol of signature, Genev"
mdp.35128000279693,1954,1950,BK,uk,UNLABELED,1,005309808,History of accident insurance in Great Britain / by W.A. Dinsdale.
mdp.39015000615610,1953,1950,BK,uk,UNLABELED,3,001185952,The letters of Sydney Smith / edited by Nowell C. Smith.
mdp.39015000645534,1950,1950,BK,uk,UNLABELED,1,000490925,The Black Watch and the King's enemies / With a foreword by Earl Wavell.
mdp.39015001447849,1957,1950,BK,uk,UNLABELED,1,001978595,Mozart's Don Juan / Translated from the French by Eric Earnshaw Smith.
mdp.39015001983371,1957,1950,BK,uk,UNLABELED,1,000672351,The mystic masseur.
mdp.39015001994717,1952,1950,BK,uk,UNLABELED,1,001110880,Shakespeare.
mdp.39015002055831,1953,1950,BK,uk,UNLABELED,1,001620065,History of steam road vehicles mainly for passenger-transport.
mdp.39015002066770,1952,1950,BK,uk,UNLABELED,1,001043964,Structural adhesives; the theory and practice of gluing with synthetic resins / Lectures given in Cambridge at the summe
mdp.39015002136953,1952,1950,BK,uk,UNLABELED,1,001742054,Elton and the East African Coast slave-trade / by E. A. Loftus. Being extracts from the diaryof Captain James Elton; ada
mdp.39015002137787,1955,1950,BK,uk,UNLABELED,2,000631242,The tale of the death of King Arthur.
mdp.39015002374927,1959,1950,BK,uk,UNLABELED,1,102798869,The work and worth of Mme. Blavatsky / by T.H. Redfern.
mdp.39015002683996,1950,1950,BK,uk,UNLABELED,1,000109484,British politics since 1900.
mdp.39015003421305,1957,1950,BK,uk,UNLABELED,1,001994282,Proceedings of the symposium on nuclear energy held on 28th March 1956.
mdp.39015003657957,1950,1950,BK,uk,UNLABELED,1,001750588,"Election expenses; return to an address of the Honourable the House of Commons dated 31st March, 1950; for, ""Return of t"
mdp.39015003953463,1955,1950,BK,uk,UNLABELED,1,001872697,The way to Ilala; David Livingstone's pilgrimage.
mdp.39015004519321,1951,1950,BK,uk,UNLABELED,2,001525566,"Electro-plating; a survey of modern practice including the analysis of solutions, by Samuel Field and A. Dudley Weill."
mdp.39015004540756,1953,1950,BK,uk,UNLABELED,1,002440137,Ship recognition : warships; N.A.T.O. Powers and other important ships.
mdp.39015004619568,1958,1950,BK,uk,UNLABELED,1,001998908,Humidity.
mdp.39015004749209,1956,1950,BK,uk,UNLABELED,1,001861362,A history of Turkey from Empire to Republic.
mdp.39015004847854,1959,1950,BK,uk,UNLABELED,1,001252461,The springing tiger : a study of a revolutionary / by Hugh Toye ; with a foreword by Philip Mason.
mdp.39015005541498,1952,1950,BK,uk,UNLABELED,1,001145438,Parliament : a survey / Lord Campion [and others].
mdp.39015008263264,1955,1950,BK,uk,UNLABELED,2,001017910,The merchant of Venice / Ed. by John Russell Brown.
mdp.39015008308408,1953,1950,BK,uk,UNLABELED,2,000277712,A history of socialist thought.
mdp.39015008485438,1955,1950,BK,uk,UNLABELED,1,000567041,Abraham Lincoln and the United States.
mdp.39015011578898,1958,1950,BK,uk,UNLABELED,1,001220805,The Speeches / Cicero ; with an English translation by R. Gardner.
mdp.39015011862615,1957,1950,BK,uk,UNLABELED,3,001486146,"Climatology, treated mainly in relation to distribution in time and place."
mdp.39015012304641,1953,1950,BK,uk,UNLABELED,1,000356398,Sundry creditors.
mdp.39015013429819,1956,1950,BK,uk,UNLABELED,1,000488361,Studies of overseas supply / by H. Duncan Hall and C. C. Wrigley. With a chapter by J. D. Scott.
mdp.39015014834553,1958,1950,BK,uk,UNLABELED,1,001266513,The necessary hell.
mdp.39015015396214,1952,1950,BK,uk,UNLABELED,1,001149838,How Nigeria is governed.
mdp.39015016453188,1950,1950,BK,uk,UNLABELED,1,000433346,Allanhakbarries C. C. 1899 / Foreword by Don Bardman.
mdp.39015016754098,1956,1950,BK,uk,UNLABELED,1,001128104,The ABC of the foreign exchanges.
mdp.39015017570378,1959,1950,BK,uk,UNLABELED,1,001619211,"Principles of transistor circuits; introduction to the design of amplifiers, receivers, and other circuits."
mdp.39015017572432,1959,1950,BK,uk,UNLABELED,1,001526462,The potential theory of unsteady supersonic flow.
mdp.39015020088731,1957,1950,BK,uk,UNLABELED,3,000031929,Poor monkey; the child in literature.
mdp.39015022430451,1951,1950,BK,uk,UNLABELED,1,001271174,The hard way to India / by John Seymour.
mdp.39015022661626,1957,1950,BK,uk,UNLABELED,1,001157866,A history of local government.
mdp.39015022703436,1953,1950,BK,uk,UNLABELED,1,001145379,Parliament and freedom.
mdp.39015023189684,1955,1950,BK,uk,UNLABELED,1,001673705,"Concrete roads in Belgium and Western Germany, 1954."
mdp.39015023469045,1952,1950,BK,uk,UNLABELED,3,001169008,Government information and the research worker.
mdp.39015024458757,1954,1950,BK,uk,UNLABELED,1,001013245,"The Yorkshire post; two centuries / by Mildred A. Gibb, Frank Beckwith, and members of the editorial staff of the Yorksh"
mdp.39015027042988,1956,1950,BK,uk,UNLABELED,1,001656210,The final forming and shaping of wrought non-ferrous metals : a symposium held in London on the occasion of the annual g
mdp.39015027321408,1950,1950,BK,uk,UNLABELED,1,000151135,"The cathedral kirk of Moray, Elgin / Description by J. S. Richardson. History by H. B. Mackintosh."
mdp.39015027550964,1953,1950,BK,uk,UNLABELED,1,001021679,A valley grows up.
mdp.39015027914418,1950,1950,BK,uk,UNLABELED,1,000440095,"The Battle of Amiens, 1918, and operations 8th August-3rd September, 1918. The turn of the tide on the Western Front."
mdp.39015030167012,1957,1950,BK,uk,UNLABELED,1,001779449,The bread of our early years / translated by Mervyn Savill.
mdp.39015031083788,1953,1950,BK,uk,UNLABELED,1,001490151,A West African nature study.
mdp.39015037576587,1953,1950,BK,uk,UNLABELED,1,003200684,Teach yourself Turkish / by G. L. Lewis.
mdp.39015040108667,1956,1950,BK,uk,UNLABELED,1,000479732,"Anthology of Japanese literature, from the earliest era to the mid-nineteenth century / compiled and edited by Donald Ke"
mdp.39015046414127,1958,1950,BK,uk,UNLABELED,1,000313074,Essays in Elizabethan history.
mdp.39015047656411,1959,1950,BK,uk,UNLABELED,1,001422517,Analytical applications of diamino-ethane-tetra-acetic acid / by T.S. West and A.S. Sykes.
mdp.39015047753887,1951,1950,BK,uk,UNLABELED,2,001958656,Liberties of the mind : essays / Charles Morgan.
mdp.39015050587537,1955,1950,BK,uk,UNLABELED,1,001893395,Economics and action / by Pierre Mendès-France and Gabriel Ardant. [Translated from the French]
mdp.39015052521294,1954,1950,BK,uk,UNLABELED,1,001996842,British hypogeous fungi.
mdp.39015055666237,1956,1950,BK,uk,UNLABELED,1,004979716,The story of dentistry / by R. Lucock Wilson.
mdp.39015062381697,1952,1950,BK,uk,UNLABELED,1,001625041,Cavalcade of justice / by Bernard O'Donnell.
mdp.39015063565975,1951,1950,BK,uk,UNLABELED,1,001916980,Kant's metaphysic of experience; a commentary on the first half of the Kritik der reinen vernunit / by H.J. Paton ...
mdp.39015063778065,1959,1950,BK,uk,UNLABELED,1,000628466,"The medieval scene, an informal introduction to the middle ages / By G. G. Coulton."
mdp.39015063826740,1951,1950,BK,uk,UNLABELED,1,002038173,"The book of Job, with notes, introduction and appendix / by A.B. Davidson ... adapted to the text of the revised version"
mdp.39015064397634,1951,1950,BK,uk,UNLABELED,2,002011943,"The resistance of piles to penetration / with tables of approximate values based on the Hiley formula, and foreword by S"
mdp.39015065866371,1953,1950,BK,uk,UNLABELED,1,000113276,Portraits of rivers.
mdp.39015066117964,1952,1950,BK,uk,UNLABELED,1,001770982,The structure of complex words.
mdp.39015067284458,1956,1950,BK,uk,UNLABELED,1,005427416,Interviewing for the selection of staff / [by] E. Anstey [and] E.O. Mercer. Foreword by Lord Piercy.
mdp.39015068652844,1952,1950,BK,uk,UNLABELED,1,001624971,"Lectures, 1786-1822 / edited and annotated by G. Campbell H. Paton."
mdp.39015070671956,1958,1950,BK,uk,UNLABELED,2,001456846,Puccini; a critical biography.
mdp.39015072140919,1959,1950,BK,uk,UNLABELED,1,002076326,Experimental physiology. With the collaboration of B. L. Andrew [and others]
mdp.39015072149159,1955,1950,BK,uk,UNLABELED,2,002076898,Biochemistry and the central nervous system.
mdp.39015072204764,1956,1950,BK,uk,UNLABELED,1,001578122,A text-book of psychiatry for students and practitioners.
mdp.39076006826486,1954,1950,BK,uk,UNLABELED,1,009917488,"The decline and fall of the romantic ideal, by F. L. Lucas .."
mdp.49015000582891,1952,1950,BK,uk,UNLABELED,1,004440413,The pilgrim's progress / by John Bunyan; with biographical introduction and new index. Illustrated by George Cruikshank.
mdp.49015001313403,1958,1950,BK,uk,UNLABELED,1,004514528,The Malays : a cultural history / by Richard Winstedt.
mdp.49015001350421,1950,1950,BK,uk,UNLABELED,1,004518386,A treatise on money.
miua.0484484.0001.001,1952,1950,BK,uk,UNLABELED,2,000484484,A portrait of the artist as a young man.
nyp.33433044727018,1959,1950,BK,uk,UNLABELED,1,102783274,The mystery of Lord Kitchener's death.
nyp.33433048426880,1959,1950,BK,uk,UNLABELED,1,103056099,Modern fishing gear of the world / [papers and proceedings] Edited by Hilmar Kristjonsson.
nyp.33433089456176,1957,1950,BK,uk,UNLABELED,1,103185915,Sam Francis : oil paintings and watercolours / [text Herbert Read].
nyp.33433106908175,1950,1950,BK,uk,UNLABELED,1,100157253,"No common glory, by David Philgrim."
osu.32435001943125,1954,1950,BK,uk,UNLABELED,1,102909180,"Electric eyes ; a concise and elementary description of the photo-electric cell, for the non-technical reader: its uses "
osu.32435005870548,1951,1950,BK,uk,UNLABELED,1,102949517,A source book of opinion on human values.
osu.32435009015314,1953,1950,BK,uk,UNLABELED,1,103121283,The York cycle of mystery plays : a shorter version of the ancient cycle / by J. S. Purvis.
osu.32435011782703,1952,1950,BK,uk,UNLABELED,1,100821842,Jonathan Wild ; The voyage to Lisbon.
osu.32435030754980,1959,1950,BK,uk,UNLABELED,1,001808941,"Livy,"
osu.32437121731190,1954,1950,BK,uk,UNLABELED,1,102874316,Questions and answers on contracts.
pur1.32754062918028,1959,1950,BK,uk,UNLABELED,1,102957015,Cat among the pigeons.
pur1.32754062932516,1959,1950,BK,uk,UNLABELED,1,102955843,From this day forward : a novel / Catherine Ross.
rul.39030010676916,1954,1950,BK,uk,UNLABELED,1,007125168,The Upanishads. Translated from the Sanskrit with introductions embodying a general survey and the metaphysics and phych
rul.39030036829150,1952,1950,BK,uk,UNLABELED,1,103015365,Masks of West Africa.
txu.059172100153209,1959,1950,BK,uk,UNLABELED,1,101093630,Dance on the volcano. Translated from the French by Salvator Attanasio.
txu.059173022986854,1956,1950,BK,uk,UNLABELED,1,101032506,The forest of fear / Ernst Löhndorff ; [translated by Mervyn Savill].
uc1.$b107220,1951,1950,BK,uk,UNLABELED,2,001408336,"The early Cornish Evangelicals, 1735-60."
uc1.$b233551,1959,1950,BK,uk,UNLABELED,1,004410947,Nehru; a political biography.
uc1.$b242600,1955,1950,BK,uk,UNLABELED,1,006497566,The woman and the priest.
uc1.$b242757,1955,1950,BK,uk,UNLABELED,1,006497667,Mountain shadows / by Magdelana Eggleston.
uc1.$b244346,1954,1950,BK,uk,UNLABELED,1,006498731,Tombolo.
uc1.$b244762,1955,1950,BK,uk,UNLABELED,1,006499003,The sandwiches are waiting & other stories.
uc1.$b565481,1950,1950,BK,uk,UNLABELED,2,001140207,Government by decree; a comparative study of the history of the ordinance in English and French law.
uc1.$b751380,1951,1950,BK,uk,UNLABELED,1,008224217,"St. Katherine of Ledbury, and other Ledbury papers."
uc1.$b755246,1951,1950,BK,uk,UNLABELED,1,008222207,London / Jacques Boussard ; with the collaboration of H. J. Stenning.
uc1.$b792510,1956,1950,BK,uk,UNLABELED,1,009952916,"The proving flight, a novel."
uc1.$b80274,1950,1950,BK,uk,UNLABELED,3,001039645,The performance of civil aircraft.
uc1.$b93338,1951,1950,BK,uk,UNLABELED,1,001431236,The nationalised industries; an analysis of the statutory provisions.
uc1.31158006965403,1955,1950,BK,uk,UNLABELED,1,010661478,The golden bough : a study in magic and religion / [by James George Frazer].
uc1.31158010698479,1953,1950,BK,uk,UNLABELED,1,102568535,Rome & a villa / Eleanor Clark ; drawings by Eugene Berman.
uc1.31175038026038,1959,1950,BK,uk,UNLABELED,1,103132276,The Commonwealth and regional defence / by W.C.B. Tunstall.
uc1.31210000163335,1954,1950,BK,uk,UNLABELED,1,001628416,A history of marine navigation; translated from the Swedish by Maurice Michael.
uc1.31210011703426,1959,1950,BK,uk,UNLABELED,1,001497316,A guide to the study of lichens.
uc1.31210011906334,1955,1950,BK,uk,UNLABELED,2,001154709,Documents.
uc1.31210015569476,1951,1950,BK,uk,UNLABELED,1,102596151,The meaning of existentialism.
uc1.31822001549989,1954,1950,BK,uk,UNLABELED,1,007158270,In his armour; the life of John Hunt of Fiji
uc1.31822001623461,1955,1950,BK,uk,UNLABELED,1,102868198,Going wild : the autobiography of a bug-hunter
uc1.31822015282783,1955,1950,BK,uk,UNLABELED,1,008510054,English country houses / Christopher Hussey
uc1.31822032631889,1956,1950,BK,uk,UNLABELED,2,007122494,Shirley : a tale
uc1.31822043040237,1954,1950,BK,uk,UNLABELED,1,102958620,Pope's poetical manuscripts / by John Butt.
uc1.32106000331469,1957,1950,BK,uk,UNLABELED,2,006063211,"The accusing ghost; or, Justice for Casement."
uc1.b3116629,1954,1950,BK,uk,UNLABELED,1,000967653,Medieval merchant venturers; collected studies.
uc1.b3120651,1953,1950,BK,uk,UNLABELED,1,007935668,"Jarlshof, Shetland, by J. R. C. Hamilton."
uc1.b3310573,1959,1950,BK,uk,UNLABELED,1,006130225,"A regional geography for advanced and scholarship courses, by Sir Dudley Stamp."
uc1.b3334496,1954,1950,BK,uk,UNLABELED,1,007924949,"A winter bouquet, by Susan Tweedsmuir."
uc1.b3426324,1956,1950,BK,uk,UNLABELED,1,006293792,Man in the beginning; the story of our own origins.
uc1.b3435276,1959,1950,BK,uk,UNLABELED,2,000965895,The poem. Translated by Alec Brown.
uc1.b3457273,1951,1950,BK,uk,UNLABELED,2,001148500,The Republic of India: the development of its laws and constitution.
uc1.b3578449,1952,1950,BK,uk,UNLABELED,2,000393246,"Elizabeth Gaskell, her life and work."
uc1.b3826502,1955,1950,BK,uk,UNLABELED,2,001112236,The slave of life; a study of Shakespeare and the idea of justice.
uc1.b3849391,1951,1950,BK,uk,UNLABELED,1,006733922,Lloyd George / Thomas Jones.
uc1.b4075886,1953,1950,BK,uk,UNLABELED,3,005947511,Periodicals and serials; their treatment in special libraries
uc1.b4095521,1951,1950,BK,uk,UNLABELED,2,000389818,Ronald Firbank.
uc1.b4119883,1950,1950,BK,uk,UNLABELED,1,006159756,Hexham and the Wall country / by Fred Tait
uc1.b4139365,1957,1950,BK,uk,UNLABELED,1,010061826,Ciba Foundation symposium on the chemistry and biology of purines.
uc1.b4254020,1951,1950,BK,uk,UNLABELED,1,006201192,"William Davidson of Aberdeen, the first British professor of chemistry."
uc1.b4264438,1957,1950,BK,uk,UNLABELED,1,010069950,Veterinary anaesthesia.
uc1.b4282252,1951,1950,BK,uk,UNLABELED,1,000427269,The audience of Beowulf.
uc1.b4312893,1952,1950,BK,uk,UNLABELED,1,006216242,A classified list of tulip names.
uc1.b4315539,1956,1950,BK,uk,UNLABELED,1,010074794,Albert Schweitzer: the life of a great man / by Jean Pierhal.
uc1.b4382094,1956,1950,BK,uk,UNLABELED,1,009511989,"The Revolution in philosophy,"
uc1.b4414881,1959,1950,BK,uk,UNLABELED,1,006236624,The first principles of industrial relations.
uc1.b4447106,1954,1950,BK,uk,UNLABELED,1,007880371,"Israel, its life and culture, I-[IV]"
uc1.b4518471,1950,1950,BK,uk,UNLABELED,1,010092296,Five thousand years of Pakistan; archaeologial outline.
uc1.c004973614,1958,1950,BK,uk,UNLABELED,1,103016887,A practical guide to précis writing and indexing.
uc1.c095387710,1959,1950,BK,uk,UNLABELED,2,000909970,Livy / with an English translation by B.O. Foster ... [et al.]
ufl.31262031632788,1954,1950,BK,uk,UNLABELED,1,103080059,Man and society in an age of reconstruction.
ufl.31262058846790,1957,1950,BK,uk,UNLABELED,1,103290901,A companion to the Rosh Hashanah and Yom Kippur machzor / by A.L. Rubinstein.
uga1.32108005159457,1951,1950,BK,uk,UNLABELED,1,102904340,Lowlands of Scotland : with a portrait / by John R. Allan.
uga1.32108006091121,1951,1950,BK,uk,UNLABELED,1,102904236,Moscow close-up.
uga1.32108006094224,1955,1950,BK,uk,UNLABELED,1,102996895,The atomic submarine.
uga1.32108006210507,1956,1950,BK,uk,UNLABELED,1,102971463,The country parson and selected poems. [Edited by Hugh Martin].
uga1.32108058650675,1959,1950,BK,uk,UNLABELED,1,102904036,"Warwick Castle : a brief account of the Earls of Warwick, together with a description of the Castle and some of the more"
uiug.30112019983821,1951,1950,BK,uk,UNLABELED,1,102948348,"A student's book on soils and manures, by E.J. Russell ..."
uiug.30112022827569,1951,1950,BK,uk,UNLABELED,1,010436576,The rational strength of English law.
uiug.30112026823846,1957,1950,BK,uk,UNLABELED,1,102501490,"Geology of the country around Sheffield / by R.A. Eden, I.P. Stevenson, and Wilfrid Edwards."
uiug.30112039886954,1955,1950,BK,uk,UNLABELED,1,102697343,The English masters.
uiug.30112052941561,1950,1950,BK,uk,UNLABELED,1,102850818,The Maze of schools / Dickin Moore.
uiug.30112055968082,1954,1950,BK,uk,UNLABELED,1,103100554,Letters / edited by Allan Wade.
uiug.30112070133746,1959,1950,BK,uk,UNLABELED,1,102860553,Poet & pheasant : a comedy in three acts / by Willis Hall and Lewis Jones.
umn.31951002185193g,1950,1950,BK,uk,UNLABELED,1,101651929,"Shakespeare's tragedies, and other studies in seventeenth century drama."
uva.x000536432,1955,1950,BK,uk,UNLABELED,1,102106463,Spain.
uva.x000926089,1955,1950,BK,uk,UNLABELED,2,001397196,The fate of the soul; an interpretation of some primitive concepts.
uva.x001102585,1952,1950,BK,uk,UNLABELED,1,101956429,Africa in Spain / by Philip Robinson.
uva.x001407116,1952,1950,BK,uk,UNLABELED,1,102105513,"The curtain falls, the story of the socialists in Eastern Europe."
uva.x030228441,1955,1950,BK,uk,UNLABELED,2,001958860,The age of Mackenzie King: the rise of the leader. By H.S. Ferns and B. Ostry.
uva.x030795357,1950,1950,BK,uk,UNLABELED,1,102088558,"Love and death, an imaginary autobiography."
wu.89052497344,1954,1950,BK,uk,UNLABELED,1,005715137,In praise of the Arabian horse / collected and compiled by F.W.F. Staveacre and R.S. Summerhays.
wu.89059301697,1951,1950,BK,uk,UNLABELED,1,005765614,"Glass and W.E.S. Turner, 1915-1951, edited by E.J. Gooding [and] Edward Meigh."
wu.89073989964,1953,1950,BK,uk,UNLABELED,1,007973403,Marlborough : the story of a small and ancient borough / by Christopher Hughes.
wu.89101065936,1951,1950,BK,uk,UNLABELED,1,002082731,Labelled atoms; The use of radioactive and stable isotopes in biology and medicine. With line drawings by Doris E. Jones
coo.31924013412949,1952,1950,BK,us,AGRICULTURAL,1,009122741,"Developing visual aids for the vocational agriculture departments of Letchworth and Perry Central schools, Wyoming Count"
coo.31924013419233,1959,1950,BK,us,AGRICULTURAL,1,009122799,The role of the extension poultry specialist in North Carolina's changing agriculture.
coo.31924019135833,1953,1950,BK,us,AGRICULTURAL,1,006798776,"Plant diseases in orchard, nursery and garden crops [by] Ernst Gram and Anna Weber.  Edited and adapted by R. W. G. Denn"
coo.31924055375269,1958,1950,BK,us,AGRICULTURAL,1,009122624,Economic influences on changes in the size of the agricultural labor force in densely populated underdeveloped countries
mdp.39015085464041,1959,1950,BK,us,CATALOG,1,000226722,Catalog of infrared spectral data. Numerical index.
mdp.39015001575110,1958,1950,BK,us,GENERAL_PERIODICAL,1,001140894,"Only the brave are free, a condensed review of the growth of self-government in America."
mdp.49015001309336,1953,1950,BK,us,GENERAL_PERIODICAL,1,004514112,"The journal of Charlotte Forten; a free Negro in the slave era / Edited, with an introd. and notes, by Ray Allen Billing"
uc1.b3550204,1952,1950,BK,us,GENERAL_PERIODICAL,2,001111340,Weekly newspaper management.
uc1.c2924531,1955,1950,BK,us,GENERAL_PERIODICAL,1,100651300,"A century of journalism in Alameda County, 1854-1954 / by Charles Thomas Scharringhausen."
mdp.39015077295551,1950,1950,BK,us,GOVDOC,1,007290937,Thermal expansion of solids / by Peter Hidnert and Wilmer Souder.
uc1.$c31392,1954,1950,BK,us,JUVENILE,1,100623444,Children's preferences for school and out-of-school activities / by Logan Troy Miles.
uc1.b3921576,1959,1950,BK,us,JUVENILE,2,001111138,"A Horn book sampler on children's books and reading; selected from twenty-five years of the Horn Book Magazine, 1924-194"
hvd.hl39qn,1954,1950,BK,us,LEGAL,1,010447697,"Code of Iowa, 1954, containing all statutes of a general and permanent nature to and including the acts of a permanent n"
mdp.39015004285873,1953,1950,BK,us,LEGAL,1,001624795,"The lawyer from antiquity to modern times, with particular reference to the development of bar associations in the Unite"
coo.31924001372121,1958,1950,BK,us,MEDICAL,1,009108684,Simplified diet manual with meal patterns. Prepared in cooperation with the Iowa Dietetic Association.  Approved by Iowa
mdp.39015000271661,1958,1950,BK,us,MEDICAL,1,001563066,The neurologic examination; incorporating the fundamentals of neuroanatomy and neurophysiology.
mdp.39015000825326,1958,1950,BK,us,MEDICAL,1,001556127,Basic facts of medical microbiology / Stewart M. Brooks.
mdp.39015057716535,1955,1950,BK,us,MEDICAL,2,001561036,"Pain, its mechanisms and neurosurgical control / by James C. White and William H. Sweet, with assistance in the psychiat"
mdp.39015074084206,1959,1950,BK,us,MEDICAL,1,002071726,An investigation of some of the factors which influence the occurrence of accidents to patients in a selected hospital.
uc1.b3846625,1958,1950,BK,us,MEDICAL,1,001572351,General diagnosis and therapy of skin diseases; an introduction to dermatology for students and physicians. Translated f
umn.31951000384728a,1958,1950,BK,us,MEDICAL,1,000856687,Electrolyte changes in surgery.
uiug.30112113972167,1956,1950,BK,us,MILITARY,1,101700516,U. S. Navy diving manual.
mdp.39015001689192,1959,1950,BK,us,REFERENCE,3,001276370,Dictionary of American folklore.
mdp.39015015190559,1955,1950,BK,us,REFERENCE,1,001454150,Encyclopedia of the opera.
mdp.39015019945107,1955,1950,BK,us,REFERENCE,2,001183393,The complete dictionary of abbreviations.
mdp.39015023904595,1958,1950,BK,us,REFERENCE,1,001178355,Modern Iberian language and literature : a bibliography of homage studies / by Herbert H. Golden and Seymour O. Simches.
mdp.39076006070515,1957,1950,BK,us,REFERENCE,1,009912466,Encyclopedia of accounting systems / edited by Robert I. Williams and Lillian Doris.
osu.32435023651094,1953,1950,BK,us,REFERENCE,1,101669448,New international dictionary of the English language.
osu.32435024060584,1958,1950,BK,us,REFERENCE,1,102604325,The World book encyclopedia.
uc1.32106002840913,1953,1950,BK,us,REFERENCE,2,006059443,"A bibliography of James Joyce, 1882-1941"
uc1.b4230586,1956,1950,BK,us,REFERENCE,2,001169104,"Bibliographies of studies in Victorian literature for the ten years 1945-1954. Edited by Austin Wright,"
uiug.30112057416007,1956,1950,BK,us,REFERENCE,1,102406725,Handbook.
uiug.30112087803307,1953,1950,BK,us,REFERENCE,1,100232384,"1953 directory of large-scale rental housing in New York city. Ira S. Robbins and Marian Sameth, editors."
uiug.30112105647843,1950,1950,BK,us,REFERENCE,1,101765177,"A handbook for counselors : secondary schools, divisions 1-9."
uiug.30112119646336,1958,1950,BK,us,REFERENCE,1,101706702,Compton's pictured encyclopedia and fact-index ... [Editor in chief: Guy Stanton Ford]
uiug.30112119740352,1959,1950,BK,us,REFERENCE,1,101700789,The World book encyclopedia : and Reading and study guide / Editor in chief : J. Morris Jones.
umn.31951000443164g,1954,1950,BK,us,REFERENCE,1,007474417,Manual of advanced plant microtechnique.
umn.31951002651422u,1958,1950,BK,us,REFERENCE,1,010364213,"Selected annotated bibliography : judicial selection, tenure, salary, retirement, discipline, removal / court administra"
coo.31924013056522,1958,1950,BK,us,RELIGIOUS,1,009067785,The interrelation of church-controlled and state-controlled education in the Christian era with an emphasis on the churc
mdp.39015015216131,1956,1950,BK,us,RELIGIOUS,1,001396454,"Kierkegaard studies, with special reference to (a) the Bible (b) our own age."
mdp.39015066234884,1950,1950,BK,us,RELIGIOUS,1,001399487,"The new Schaff-herzog encyclopedia of religious knowledge, embracing Biblical, historical, doctrinal, and practical theo"
mdp.39015072116216,1959,1950,BK,us,RELIGIOUS,2,001108329,Birth control and Catholic doctrine.
nnc2.ark:/13960/t5n96s07b,1950,1950,BK,us,RELIGIOUS,1,102808949,A Christian context for counseling / Albert Cook Outler.
uc1.$b108864,1953,1950,BK,us,RELIGIOUS,1,006605428,Daily life of early Christians.
uc1.$b109201,1950,1950,BK,us,RELIGIOUS,1,006605597,Christianity and classical civilization.
uc1.31175023719381,1952,1950,BK,us,RELIGIOUS,1,101973395,The confessions / [translated by Edward Bouverie Pusey] ; The city of God / [translated by Marcus Dods] ; On Christian d
uva.x000092056,1958,1950,BK,us,RELIGIOUS,3,000238366,A history of the English-speaking peoples / Winston S. Churchill.
uva.x001241043,1959,1950,BK,us,RELIGIOUS,2,012192286,"Bethania in Wachovia, bicentennial of Bethania Moravian Church, 1759-1959 / [Ernest M. Eller]"
uva.x001870327,1959,1950,BK,us,RELIGIOUS,1,101870447,An introduction to natural theology.
coo.31924013699966,1955,1950,BK,us,TRADE,1,009123069,"The merchandising of potatoes separated for cooking purposes by the specific gravity process, 1954-55 season."
coo.31924000305205,1955,1950,BK,us,UNLABELED,1,009472764,Peritoneoscopy in the cow.
coo.31924000439293,1954,1950,BK,us,UNLABELED,1,009055849,"Restaurant menu planning, by Ann Hoke. With a foreword by Howard Bagnall Meek."
coo.31924001500689,1959,1950,BK,us,UNLABELED,1,009108747,"Physical methods of investigating textiles, edited by R. Meredith and J. W. S. Hearle."
coo.31924002612194,1953,1950,BK,us,UNLABELED,2,000355935,Applied imagination; principles and procedures of creative thinking.
coo.31924002851735,1955,1950,BK,us,UNLABELED,1,009118734,Development of the ascocarp of Anthracobia melaloma.
coo.31924002988990,1951,1950,BK,us,UNLABELED,1,009085741,First-year college chemistry.
coo.31924003037110,1956,1950,BK,us,UNLABELED,1,009119246,Some effects of intermittent foliar water applications on the physiology of plants and the growth of greenhouse roses.
coo.31924003230772,1954,1950,BK,us,UNLABELED,1,009111251,"Mumps, measles & mosiacs; a study of animal and plant viruses, by Kenneth M. Smith and Roy Markham."
coo.31924003438839,1955,1950,BK,us,UNLABELED,1,009120828,Further studies on an unidentified chick and poult growth factor in forage juice.
coo.31924003458704,1957,1950,BK,us,UNLABELED,1,009170988,Blood and rumen changes following the administration of glycogenic materials.
coo.31924003482258,1954,1950,BK,us,UNLABELED,2,009058153,Adventures in beekeeping.
coo.31924003579830,1959,1950,BK,us,UNLABELED,1,009121710,A study of the relationship between a child's level of aspiration and his mother's level of aspiration for him.
coo.31924003588203,1959,1950,BK,us,UNLABELED,1,009113279,"How to wear colors, with emphasis on dark skins."
coo.31924003595265,1953,1950,BK,us,UNLABELED,1,009113345,Toys you can make; an exciting collection of 140 attractive and easy-to-make toys for children of all ages ... Prepared 
coo.31924003858218,1953,1950,BK,us,UNLABELED,1,010004004,Some reactions of carbodiimides with organic acids.
coo.31924003965948,1954,1950,BK,us,UNLABELED,1,010004597,The spatial distribution of nuclear disintegrations in photographic emulsions exposed to cosmic rays.
coo.31924004032094,1951,1950,BK,us,UNLABELED,1,010004926,"Some aspects of apparatus design in electron diffraction: The structures of toluene, phenyl-silane, and diphenyl-dichlor"
coo.31924004093021,1954,1950,BK,us,UNLABELED,1,009227586,The philosophy of column design. Proceedings of the fourth technical session.
coo.31924004129239,1952,1950,BK,us,UNLABELED,1,010005549,The synthesis of the cyclic acyloin derived from diethyl 5-ethoxy-4-nonenedioate.
coo.31924013054048,1955,1950,BK,us,UNLABELED,1,009067767,The value of personality traits rated by county council officers in Oklahoma that were assumed to be important in select
coo.31924013091545,1951,1950,BK,us,UNLABELED,1,009067947,An experiment with open-book testing with a ninth grade general science class in a small high school.
coo.31924013092816,1952,1950,BK,us,UNLABELED,1,009068016,Consumer knowledge for industrial arts pupils.
coo.31924013099019,1953,1950,BK,us,UNLABELED,1,009068076,An experience in formulating local school policy procedure.
coo.31924013099373,1955,1950,BK,us,UNLABELED,1,009068099,A suggested course of study in American government for senior high school social studies.
coo.31924013994037,1959,1950,BK,us,UNLABELED,1,009123495,The role of cooperatives in the national community development program in Jordan.
coo.31924014078962,1950,1950,BK,us,UNLABELED,1,009089163,Wake up to art.
coo.31924018352371,1956,1950,BK,us,UNLABELED,2,009168169,Pests of stored grain and grain products.
dul1.ark:/13960/t11q0xc8k,1952,1950,BK,us,UNLABELED,1,102848689,"James Buchanan Duke (1856-1925); a great pattern of hard work, wisdom, and benevolence."
hvd.32044032005944,1958,1950,BK,us,UNLABELED,1,102758855,"Small business administration for the period August 1, 1953 through June 30, 1957; audit report to the Congress of the U"
hvd.hxqc1l,1959,1950,BK,us,UNLABELED,1,102687162,Further tributes to Edith Storer Rhoades / by her husband Winfred Rhoades.
iau.31858006269330,1951,1950,BK,us,UNLABELED,1,102884576,"Seduction, and Hill Station Number Six ; two plays."
iau.31858061677690,1951,1950,BK,us,UNLABELED,1,102880980,Cyclopedia of automobile law and practice : with forms.
ien.35556001043165,1957,1950,BK,us,UNLABELED,1,010616811,"The will to think; a treasury of ideas and ideals from the pages of Think, edited by Robert Cousins. Introd. by Thomas J"
ien.35558001356134,1952,1950,BK,us,UNLABELED,1,010596229,Summaries of doctoral dissertations submitted to the graduate school of Northwestern University in partial fulfillment o
ien.35558002003271,1956,1950,BK,us,UNLABELED,1,010597019,"Personality in young children / by Lois Barclay Murphy, with the collaboration of Evelyn Baker ... [et al.]"
inu.30000035573546,1951,1950,BK,us,UNLABELED,1,006059518,They came to Baghdad.
inu.30000057039301,1959,1950,BK,us,UNLABELED,2,006069602,The intelligent investor: a book of practical counsel.
inu.30000084050941,1955,1950,BK,us,UNLABELED,2,001265695,"Whoop-Up country : the Canadian-American West, 1865-1885 / Paul F. Sharp."
inu.30000114342359,1950,1950,BK,us,UNLABELED,1,010560296,A Hoosier Mother Goose : and other poems / Leonard Tagtmeyer ; drawings by Tag.
inu.30000118510837,1954,1950,BK,us,UNLABELED,1,006951097,Texas tradition. With line drawings by Nick Eggenhofer.
inu.30000118518418,1956,1950,BK,us,UNLABELED,2,001276551,The Borzoi book of French folk tales. Translated by Austin E. Fife. Illustrated by Warren Chappell.
inu.32000001230301,1951,1950,BK,us,UNLABELED,1,005994508,Life in America: New England. Picture maps by Janet Croninger.
inu.32000001277526,1954,1950,BK,us,UNLABELED,1,006065224,"The French of Paris. Photos. by Sanford H. Roth, text by Aldous Huxley."
inu.32000003225101,1958,1950,BK,us,UNLABELED,2,000398762,The Zimmermann telegram.
inu.32000006998670,1953,1950,BK,us,UNLABELED,2,006061620,"The desire and pursuit of the whole : a romance of modern Venice / by Frederick Rolfe, Baron Corvo ; with an introductio"
inu.39000001637623,1953,1950,BK,us,UNLABELED,1,001653357,"Europe's quest for unity / by Saul K. Padover. The U.S. and European union, by L. Larry Leonard."
mdp.39015000222185,1958,1950,BK,us,UNLABELED,1,000966006,Tolstoy's tales of courage and conflict.
mdp.39015000248842,1952,1950,BK,us,UNLABELED,1,001622357,"General Billy Mitchell, champion of air defense."
mdp.39015000587116,1950,1950,BK,us,UNLABELED,1,001201899,The freedom of French classicism.
mdp.39015000587611,1952,1950,BK,us,UNLABELED,4,001181999,"Commentary on the Dream of Scipio / translated with an introd. and notes, by William Harris Stahl."
mdp.39015000612906,1957,1950,BK,us,UNLABELED,2,000633820,"Selected writings, with a special foreword by the author."
mdp.39015000689953,1957,1950,BK,us,UNLABELED,2,000408118,Men and monuments.
mdp.39015000693765,1953,1950,BK,us,UNLABELED,1,001243394,The Palestine problem today; Israel and its neighbors.
mdp.39015000701279,1957,1950,BK,us,UNLABELED,3,001010416,"Literary criticism; a short history [by] William K. Wimsatt, Jr. & Cleanth Brooks."
mdp.39015000701949,1959,1950,BK,us,UNLABELED,1,000596186,From death-camp to existentialism; a psychiatrist's path to a new therapy / Translated by Ilse Lasch. Pref. by Gordon W.
mdp.39015000801228,1951,1950,BK,us,UNLABELED,1,002072365,Administrative organization of collegiate schools of nursing.
mdp.39015000977770,1953,1950,BK,us,UNLABELED,2,000581839,Real functions.
mdp.39015000988314,1954,1950,BK,us,UNLABELED,1,001486067,Tornadoes of the United States. Snowden D. Flora.
mdp.39015001146136,1953,1950,BK,us,UNLABELED,1,001654465,The sale of public office in the Spanish Indies under the Hapsburgs / J.H. Parry.
mdp.39015001402430,1956,1950,BK,us,UNLABELED,1,001016667,"Forces in modern British literature, 1885-1956."
mdp.39015001853467,1956,1950,BK,us,UNLABELED,1,000653106,Rome and the Romans; a survey and interpretation / by Grant Showerman.
mdp.39015002078031,1959,1950,BK,us,UNLABELED,2,001517254,Structural damping; papers presented at a colloquium on stuctural damping held at the ASME annual meeting in Atlantic Ci
mdp.39015002201419,1953,1950,BK,us,UNLABELED,1,000596930,Men of Colditz.
mdp.39015002252263,1958,1950,BK,us,UNLABELED,2,000561806,Why the Civil War?
mdp.39015002639246,1950,1950,BK,us,UNLABELED,2,000578172,The man of Independence.
mdp.39015002656810,1955,1950,BK,us,UNLABELED,2,001254900,A history of South-east Asia.
mdp.39015002676552,1951,1950,BK,us,UNLABELED,1,001910509,Butterfield 8.
mdp.39015002977000,1955,1950,BK,us,UNLABELED,1,001280084,Educational psychology : a book of readings. Edited by Arthur P. Coladarci.
mdp.39015002992967,1956,1950,BK,us,UNLABELED,2,000617701,Sigmund Freud; four centenary addresses.
mdp.39015003708867,1950,1950,BK,us,UNLABELED,1,000012136,Colorimetric determination of traces of metals.
mdp.39015003740811,1950,1950,BK,us,UNLABELED,1,000425440,The book of the it / [Authorised translation by V. M. E. Collins]
mdp.39015003939835,1957,1950,BK,us,UNLABELED,2,001437990,How to read a novel.
mdp.39015003972596,1956,1950,BK,us,UNLABELED,1,001018087,Stories from Shakespeare.
mdp.39015004067404,1956,1950,BK,us,UNLABELED,1,000435887,Bang the drum slowly / by Henry W. Wiggen; certain of his enthusiasms restrained by Mark Harris.
mdp.39015004282789,1954,1950,BK,us,UNLABELED,3,001010816,"The unmediated vision : an interpretation of Wordsworth, Hopkins, Rilke, and Valéry."
mdp.39015004456094,1959,1950,BK,us,UNLABELED,1,001485017,Introductory nuclear theory.
mdp.39015004613827,1958,1950,BK,us,UNLABELED,1,001509714,Hunting our medium size game.
mdp.39015004727593,1957,1950,BK,us,UNLABELED,1,002144083,ALDOUS HUXLEY'S NOVEL OF IDEAS.
mdp.39015005019602,1954,1950,BK,us,UNLABELED,1,001607775,"The tomb of Tut·ankh·Amen / discovered by the late Earl of Carnarvon and Howard Carter, by Howard Carter and A. C. Mace."
mdp.39015005053270,1954,1950,BK,us,UNLABELED,1,001973837,School and community partnership / [by] Gerald B. Leighbody [and others]
mdp.39015005334001,1957,1950,BK,us,UNLABELED,2,000772035,"Victoria, Albert, and Mrs. Stevenson, edited by Edward Boykin."
mdp.39015005562239,1956,1950,BK,us,UNLABELED,1,000588761,Dublin's Joyce.
mdp.39015006737806,1955,1950,BK,us,UNLABELED,1,000565351,Architectural drafting.
mdp.39015006755410,1951,1950,BK,us,UNLABELED,1,001470857,The art of color and design.
mdp.39015006861747,1958,1950,BK,us,UNLABELED,1,001490554,Listening point.
mdp.39015007024238,1950,1950,BK,us,UNLABELED,1,001361767,"Theatre arts anthology, a record and a prophecy / edited by Rosamond Gilder [and others]"
mdp.39015007195301,1951,1950,BK,us,UNLABELED,2,000326928,Life in America.
mdp.39015007732418,1956,1950,BK,us,UNLABELED,1,001613768,Fire protection for chemicals.
mdp.39015008681101,1955,1950,BK,us,UNLABELED,1,001239497,Turkey / by G.L. Lewis.
mdp.39015008713565,1958,1950,BK,us,UNLABELED,1,000564623,"The Confederate invasion of New Mexico and Arizona, 1861-1862."
mdp.39015008783261,1953,1950,BK,us,UNLABELED,1,000977030,Sex and religion today / edited by Simon Doniger.
mdp.39015008937578,1952,1950,BK,us,UNLABELED,1,001288024,Practical applications of democratic administration.
mdp.39015008985775,1959,1950,BK,us,UNLABELED,1,000482756,The humbler creation.
mdp.39015009198097,1958,1950,BK,us,UNLABELED,1,001869966,"Southeast Asia among the world powers / by Amry Vandenbosch and Richard Butwell. [Reissued, with supplement]"
mdp.39015009457055,1958,1950,BK,us,UNLABELED,1,001460060,Music education for teen-agers / [by] William Raymond Sur [and] Charles Francis Schuller.
mdp.39015009602577,1954,1950,BK,us,UNLABELED,1,001460482,Fundamentals of harmony.
mdp.39015009704167,1955,1950,BK,us,UNLABELED,1,000233291,Full-throated ease : a concise guide to easy singing / by James Terry Lawson.
mdp.39015010243643,1955,1950,BK,us,UNLABELED,2,000172665,God in search of man; a philosophy of Judaism.
mdp.39015011759308,1959,1950,BK,us,UNLABELED,1,001560453,Chemical tests for intoxication; manual.
mdp.39015012184027,1952,1950,BK,us,UNLABELED,1,002967359,"Poems : thirty new English renderings in the original forms / with the Middle High German texts, selected modern German "
mdp.39015013019701,1957,1950,BK,us,UNLABELED,3,000672051,On the beach / [by] Nevil Shute [pseudonym]
mdp.39015013060317,1959,1950,BK,us,UNLABELED,1,001513373,Physical metallurgy of stress corrosion fracture / edited by Thor N. Rhodin.
mdp.39015014199569,1956,1950,BK,us,UNLABELED,1,000435229,Blessed are the debonair / illustrated by Mircea Vasiliu.
mdp.39015015092664,1958,1950,BK,us,UNLABELED,1,001274833,Ritual; four psychoanalytic studies. With a pref. by Sigm. Freud. Translated from the 2d German ed. by Douglas Bryan.
mdp.39015016008313,1950,1950,BK,us,UNLABELED,6,000186535,"Colloid chemistry; theoretical and applied, by selected international contributors, collected and edited by Jerome Alexa"
mdp.39015016414826,1952,1950,BK,us,UNLABELED,2,000629703,"Himalayan assignment, a Colonel North novel."
mdp.39015016757893,1956,1950,BK,us,UNLABELED,1,000362212,Battle for Manhattan.
mdp.39015016777982,1955,1950,BK,us,UNLABELED,1,000328851,Still the most exciting country.
mdp.39015016778097,1955,1950,BK,us,UNLABELED,1,000601021,The scene before you : a new approach to American culture.
mdp.39015016870225,1957,1950,BK,us,UNLABELED,1,000109237,The green dragoon; the lives of Banastre Tarleton and Mary Robinson.
mdp.39015017641716,1955,1950,BK,us,UNLABELED,1,001412407,Our Lady of Guadalupe / Illustrated by Jean Charlot.
mdp.39015018010671,1954,1950,BK,us,UNLABELED,2,000468148,Homegrown liberal; the autobiography of Charles W. Ervin. Edited by Jean Gould.
mdp.39015020944362,1950,1950,BK,us,UNLABELED,1,001013892,Seven plays of the modern theater / edited by Vincent Wall & James Patton McCormick.
mdp.39015021074185,1952,1950,BK,us,UNLABELED,3,001620526,Aeronautics at the mid-century / by Jerome C. Hunsaker.
mdp.39015023185922,1956,1950,BK,us,UNLABELED,2,000966847,New frontiers for professional managers.
mdp.39015024085576,1958,1950,BK,us,UNLABELED,1,001031223,Pinky Pye / Eleanor Estes ; illustrated by Edward Ardizzone.
mdp.39015024294442,1950,1950,BK,us,UNLABELED,1,001452588,"Ways towards self-discipline, a study in school living."
mdp.39015024348065,1951,1950,BK,us,UNLABELED,1,001357576,Persian as an academic discipline.
mdp.39015026543424,1954,1950,BK,us,UNLABELED,1,001526714,The aircraft of the world / [by] William Green and Gerald Pollinger.
mdp.39015026961212,1953,1950,BK,us,UNLABELED,1,001066567,It takes time : an autobiography of the teaching profession / foreword by Karen Horney.
mdp.39015026987456,1957,1950,BK,us,UNLABELED,1,001883020,Clinical psychology of exceptional children / With contributions by David H. Crowell [and others].
mdp.39015027008575,1951,1950,BK,us,UNLABELED,1,000336298,Immigrant's return.
mdp.39015027039034,1958,1950,BK,us,UNLABELED,2,000361403,The spirit of 'seventy-six : the story of the American Revolution as told by participants / edited by Henry Steele Comma
mdp.39015027253957,1959,1950,BK,us,UNLABELED,1,000591799,The best stories of Sarah Orne Jewett; selected and arranged with a preface by Willa Cather.
mdp.39015027329377,1957,1950,BK,us,UNLABELED,1,000767841,"The rise of the revolutionary party in the English House of Commons, 1603-1629."
mdp.39015027414484,1955,1950,BK,us,UNLABELED,1,001319814,Malaya; a study of governmental response to the Korean boom.
mdp.39015027550006,1953,1950,BK,us,UNLABELED,1,001032436,"Cochise, Apache warrior and statesman / by Edgar Wyatt ; illustrated by Allan Houser."
mdp.39015027942245,1954,1950,BK,us,UNLABELED,1,001444650,American influence on Canadian nationhood.
mdp.39015029898445,1953,1950,BK,us,UNLABELED,1,002707785,Armenia the cradle of Gothic architecture.
mdp.39015030319670,1952,1950,BK,us,UNLABELED,1,002142726,A STUDY OF LAMINAR SWIRLING PIPE FLOW.
mdp.39015031087243,1957,1950,BK,us,UNLABELED,1,001495867,Nature as architect.
mdp.39015031373155,1957,1950,BK,us,UNLABELED,3,001319058,Economic opinion and policy in Ceylon.
mdp.39015031512638,1950,1950,BK,us,UNLABELED,1,001524776,"Personal aggressiveness and war,pcby E.F.M. Durbin and John Bowlby."
mdp.39015031671111,1957,1950,BK,us,UNLABELED,1,001882610,"Highlights of the Conference on Cooperative Education and the Impending Educational Crisis, Dayton, Ohio, May 23-24, 195"
mdp.39015031909032,1955,1950,BK,us,UNLABELED,2,000811423,Integrated Europe?
mdp.39015031981262,1954,1950,BK,us,UNLABELED,2,000420534,"Schools in transition ; community experiences in desegregation / edited by Robin M. Williams, Jr., and Margaret W. Ryan."
mdp.39015031988663,1950,1950,BK,us,UNLABELED,1,001031087,Jack and the three sillies / told by Richard Chase ; pictures by Joshua Tolford.
mdp.39015032321542,1950,1950,BK,us,UNLABELED,3,001466551,Berlioz and the romantic century.
mdp.39015032498464,1954,1950,BK,us,UNLABELED,1,002891015,The prophetic faith of our fathers : the historical development of prophetic interpretation / by Le Roy Edwin Froom.
mdp.39015033528251,1956,1950,BK,us,UNLABELED,2,000328249,"Cousins and strangers: comments on America by Commonwealth Fund fellows from Britain, 1946-1952."
mdp.39015033914311,1950,1950,BK,us,UNLABELED,1,001176212,The Springfield City Library Association; a study in community service (libraries and museums)
mdp.39015038034008,1954,1950,BK,us,UNLABELED,1,003097295,Stories / I. Yefrejov ; [Translated by O. Gorchakov]
mdp.39015038064740,1958,1950,BK,us,UNLABELED,3,001433912,The structure of freedom.
mdp.39015042959810,1951,1950,BK,us,UNLABELED,1,003496794,"Mr. and Mrs. Harry Lewis Winston Collection Museum of Cranbrook Academy of Art, November 8-25, 1951, Bloomfield Hills, M"
mdp.39015043202046,1951,1950,BK,us,UNLABELED,1,003528235,The grass harp; and A tree of night and other stories.
mdp.39015046417021,1959,1950,BK,us,UNLABELED,1,001278263,A history of the circus in America.
mdp.39015046853498,1954,1950,BK,us,UNLABELED,1,001378114,Katherine.
mdp.39015047405298,1958,1950,BK,us,UNLABELED,1,001485823,The upper atmosphere / [by] H. S. W. Massey and R. L. F. Boyd.
mdp.39015048680717,1950,1950,BK,us,UNLABELED,1,002068545,An evaluation of the effect of dental foci of infection on health: questions and answers. Report prepared at the Univers
mdp.39015048786720,1953,1950,BK,us,UNLABELED,1,001655638,Prolegomena to a theory of language.
mdp.39015048986320,1957,1950,BK,us,UNLABELED,1,001603704,The North Atlantic civilization.
mdp.39015048989290,1951,1950,BK,us,UNLABELED,3,001388426,Ontology.
mdp.39015050119380,1958,1950,BK,us,UNLABELED,1,001742658,The objectives of public welfare administration and the leadership role of the public welfare administrator; summary of 
mdp.39015051424474,1951,1950,BK,us,UNLABELED,1,000109438,Lloyd George.
mdp.39015054045508,1954,1950,BK,us,UNLABELED,1,000561134,The horse and his boy / by C.S. Lewis.
mdp.39015058673354,1958,1950,BK,us,UNLABELED,1,001408012,Creeds in competition: a creative force in American culture.
mdp.39015062422947,1953,1950,BK,us,UNLABELED,1,005078369,"The septicentennial celebration of the founding of the Sorbonne College in the University of Paris, Chapel Hill, Februar"
mdp.39015063011020,1952,1950,BK,us,UNLABELED,2,000363866,"Alexander Hamilton, nation builder. Drawings by Gillett Griffin."
mdp.39015063040003,1957,1950,BK,us,UNLABELED,3,001420399,"Still Rebels, still Yankees, and other essays. Wood engraving by Theresa Sherrer Davidson."
mdp.39015064835435,1950,1950,BK,us,UNLABELED,1,001248045,"Roman rule in Asia Minor, to the end of the third century after Christ."
mdp.39015065581681,1958,1950,BK,us,UNLABELED,1,001606543,"Nagako, Empress of Japan / Hoko Koyama ; [translated from the Japanese by Atsuo Tsuruoka]."
mdp.39015065905211,1954,1950,BK,us,UNLABELED,1,001390053,Moral meditations.
mdp.39015066032783,1950,1950,BK,us,UNLABELED,1,000004539,The court Jew; a contribution to the history of the period of absolutism in Central Europe / Translated from the German 
mdp.39015067030406,1954,1950,BK,us,UNLABELED,1,001306424,Elementary statistics. [by] Benton J. Underwood [and others]
mdp.39015069786252,1957,1950,BK,us,UNLABELED,1,001239509,The Ottoman Empire : was it the sick man of Europe? / L.S. Stavrianos.
mdp.39015069865023,1950,1950,BK,us,UNLABELED,1,001237211,Quaker service in modern war / by Howard E. Kershner.
mdp.39015070543072,1959,1950,BK,us,UNLABELED,2,001287742,The modern elementary school; curriculum and methods.
mdp.39015072133849,1959,1950,BK,us,UNLABELED,1,001279689,"A-V instruction : materials and methods / James W. Brown, Richard B. Lewis, Fred F. Harcleroad."
mdp.39015072733762,1952,1950,BK,us,UNLABELED,1,003907227,An evaluation of a ceramic-like die material : a thesis submitted in partial fulfillment ... in operative dentistry / Ll
mdp.39015073228929,1951,1950,BK,us,UNLABELED,2,001481012,Ultraviolet spectra of aromatic compounds / [by] Robert A. Friedel [and] Milton Orchin.
mdp.39015078342170,1958,1950,BK,us,UNLABELED,1,001960825,Works.
mdp.39015078588657,1951,1950,BK,us,UNLABELED,1,100554236,"The Chronicles of America series / Allen Johnson, editor."
mdp.39015078600957,1958,1950,BK,us,UNLABELED,1,000359010,An introduction to fluid dynamics.
mdp.39015081107156,1959,1950,BK,us,UNLABELED,1,006108367,"Mostly about museums,"
mdp.39015081342894,1955,1950,BK,us,UNLABELED,1,002143612,THE MODIFICATION OF EMOTIONALLY-HELD ATTITUDES THROUGH ROLE PLAYING.
mdp.39015081363080,1951,1950,BK,us,UNLABELED,1,002142547,THE SPACE OF INESSENTIAL CONTINUOUS FUNCTIONS INTO THE CIRCLE.
mdp.39015081365077,1953,1950,BK,us,UNLABELED,1,002143128,TEACHERS' CONCEPTS OF A SCHOOL HEALTH PROGRAM.
mdp.39015081365267,1953,1950,BK,us,UNLABELED,1,002143097,THE BANACH ALGEBRA OF CONTINUOUS MAPPINGS FROM A COMPACT HAUSDORFF SPACE TO A BANACH ALGEBRA.
mdp.39015081957246,1954,1950,BK,us,UNLABELED,1,001144066,"Report, for submission to the Eighty-ninth General Assembly."
mdp.39015082050918,1957,1950,BK,us,UNLABELED,1,002144134,THE RELATIONSHIP BETWEEN DEPTH OF INTERPRETATION AND VERBAL EXPRESSIONS OF RESISTANCE IN PSYCHOTHERAPY.
mdp.39015082051502,1958,1950,BK,us,UNLABELED,1,002144318,PATTERNS AND PROBLEMS OF LIVESTOCK PRODUCTION IN MALAYA.
mdp.39015082053763,1958,1950,BK,us,UNLABELED,1,002144483,THE USE OF CONSUMER SURVEY DATA IN FORECASTS OF THE DOMESTIC DEMAND FOR CONSUMER DURABLE GOODS.
mdp.39015082054530,1959,1950,BK,us,UNLABELED,1,002144737,THE DISTRIBUTION OF NEW AUTOMOBILES: A CASE STUDY IN WORKING TOWARD MORE EFFECTIVE DISTRIBUTION.
mdp.39015082055388,1959,1950,BK,us,UNLABELED,1,002144630,FACTORS ASSOCIATED WITH LONG TENURE OF SCHOOL ADMINISTRATORS IN MICHIGAN.
mdp.39015082069736,1959,1950,BK,us,UNLABELED,1,001379074,An Étienne Gilson tribute.
mdp.39015086549238,1955,1950,BK,us,UNLABELED,1,009488989,The mechanism of the reaction C¹² + p-->p + 3[alpha] at 32 Mev / [by] John Logan Need.
mdp.39076002717002,1952,1950,BK,us,UNLABELED,1,009930700,"Zach Taylor : young, rough, and ready / by Katharine E. Wilkie ; illustrated by Syd Browne."
mdp.39076005301390,1957,1950,BK,us,UNLABELED,1,001388901,From the closed world to the infinite universe.
mdp.39076006039478,1951,1950,BK,us,UNLABELED,1,009912149,"Teaching secondary English / [by] John J. De Boer, Walter V. Kaulfers, and Helen Rand Miller."
mdp.39076006127752,1952,1950,BK,us,UNLABELED,1,009913005,"Dostoevsky, Kierkegaard, Nietzsche, and Kafka; four prophets of our destiny / [by] William Hubben."
mdp.39076006886340,1955,1950,BK,us,UNLABELED,1,009917990,"Monarchy, and Three political letters / With an introd. by Donald Nicholl, and a note on the chronology of Dante's polit"
mdp.39076006986975,1957,1950,BK,us,UNLABELED,1,009911248,The Rabbit Story / by Alvin Tresselt; Illustrated by Leonard Weisgard.
mdp.49015000285453,1953,1950,BK,us,UNLABELED,1,004410375,Middle East dilemmas: the background of United States policy / by J. C. Hurewitz.
mdp.49015000514639,1957,1950,BK,us,UNLABELED,1,004433510,Sophocles. With an introd. by David Grene.
mdp.49015001109645,1957,1950,BK,us,UNLABELED,1,004493790,Shortened C. P. A. problems.
mdp.49015003227197,1959,1950,BK,us,UNLABELED,1,004456200,The lydian chromatic concept of tonal organization for improvisation / by George Russell.
msu.31293031784899,1955,1950,BK,us,UNLABELED,1,102520366,A study of licensing procedures of independent boarding homes in Michigan / by Rachel Faude Wood.
nc01.ark:/13960/s2cjdrx0p93,1953,1950,BK,us,UNLABELED,1,103158107,Negroes in progress : 1943-1953.
nc01.ark:/13960/s2w6dtwp50m,1951,1950,BK,us,UNLABELED,1,103008180,"Eugenic sterilization in North Carolina / Clarence J. Gamble, M.D., Milton, Massachusetts."
nnc1.cu04106040,1952,1950,BK,us,UNLABELED,1,102361376,Cost factors in price-making.
nnc1.cu07420412,1955,1950,BK,us,UNLABELED,1,007078752,Industrial and manufacturing chemistry.
nnc2.ark:/13960/s2713crg558,1950,1950,BK,us,UNLABELED,1,103116772,Designs for convenient living / by Richard B. Pollman.
nnc2.ark:/13960/t3dz3kj7q,1955,1950,BK,us,UNLABELED,1,101790453,The Arab refugees - road to a solution
nyp.33333080760180,1950,1950,BK,us,UNLABELED,1,103224853,Gray Lance.
nyp.33333219831209,1951,1950,BK,us,UNLABELED,2,103025214,Paul Cézanne / by Marion Downer.
nyp.33433093129090,1955,1950,BK,us,UNLABELED,1,103222588,A compilation of the genealogical and biographical record of the descendants and relation circle of Henry B. Koehn : 184
nyp.33433101654055,1953,1950,BK,us,UNLABELED,1,103221292,School and college relations committee. Improving transition from school to college; how can school and college best coo
nyp.33433105467165,1950,1950,BK,us,UNLABELED,1,103136270,Prayer book for Sabbath and festivals.
osu.32435001917855,1952,1950,BK,us,UNLABELED,2,102284897,"Libya, the road to independence through United Nations."
osu.32435007227440,1954,1950,BK,us,UNLABELED,1,102909850,Nupe religion.
osu.32435008595415,1958,1950,BK,us,UNLABELED,1,101666120,Depreciation tables; computation and comparison of depreciation allowances under the Internal revenue code of 1954. Anal
osu.32435010981371,1954,1950,BK,us,UNLABELED,1,101670250,House party [by] Virginia Romans [pseud.]
osu.32435060051521,1956,1950,BK,us,UNLABELED,1,101672945,The meaning of the XXth Congress of the Communist Party of the Soviet Union / by Max Weiss.
osu.32435066264821,1952,1950,BK,us,UNLABELED,1,101805913,Middle East; background information.
osu.32437122214121,1955,1950,BK,us,UNLABELED,1,101670458,Government in economic life ; a record of 1954 and plans for 1955 / Solomon Fabricant.
osu.32437122491943,1958,1950,BK,us,UNLABELED,1,101674482,Omnibus judgeship bill .... report to accompany H.R. 13672 .
osu.32437122987148,1956,1950,BK,us,UNLABELED,1,101674710,"Investigations under the ""escape clause"" of trade agreements. : Outcome or current status of applications filed with the"
ppt.ssfcbz202002001098,1956,1950,BK,us,UNLABELED,2,001398823,Alternating currents / by Frederik Pohl.
pst.000006660437,1957,1950,BK,us,UNLABELED,2,000664110,The strangers were there; selected stories.
pst.000021175039,1959,1950,BK,us,UNLABELED,1,012264185,Battle : the story of the Bulge / John Toland; [maps by Bill Meek].
pst.000022865786,1950,1950,BK,us,UNLABELED,1,007517587,Walt Disney's Santa's toy shop / illustrations by the Walt Disney Studio ; adapted by Al Dempster.
pst.000024653916,1952,1950,BK,us,UNLABELED,1,007043389,The rolling stones / Robert A. Heinlein.
pst.000044201883,1952,1950,BK,us,UNLABELED,1,012282097,"Turbulent era; a diplomatic record of forty years, 1904-1945. / Edited by Walter Johnson, assisted by Nancy Harvison Hoo"
pst.000046770226,1959,1950,BK,us,UNLABELED,1,001032253,Madeline and the gypsies.
pst.000055468749,1952,1950,BK,us,UNLABELED,1,009426062,"Proceedings of the Coe College symposium [on human freedoms] March 28 and 29, 1952."
pst.000056192759,1957,1950,BK,us,UNLABELED,1,007058610,Ben Butler : the South called him Beast! / by Hans L. Trefousse.
pst.000056852936,1956,1950,BK,us,UNLABELED,1,007062325,The age of fighting sail : the story of the naval War of 1812 / by C.S. Forester.
pur1.32754061177873,1952,1950,BK,us,UNLABELED,1,002000866,"The new Britton and Brown illustrated flora of the northeastern United States and adjacent Canada / by Henry A. Gleason,"
rul.39030010094581,1954,1950,BK,us,UNLABELED,2,009241138,Digital plethysmography; introducing a method for recording simultaneously the time course of the rate of blood flow int
rul.39030012259588,1954,1950,BK,us,UNLABELED,1,001888264,"Foetal, infant and early childhood mortality."
rul.39030027839721,1958,1950,BK,us,UNLABELED,1,102911937,"Science and the materials of upholstery / prepared by Eugene Carrozza, instructor."
txu.059173023504176,1956,1950,BK,us,UNLABELED,3,001971233,Occurrences in Hispanic California / Translated and edited by Francis Price and William H. Ellison.
txu.059173023504846,1953,1950,BK,us,UNLABELED,1,101040202,Mexican notes and personalities of the struggle for Texas [by] Lee Hodges ...
uc1.$b102240,1954,1950,BK,us,UNLABELED,3,000632510,Thirty years.
uc1.$b102643,1954,1950,BK,us,UNLABELED,1,006601949,The city and the wave.
uc1.$b106275,1954,1950,BK,us,UNLABELED,1,006604064,Rebellion road / by Helen Topping Miller and John Dewey Topping.
uc1.$b111604,1951,1950,BK,us,UNLABELED,1,001040709,The exploration of space.
uc1.$b114210,1956,1950,BK,us,UNLABELED,1,001449472,"Education and sociology. Translated, and with an introd., by Sherwood D. Fox.  Foreword by Talcott Parsons."
uc1.$b161657,1954,1950,BK,us,UNLABELED,1,006638510,Images of imagination; love lines and other verse.
uc1.$b197404,1958,1950,BK,us,UNLABELED,1,001129797,City life in Japan; a study of a Tokyo ward.
uc1.$b236811,1951,1950,BK,us,UNLABELED,2,001309697,Free enterprise and the administrative state.
uc1.$b244567,1959,1950,BK,us,UNLABELED,2,001377145,The mountebank's tale.
uc1.$b491053,1956,1950,BK,us,UNLABELED,1,007317359,A Christmas tripych. Translated by Charles Dowsett. Decorations by T. J. Widdaker.
uc1.$b513126,1955,1950,BK,us,UNLABELED,1,006083423,Football scouting; illustrated by Frank Sinclair.
uc1.$b532700,1959,1950,BK,us,UNLABELED,2,001476017,The structure and evolution of the universe : an introduction to cosmology.
uc1.$b602699,1951,1950,BK,us,UNLABELED,1,004396532,"Speak up, management! How to communicate with employees and public, by Robert Newcomb and Marg Sammons."
uc1.$b605236,1952,1950,BK,us,UNLABELED,1,006093756,How to be creative with words / by William J. Grace.
uc1.$b608530,1957,1950,BK,us,UNLABELED,3,001431015,Business and government. Marshall Edward Dimock.
uc1.$b662462,1950,1950,BK,us,UNLABELED,2,001848697,Wind from the south; a novel.
uc1.$b665823,1959,1950,BK,us,UNLABELED,1,001311280,The business cycle.
uc1.$b665874,1957,1950,BK,us,UNLABELED,1,009984454,Economic theory and method.
uc1.$b667309,1957,1950,BK,us,UNLABELED,3,001769766,"Ten colloquies of Erasmus / Translated, with introd. and notes, by Craig R. Thompson."
uc1.$b722049,1953,1950,BK,us,UNLABELED,2,000437991,American literary pioneer: a biographical study of James A. Hillhouse.
uc1.$b86022,1958,1950,BK,us,UNLABELED,1,008011609,Young Mr. Keefe
uc1.$b92391,1957,1950,BK,us,UNLABELED,1,010111701,Society and education [by] Robert J. Havighurst [and] Bernice L. Neugarten.
uc1.$c212987,1954,1950,BK,us,UNLABELED,1,103107560,The selection and characteristics of various types of industrial salesmen.
uc1.31210004337695,1956,1950,BK,us,UNLABELED,1,102693532,The first book of Congress. Pictures by Helen Borten.
uc1.31210008016642,1959,1950,BK,us,UNLABELED,1,102693670,"Lou Gehrig : boy of the sand lots / by Guernsey Van Riper, Jr. ; illustrated by Jerry Robinson."
uc1.31210012463426,1956,1950,BK,us,UNLABELED,1,102705883,"An anthropological reconnaissance in the Near East, 1950."
uc1.31210012996235,1954,1950,BK,us,UNLABELED,1,102140599,South Africa; official standard names approved by the United States Board on Geographic Names.
uc1.31210020134829,1958,1950,BK,us,UNLABELED,1,100150148,Water sorption properties of homoionic clay minerals.
uc1.31210025050061,1957,1950,BK,us,UNLABELED,1,102422710,Progress in the desalting of sea waters.
uc1.31822016012130,1959,1950,BK,us,UNLABELED,1,010673517,"Chagall, 1909-1918. by Francois Mathey"
uc1.31822016744476,1950,1950,BK,us,UNLABELED,1,000450888,"Architecture of the Old Northwest Territory : a study of early architecture in Ohio, Indiana, Illinois, Michigan, Wiscon"
uc1.31822023653785,1958,1950,BK,us,UNLABELED,1,102977266,"Methodology in social science; a critique of Marx and Engels, by John MacPherson Somerville."
uc1.31822025290651,1957,1950,BK,us,UNLABELED,1,008302645,Living musicians : first supplement / compiled and edited by David Ewen
uc1.31822025663592,1959,1950,BK,us,UNLABELED,1,008705242,Musical craftsmanship
uc1.31822026070516,1956,1950,BK,us,UNLABELED,1,004531781,The public junior college / Edited by Nelson B. Henry
uc1.32106000033636,1959,1950,BK,us,UNLABELED,2,001382539,Introduction to existentialism.
uc1.32106000896339,1953,1950,BK,us,UNLABELED,1,004490530,The decline of agrarian democracy.
uc1.32106001529723,1953,1950,BK,us,UNLABELED,2,001181604,The Greek poets.
uc1.32106005886699,1957,1950,BK,us,UNLABELED,1,001387985,Perceiving: a philosophical study.
uc1.32106007245688,1957,1950,BK,us,UNLABELED,2,001394917,Tokugawa religion; the values of pre-industrial Japan.
uc1.32106010926274,1956,1950,BK,us,UNLABELED,2,001181944,"Amor and Psyche; the psychic development of the feminine; a commentary on the tale by Apuleius, by Erich Neumann. Transl"
uc1.32106015313627,1950,1950,BK,us,UNLABELED,1,007129618,"Purim and Hanukkah, in custom and tradition; Feast of Lots, Feast of Lights."
uc1.b000812320,1958,1950,BK,us,UNLABELED,1,102999497,Italian in record time.
uc1.b3324396,1954,1950,BK,us,UNLABELED,1,006130927,W.H. Hudson.
uc1.b3346633,1957,1950,BK,us,UNLABELED,1,007926139,Ten seconds from now / Kay Cicellis.
uc1.b3377176,1952,1950,BK,us,UNLABELED,3,001141765,Ethics in government [by] Paul H. Douglas.
uc1.b3406867,1955,1950,BK,us,UNLABELED,1,006290423,The shy Stegosaurus of Cricket Creek. Illustrated by Hubert Buel.
uc1.b3416348,1957,1950,BK,us,UNLABELED,2,001307428,"Economic models, an exposition."
uc1.b3426249,1956,1950,BK,us,UNLABELED,2,001274652,Societies around the world.
uc1.b3436010,1957,1950,BK,us,UNLABELED,1,001479819,Technical aspects of sound.
uc1.b3482931,1957,1950,BK,us,UNLABELED,1,004398488,Fabian international essays. Edited by T. E. M. McKitterick and Kenneth Younger.
uc1.b3496577,1951,1950,BK,us,UNLABELED,2,001398514,My life with Dreiser / by Helen Dreiser.
uc1.b3560843,1959,1950,BK,us,UNLABELED,4,001463678,Before I forget; a pilgrimage to the past.
uc1.b3576607,1958,1950,BK,us,UNLABELED,1,000484606,"American notes; letters from a lecture tour, 1874."
uc1.b3687506,1954,1950,BK,us,UNLABELED,1,010136920,"Death and the gentle bull, a Captain Heimrich mystery, by Richard and Frances Lockridge."
uc1.b3710777,1959,1950,BK,us,UNLABELED,3,000671836,Family gathering.
uc1.b3711056,1952,1950,BK,us,UNLABELED,2,000672983,"The world of George Jean Nathan / selected and edited, with an introd., by Charles Angoff."
uc1.b3711183,1955,1950,BK,us,UNLABELED,2,000634317,Gentlemen's relish / Christopher Morley.
uc1.b3720496,1957,1950,BK,us,UNLABELED,1,010152181,"Symposium on Cancer of the Head and Neck, October 28-29, 1957 ... New York, N. Y."
uc1.b3720809,1958,1950,BK,us,UNLABELED,1,006703475,"Life insurance and medicine; the prognosis and wnderwriting of disease, edited by Harry E. Ungerleider [and] Richard S. "
uc1.b3721809,1955,1950,BK,us,UNLABELED,1,002066363,"Virus and rickettsial diseases, by S.P. Bedson [and others.]."
uc1.b3894615,1958,1950,BK,us,UNLABELED,2,006744793,"Wisdom: conversations with the elder wise men of our day, edited and with an introd. by James Nelson."
uc1.b3922543,1956,1950,BK,us,UNLABELED,1,002038590,The unity of man ; St. Thomas's solution to the body-soul problem.
uc1.b3923476,1957,1950,BK,us,UNLABELED,1,001381632,Master Eckhart and the Rhineland mystics. Translated by Hilda Graef.
uc1.b3946760,1959,1950,BK,us,UNLABELED,2,001408076,The new shape of American religion.
uc1.b4024175,1959,1950,BK,us,UNLABELED,1,009657685,Project report of the curriculum study.
uc1.b4024210,1956,1950,BK,us,UNLABELED,1,009657696,"The place of alcohol education in adult life, its relationship to, and effects on the education of youth."
uc1.b4027944,1954,1950,BK,us,UNLABELED,2,007526069,Strategy.
uc1.b4088219,1957,1950,BK,us,UNLABELED,2,006149994,The Tao of science; an essay on Western knowledge and Eastern wisdom.
uc1.b4095477,1955,1950,BK,us,UNLABELED,1,006152338,"The bubble makers, a novel."
uc1.b4095538,1954,1950,BK,us,UNLABELED,1,006152362,"Murder in pastiche : or, nine detectives all at sea /  Marion Mainwaring."
uc1.b4104545,1953,1950,BK,us,UNLABELED,1,004471612,"W. B. Yeats and T. Sturge Moore; their correspondence, 1901-1937 / Edited by Ursula Bridge."
uc1.b4144041,1957,1950,BK,us,UNLABELED,2,001959375,"Papers on soils; presented at the second Pacific area national meeting, Los Angeles, Calif., September 17, 1956."
uc1.b4191822,1950,1950,BK,us,UNLABELED,1,001479971,Heat and temperature measurement.
uc1.b4238365,1954,1950,BK,us,UNLABELED,2,001281443,"Guiding arithmetic learning, John R. Clark and Laura K. Eads."
uc1.b4259179,1959,1950,BK,us,UNLABELED,2,001578132,Sociological theory & mental disorder.
uc1.b4294501,1954,1950,BK,us,UNLABELED,1,006212736,Anthropology.
uc1.b4385664,1959,1950,BK,us,UNLABELED,1,001384694,"Maine de Biran: reformer of empiricism, 1766-1824."
uc1.b4431299,1958,1950,BK,us,UNLABELED,1,006239191,"Dead letters sent, and other poems / by Maurice Kenny"
uc1.b4438225,1950,1950,BK,us,UNLABELED,2,002569788,"Life in seventeenth century Holland : views, vistas, pastimes, pantomimes, portraits, peep shows : loan exhibition, Nove"
uc1.b4502785,1959,1950,BK,us,UNLABELED,2,001273523,Oceanography and marine biology; a book of techniques
uc1.b4558837,1951,1950,BK,us,UNLABELED,1,000974766,American society : a sociological interpretation / by Robin M. Williams.
uc1.b4573880,1950,1950,BK,us,UNLABELED,1,010096092,Pin-ups : a step beyond : a portfolio of breathtaking beauties / by Bernard of Hollywood.
uc1.b4980373,1958,1950,BK,us,UNLABELED,2,001988420,The inhabited universe;
uc1.b5018627,1957,1950,BK,us,UNLABELED,2,001993628,Botany for gardeners
uc1.b5378714,1950,1950,BK,us,UNLABELED,1,102616219,The immortal lovers: Elizabeth Barrett & Robert Browning; a biography.
uc1.c006876543,1950,1950,BK,us,UNLABELED,1,000493529,Diary of U.S. participation in World War II.
uc1.c036312070,1957,1950,BK,us,UNLABELED,1,102587417,Stories California Indians told / by Anne B. Fisher ; illustrated by Ruth Robbins.
uc1.c044241738,1956,1950,BK,us,UNLABELED,1,001137069,"Robert Minor, artist and crusader ; an informal biography."
uc1.c053766765,1951,1950,BK,us,UNLABELED,1,102202094,Federal income tax treatment of capital gains and losses; supplement to statement by Secretary of Treasury on Tax Revisi
uc1.c106126151,1952,1950,BK,us,UNLABELED,1,102613991,"The 9 wrong answers, a novel for the curious."
uc1.c2862435,1954,1950,BK,us,UNLABELED,1,100637198,Kinetics and mechanism of the acid-catalyzed aldol condensation / by William Austin Pryor.
uc1.c2862437,1953,1950,BK,us,UNLABELED,1,100637199,Infrared studies of molecular crystals / by Willis Bagley Person.
uc1.c2862447,1954,1950,BK,us,UNLABELED,1,100637206,N-trifluoroacetylamino acids and their derivatives in peptide synthesis / by Elmer Edward Schallenberg.
uc1.c2862572,1959,1950,BK,us,UNLABELED,1,100637292,The mechanisms of the reactions of ?-hydroxyketones / by Wilmer Leslie Reed.
uc1.c2862820,1954,1950,BK,us,UNLABELED,1,100637308,"Willow twig, a virus disease of peach."
uc1.c2862898,1956,1950,BK,us,UNLABELED,1,100637326,Alexander N. Radischev : a spokesman of the Russian enlightenment.
uc1.c2863309,1956,1950,BK,us,UNLABELED,1,100637355,The Viage a Jerusalem : a contribution to the study of Spanish travel literature / by Paul Manuel Arriola.
uc1.c2873399,1955,1950,BK,us,UNLABELED,1,100649365,A study of the impact of the FCDA grant-in-aid program on state-federal relations / by Jack Bernard Collins.
uc1.c2874648,1954,1950,BK,us,UNLABELED,1,100649372,The cosmic canopy / by Helen Alice Crane.
uc1.c2880789,1953,1950,BK,us,UNLABELED,1,100649805,"A taxonomic study of the rainbow trout populations of the streams on Mt. San Gorgonio, San Bernardino County, California"
uc1.c2891767,1950,1950,BK,us,UNLABELED,1,100649982,A study of metabolism in Pinus ponderosa pollen / by Henry Hellmers.
uc1.c2892068,1951,1950,BK,us,UNLABELED,1,100650088,"The geology of a portion of the Las Trampas Ridge Quadrangle, California / by Cornelius Kimball Ham."
uc1.c2907974,1952,1950,BK,us,UNLABELED,1,100650311,Studies on the sterilization of foods by epoxides / by George Kapsiotis.
uc1.c2908648,1956,1950,BK,us,UNLABELED,1,100650467,A study of negative ion sources for a charge-exchange accelerator / by Toivo Henry Koski.
uc1.c2920709,1955,1950,BK,us,UNLABELED,1,100651138,Structure of operator algebras / by Reese Trego Prosser.
uc1.c2923675,1954,1950,BK,us,UNLABELED,1,100651198,"Mexico's struggle for rural education, 1910-1950 / by Ramon Eduardo Ruiz."
uc1.c2932010,1957,1950,BK,us,UNLABELED,1,100691056,The theory and practice of the Nouvelle in France from 1600 to 1660 / by Ralph Willis Baldner.
uc1.c2932093,1957,1950,BK,us,UNLABELED,1,100691135,The relationship of manifest anxiety to performance on cognitive tasks / by John Henry Steinemann.
uc1.c2932186,1957,1950,BK,us,UNLABELED,1,100691208,Scattering by a nonresonant slot in rectangular guide / by Nikita Kusnezov.
uc1.c2933158,1958,1950,BK,us,UNLABELED,1,100702812,Narrative viewpoint in the short stories of Katherine Mansfield / by Irene Pauzner Kimmel.
uc1.c2933606,1958,1950,BK,us,UNLABELED,1,100703168,Kinetic ejection of electrons from tungsten by positive ions / by Paul McElroy Waters.
uc1.c2947502,1959,1950,BK,us,UNLABELED,1,100775816,Change in college field of study as a function of discrepancy between self concept and expected occupational role / by J
uc2.ark:/13960/t3fx7488q,1957,1950,BK,us,UNLABELED,1,102500612,Reminiscences of Eric Spencer and Constance Macky : Eric S. Macky ; tape recorded interview conducted in 1954. Regional 
uc2.ark:/13960/t48p5vs4r,1951,1950,BK,us,UNLABELED,1,007655813,"The Chronicles of America series / Allen Johnson, editor, Gerhard R. Lomer, Charles W. Jefferys, assistant editors."
uga1.32108001873598,1959,1950,BK,us,UNLABELED,1,102921161,Mail-order advertising; what it is and how to make it pay.
uga1.32108005517936,1959,1950,BK,us,UNLABELED,1,102903625,"A Weeden Island burial mound in Decatur County, Georgia and related sites on the lower Flint River."
uiuc.1035773,1950,1950,BK,us,UNLABELED,3,001181455,A history of Greek literature.
uiug.30112001583423,1953,1950,BK,us,UNLABELED,1,102426670,"Goodbye, summer; a novel."
uiug.30112011295141,1953,1950,BK,us,UNLABELED,1,101792379,Our constitution : presented in modern everyday language / [edited] by Philip Van Doren Stern ; introduction by Allen Ne
uiug.30112011380125,1959,1950,BK,us,UNLABELED,1,102641821,"English for meaning / by Paul McKee, M. Lucile Harrison, Annie McCowen."
uiug.30112011972392,1950,1950,BK,us,UNLABELED,1,102185510,"The Kitáb-iíqán, the Book of certitude, revealed by Baháʾuʾlláh; translated by Soghi effendi."
uiug.30112014470543,1957,1950,BK,us,UNLABELED,1,102329579,Leon Kirchner / Alexander L. Ringer.
uiug.30112040248384,1950,1950,BK,us,UNLABELED,1,101735632,One wild oat / by MacKinlay Kantor.
uiug.30112044936166,1952,1950,BK,us,UNLABELED,2,102610899,"Interior design; a laboratory manual for house furnishing, by Alice Waugh and Mable Russell."
uiug.30112048349481,1953,1950,BK,us,UNLABELED,1,101736323,The general's wench.
uiug.30112056965384,1955,1950,BK,us,UNLABELED,1,102407190,4 Kappa Tau Alpha addresses / by Frank Luther Mott.
uiug.30112057113984,1957,1950,BK,us,UNLABELED,1,001270532,Global geography.
uiug.30112064521229,1959,1950,BK,us,UNLABELED,1,101685087,Employment and income in the later years. [By] Indiana Employment Security Division [and] Indiana State Commission on th
uiug.30112067600095,1958,1950,BK,us,UNLABELED,1,101718730,The American tragedy--our schools; what you can do about it.
uiug.30112068496790,1957,1950,BK,us,UNLABELED,1,102436324,"Algebra one, grade 9."
uiug.30112069969837,1957,1950,BK,us,UNLABELED,1,102894172,"Reading list for the theme center ""The self-reliant individual"" : including a list of suggested films and a sample unit "
uiug.30112073221712,1957,1950,BK,us,UNLABELED,1,102643297,"Britain: pioneer in the past, pioneer still!"
uiug.30112074277663,1957,1950,BK,us,UNLABELED,1,100857943,Hollywood at the crossroads : an economic study of the motion picture industry / especially prepared for the Hollywood A
uiug.30112082083426,1955,1950,BK,us,UNLABELED,1,101795798,Reflections without frills.
uiug.30112087253503,1957,1950,BK,us,UNLABELED,2,010473340,"Iowa rules, civil procedure."
uiug.30112097471384,1958,1950,BK,us,UNLABELED,1,102274627,Life in America.
uiug.30112105727637,1957,1950,BK,us,UNLABELED,1,102502867,The university council: its background and development September 1957.
uiug.30112105742685,1952,1950,BK,us,UNLABELED,1,102940461,Some important factors causing spoilage and poor quailty in home canned foods.
uiug.30112110763239,1952,1950,BK,us,UNLABELED,1,101684478,"Minable coal reserves of Illinois / by Gilbert H. Cady, in collaboration with other members of the Coal Division."
uiug.30112115445378,1951,1950,BK,us,UNLABELED,1,102968318,"Some aspects of Missouri quail and quail hunting, 1938-1948 / by Rudolf Bennitt."
uiug.30112116744134,1953,1950,BK,us,UNLABELED,1,102982746,"The influence of size, age, and condition of waters upon the growth of largemouth bass in Oklahoma / by Robert Jenkins a"
uiug.30112117674355,1952,1950,BK,us,UNLABELED,1,103199736,Young eagles / by Eva K. Betz ; ill. by June Driscoll.
uiug.30112117747516,1958,1950,BK,us,UNLABELED,1,102299280,Fulbright painters; [exhibition] organized by the Smithsonian Institution in cooperation with the Institute of Internati
uiug.30112118765814,1959,1950,BK,us,UNLABELED,1,103199443,Heath elementary science / Herman and Nina Schneider.
uiug.30112119933908,1959,1950,BK,us,UNLABELED,1,102300543,The Army Engineers' contribution to American defense and advancement.
uiug.30112119936067,1957,1950,BK,us,UNLABELED,1,102300632,Copy capsules.
uiug.30112120206518,1950,1950,BK,us,UNLABELED,1,103201867,Neighborhood stories / by Wallace W. Atwood and Helen Goss Thomas.
uiuo.ark:/13960/s2dfwj4zjrh,1958,1950,BK,us,UNLABELED,1,102986007,Light for seeing / Glen E. Stringham.
uiuo.ark:/13960/t3vt1kv5p,1955,1950,BK,us,UNLABELED,1,100697680,"Bat ticks of the Genus Argas (Ixodoidea, Argasidae) : 1, The subgenus Chiropterargas."
umn.319510002253224,1955,1950,BK,us,UNLABELED,1,001493794,An introduction to plant taxonomy. Illus. by Marion Ruff Sheehan.
umn.31951000380950t,1951,1950,BK,us,UNLABELED,1,007477424,The science of health.
umn.31951000434497q,1952,1950,BK,us,UNLABELED,1,101721901,The pathogenesis and treatment of thrombosis : with a clinical and laboratory guide to anticoagulant therapy.
umn.31951000437274v,1959,1950,BK,us,UNLABELED,2,009501095,A history of anticoagulants : a symposium.
umn.31951000833414x,1951,1950,BK,us,UNLABELED,1,101694649,Life starts today.
umn.319510008901487,1954,1950,BK,us,UNLABELED,1,101694897,Flamingo prince.
umn.31951000895690z,1953,1950,BK,us,UNLABELED,1,101694810,"School building survey, Lake City area / O.E. Domian, director."
umn.31951000948158n,1955,1950,BK,us,UNLABELED,1,101725086,Power reactors.
umn.319510014055727,1953,1950,BK,us,UNLABELED,1,001111910,"The home book of verse, American and English; with an appendix containing a few well-known poems in other languages."
umn.31951001538874n,1953,1950,BK,us,UNLABELED,1,101695835,Basic information on the American economy.
umn.319510015695792,1956,1950,BK,us,UNLABELED,1,001141850,The Presidency today
umn.31951001689142m,1955,1950,BK,us,UNLABELED,1,100956746,When I was little.
umn.31951001912525q,1955,1950,BK,us,UNLABELED,1,010589022,Factors affecting resistance of wheat to scab caused by Gibberella zeae (Schw.) Petch.
umn.319510019863185,1950,1950,BK,us,UNLABELED,1,010588898,The propagation and concentrations of the causative agent of infectious sinusitis of the turkey in the chick embryo.
umn.31951002052642h,1954,1950,BK,us,UNLABELED,1,101654244,Have a lovely funeral / by A. T. Hopkins.
umn.319510023100923,1956,1950,BK,us,UNLABELED,1,100959209,Portrait of Rene /by Harry Davis.
umn.31951002361901x,1958,1950,BK,us,UNLABELED,2,001433968,Aspects of liberty; essays presented to Robert E. Cushman / Edited by Milton R. Konvitz and Clinton Rossiter.
umn.31951d00496889d,1957,1950,BK,us,UNLABELED,1,010450800,Oil and gas leasing on Federal lands.
umn.31951p00536725o,1955,1950,BK,us,UNLABELED,1,100957179,General botany / Harry J. Fuller.
umn.31951t004031456,1954,1950,BK,us,UNLABELED,1,010367899,The theory and practice of Soviet nationality policy.
umn.31951t00403240c,1954,1950,BK,us,UNLABELED,1,010589047,"Manchuria as a political entity: government and politics of a major region of China, including its relations to China pr"
uva.x000024577,1951,1950,BK,us,UNLABELED,1,101888271,The American political tradition and the men who made it.
uva.x000234278,1951,1950,BK,us,UNLABELED,2,006799200,The Villa Diana; illustrated by Osbert Lancaster.
uva.x000308447,1950,1950,BK,us,UNLABELED,1,001032699,Pippi Longstocking;
uva.x000334611,1952,1950,BK,us,UNLABELED,1,102070551,A little treasury of American poetry; the chief poets from colonial times to the present day.
uva.x000363997,1954,1950,BK,us,UNLABELED,1,101879201,Social anthropology.
uva.x000442373,1958,1950,BK,us,UNLABELED,1,101926836,"The decline of imperial Russia, 1855-1914 / by Hugh Seton-Watson."
uva.x000443668,1956,1950,BK,us,UNLABELED,1,101873668,Writings.
uva.x000459968,1950,1950,BK,us,UNLABELED,1,001737712,Capitalism in Amsterdam in the 17th century.
uva.x000470868,1952,1950,BK,us,UNLABELED,1,004429616,Works
uva.x001404878,1953,1950,BK,us,UNLABELED,1,101892268,Mechanical properties of thin metallic films.
uva.x001404903,1952,1950,BK,us,UNLABELED,1,101892537,Ultracentrifugal and infrared studies on lipoprotein molecules.
uva.x001533734,1959,1950,BK,us,UNLABELED,2,000368422,Willem de Kooning.
uva.x001566627,1950,1950,BK,us,UNLABELED,1,102078562,Relations between the upper bounds of the derivatives of a function of a real variable. Prepared under contract N8-onr-5
uva.x001820729,1950,1950,BK,us,UNLABELED,5,000125989,Collected mathematical papers.
uva.x002765637,1951,1950,BK,us,UNLABELED,2,006153717,Patrick and the golden slippers.
uva.x030125743,1955,1950,BK,us,UNLABELED,1,102046101,The life to live [by] Frederick M. Meek.
uva.x030157986,1953,1950,BK,us,UNLABELED,1,102048048,Letters to an altar boy. Illus. by Janice Walters.
uva.x030214895,1953,1950,BK,us,UNLABELED,1,102051202,The minister's personal guide / by Walter E. Schuette.
uva.x030313282,1954,1950,BK,us,UNLABELED,1,102096860,"The animal kingdom; the strange and wonderful ways of mammals, birds, reptiles, fishes, and insects. A new and authentic"
uva.x030749000,1958,1950,BK,us,UNLABELED,1,101864286,Appointment with dishonour.
wu.89009322876,1955,1950,BK,us,UNLABELED,1,010027703,Foreign policy and party politics: Pearl Harbor to Korea [by] H. Bradford Westerfield.
wu.89038757183,1958,1950,BK,us,UNLABELED,1,005801997,"Graphic science; engineering drawing, descriptive geometry, graphical solutions [by] Thomas E. French [and] Charles J. V"
wu.89039050984,1952,1950,BK,us,UNLABELED,2,001512430,Shock and vibration instrumentation : symposium at the 17th Applied Mechanics Division conference of the ASME held at Pe
wu.89042027573,1959,1950,BK,us,UNLABELED,2,001287415,New frontiers in guidance-personnel work.
wu.89042560193,1955,1950,BK,us,UNLABELED,1,005710123,The cytology and life-history of bacteria / by K. A. Bisset.
wu.89042726943,1959,1950,BK,us,UNLABELED,2,005854846,Electrical engineering for professional engineers' examinations.
wu.89067290163,1953,1950,BK,us,UNLABELED,1,005947715,Mary Baker Eddy fulfills prophecy.
wu.89069643617,1955,1950,BK,us,UNLABELED,1,007465556,Bells over Texas. Drawings by José Cisneros.
wu.89090089178,1956,1950,BK,us,UNLABELED,1,005712336,The Wisconsin county welfare merit system / by (Emmanuel) Lester Levine.
wu.89098582323,1953,1950,BK,us,UNLABELED,1,005859172,Surge phenomena in engine scavenging / by Helmuth William Engelman.
coo.31924061481309,1955,1950,SE,uk,AGRICULTURAL,1,000498640,"Agricultural statistics, England and Wales."
coo.31924069222135,1950,1950,SE,uk,AGRICULTURAL,1,009161883,Poultry farmer.
mdp.39015031764304,1955,1950,SE,uk,CATALOG,1,000550349,The English catalogue of books published from ... to ...
coo.31924105703973,1951,1950,SE,uk,GENERAL_PERIODICAL,1,009874188,Tubercle. The journal of the British Tuberculosis Association.
cub.u183015824037,1954,1950,SE,uk,GENERAL_PERIODICAL,1,000054504,The National and English review.
iau.31858016611265,1953,1950,SE,uk,GENERAL_PERIODICAL,1,000679211,The Literary guide and rationalist review.
iau.31858028943466,1955,1950,SE,uk,GENERAL_PERIODICAL,1,006062099,Adam international review.
inu.30000116566427,1955,1950,SE,uk,GENERAL_PERIODICAL,1,008567264,World science review.
inu.30000116566443,1957,1950,SE,uk,GENERAL_PERIODICAL,1,008567264,World science review.
mdp.39015020102268,1953,1950,SE,uk,GENERAL_PERIODICAL,1,000532792,International sugar journal.
mdp.39015022471877,1951,1950,SE,uk,GENERAL_PERIODICAL,1,000544742,Electrical journal.
mdp.39015022471893,1952,1950,SE,uk,GENERAL_PERIODICAL,1,000544742,Electrical journal.
mdp.39015022471927,1953,1950,SE,uk,GENERAL_PERIODICAL,1,000544742,Electrical journal.
mdp.39015022692688,1956,1950,SE,uk,GENERAL_PERIODICAL,1,000600177,"Shipbuilding & shipping record; a journal of shipbuilding, marine engineering, dock, harbours & shipping."
mdp.39015024459201,1957,1950,SE,uk,GENERAL_PERIODICAL,1,000506016,Journal of the West African Science Association. : Journal de l'Association Scientifique de l'Ouest Africain.
mdp.39015031957890,1950,1950,SE,uk,GENERAL_PERIODICAL,1,000541358,Discovery : a monthly popular journal of knowledge.
mdp.39015033638480,1950,1950,SE,uk,GENERAL_PERIODICAL,1,000503008,The South American journal.
mdp.39015035512675,1952,1950,SE,uk,GENERAL_PERIODICAL,1,000681599,Quarterly journal of the Royal Meteorological Society.
mdp.39015046796077,1953,1950,SE,uk,GENERAL_PERIODICAL,1,000543716,The Cambridge journal.
mdp.39015048641958,1955,1950,SE,uk,GENERAL_PERIODICAL,1,000496075,Journal of the Royal Central Asian Society.
nyp.33433063944049,1959,1950,SE,uk,GENERAL_PERIODICAL,1,000599029,The computer journal
nyp.33433075632137,1956,1950,SE,uk,GENERAL_PERIODICAL,1,101956144,Bulletin.
nyp.33433098394798,1953,1950,SE,uk,GENERAL_PERIODICAL,1,012306602,The Biochemical journal.
nyp.33433100205727,1951,1950,SE,uk,GENERAL_PERIODICAL,1,103066856,Bulletin.
nyp.33433102836545,1954,1950,SE,uk,GENERAL_PERIODICAL,1,000550132,Journal of applied chemistry
nyp.33433108210844,1956,1950,SE,uk,GENERAL_PERIODICAL,1,009793658,The electrical review.
nyp.33433108236641,1957,1950,SE,uk,GENERAL_PERIODICAL,1,008896974,"Flight : a journal devoted to the interests, practice, and progress of aerial locomotion and transport."
nyp.33433109983514,1955,1950,SE,uk,GENERAL_PERIODICAL,1,103064898,Hawker Siddeley review.
nyp.33433110084161,1952,1950,SE,uk,GENERAL_PERIODICAL,1,003920398,Journal of the Institute of Metals
osu.32435025737925,1958,1950,SE,uk,GENERAL_PERIODICAL,1,102842548,The School board chronicle : an educational record & review.
osu.32435058797457,1954,1950,SE,uk,GENERAL_PERIODICAL,1,102951384,Fact : the Labour Party bulletin / edited by the Labour Party Research Department.
uc1.$b618164,1958,1950,SE,uk,GENERAL_PERIODICAL,1,004529446,Journal of the Chemical Society.
uc1.$b648386,1955,1950,SE,uk,GENERAL_PERIODICAL,1,006099062,The Royal engineers journal.
uc1.31205013049091,1953,1950,SE,uk,GENERAL_PERIODICAL,1,009029374,Journal of the Royal Society of Arts.
uc1.b000971649,1955,1950,SE,uk,GENERAL_PERIODICAL,1,000598829,Palestine exploration quarterly.
uc1.b2939349,1957,1950,SE,uk,GENERAL_PERIODICAL,1,000064375,The orchid review.
uc1.b3019536,1959,1950,SE,uk,GENERAL_PERIODICAL,1,000637368,Journal of the Textile Institute.
uc1.b3229802,1950,1950,SE,uk,GENERAL_PERIODICAL,1,010047199,World review.
uc1.b4166744,1957,1950,SE,uk,GENERAL_PERIODICAL,1,000495995,Journal of the Royal Statistical Society. Series B (Methodological)
uc1.b4329257,1954,1950,SE,uk,GENERAL_PERIODICAL,1,004529446,Journal of the Chemical Society.
uc1.c006690389,1954,1950,SE,uk,GENERAL_PERIODICAL,1,005820603,The Genealogists' magazine : official organ of the Society of Genealogists.
uc1.l0063993869,1959,1950,SE,uk,GENERAL_PERIODICAL,1,003907600,Russian journal of physical chemistry.
ufl.31262100811677,1958,1950,SE,uk,GENERAL_PERIODICAL,1,000494633,The human factor : the journal of the National Institute of Industrial Psychology.
uga1.32108010097817,1955,1950,SE,uk,GENERAL_PERIODICAL,1,102920726,Review of income and wealth; journal of the International Association for Research in Income and Wealth.
uiug.30112008011741,1959,1950,SE,uk,GENERAL_PERIODICAL,1,000503462,SERL technical journal.
uiug.30112112011264,1955,1950,SE,uk,GENERAL_PERIODICAL,1,012368986,Journal.
uva.x030387687,1959,1950,SE,uk,GENERAL_PERIODICAL,2,000527329,The Quarterly review.
osu.32437121374033,1953,1950,SE,uk,LEGAL,1,008701543,The Law reports of the Incorporated Council of Law Reporting. Cases determined in the Chancery Division and in lunacy an
rul.39030035801739,1954,1950,SE,uk,MEDICAL,1,000046426,Special report series / Medical Research Council.
uc1.b4294309,1953,1950,SE,uk,MEDICAL,1,006212715,The Sanitarian.
uc1.b4810988,1956,1950,SE,uk,MEDICAL,1,101693867,St. Thomas' Hospital annual report.
coo.31924057094249,1959,1950,SE,uk,REFERENCE,1,009473091,Industrial finishing year book.
ien.35556003304946,1956,1950,SE,uk,REFERENCE,1,010641535,"Statistical year book: tin, tinplate, canning."
nyp.33433100207673,1959,1950,SE,uk,REFERENCE,1,103066844,British glass industry; directory & buyers' guide.
uc1.31175034011414,1954,1950,SE,uk,REFERENCE,1,103164411,Food directory.
uc1.b2936895,1957,1950,SE,uk,REFERENCE,1,007929198,The Daffodil and tulip year book.
uc1.b3140014,1959,1950,SE,uk,REFERENCE,1,009977640,The student's handbook to the university and colleges of Cambridge
uiug.30112121390485,1955,1950,SE,uk,REFERENCE,1,000533637,Kempe's engineer's year-book.
uva.x002241237,1955,1950,SE,uk,REFERENCE,1,102088407,Edinburgh year book.
uc1.b3078911,1954,1950,SE,uk,RELIGIOUS,1,010107250,Church Quarterly Review
nyp.33433066380837,1956,1950,SE,uk,TRADE,1,103065097,Hardware trade journal.
nyp.33433110021288,1958,1950,SE,uk,TRADE,1,103050626,The Hosiery trade journal.
uiug.30112007923532,1950,1950,SE,uk,TRADE,1,003919142,The foundry trade journal.
coo.31924053901249,1955,1950,SE,uk,UNLABELED,1,009149186,Dairy industries.
coo.31924053901264,1956,1950,SE,uk,UNLABELED,1,009149186,Dairy industries.
coo.31924066935036,1959,1950,SE,uk,UNLABELED,1,000522099,Nutrition.
coo.31924069139891,1956,1950,SE,uk,UNLABELED,1,000547940,New biology.
coo.31924069751646,1951,1950,SE,uk,UNLABELED,1,009374842,Surveyor
cub.u183025720463,1957,1950,SE,uk,UNLABELED,1,102911652,Flight and aircraft engineer : official organ of the Royal Aero Club.
cub.u183025787847,1953,1950,SE,uk,UNLABELED,1,102891843,Malone Society reprints.
cub.u183036054281,1950,1950,SE,uk,UNLABELED,1,003907593,Archaeologia cantiana.
iau.31858019840291,1958,1950,SE,uk,UNLABELED,1,000680134,Engineering
iau.31858029199522,1950,1950,SE,uk,UNLABELED,1,006056637,The Fortnightly.
iau.31858034866412,1951,1950,SE,uk,UNLABELED,1,100958817,Special publication.
iau.31858046004887,1950,1950,SE,uk,UNLABELED,1,102880731,British science news.
iau.31858046274639,1950,1950,SE,uk,UNLABELED,1,009367162,Great Britain and the East.
ien.35558002912786,1958,1950,SE,uk,UNLABELED,1,000062648,Transactions of the Ophthalmological Society of the United Kingdom.
inu.30000088319797,1956,1950,SE,uk,UNLABELED,1,003869797,The parliamentary debates (Hansard). House of Lords official report.
inu.30000088326040,1957,1950,SE,uk,UNLABELED,1,000046507,Parliamentary debates (Hansard). House of Commons official report.
inu.30000090223052,1951,1950,SE,uk,UNLABELED,1,000046507,Parliamentary debates (Hansard). House of Commons official report.
inu.30000108640784,1959,1950,SE,uk,UNLABELED,1,006937525,Country western express.
mdp.35112103022655,1954,1950,SE,uk,UNLABELED,1,003927309,History and law series.
mdp.39015006817806,1952,1950,SE,uk,UNLABELED,1,000055689,Report of the conference.
mdp.39015010900275,1951,1950,SE,uk,UNLABELED,1,000497545,Flight International.
mdp.39015017871123,1950,1950,SE,uk,UNLABELED,1,000529872,Index of fungi.
mdp.39015019097545,1954,1950,SE,uk,UNLABELED,1,000637499,The volume of the Walpole Society.
mdp.39015019274599,1959,1950,SE,uk,UNLABELED,1,000677276,Nuclear engineering.
mdp.39015022418316,1956,1950,SE,uk,UNLABELED,1,000544367,Passenger transport.
mdp.39015022476009,1950,1950,SE,uk,UNLABELED,1,000639169,The Commercial motor.
mdp.39015023326252,1958,1950,SE,uk,UNLABELED,1,000525924,Gramophone.
mdp.39015024148465,1951,1950,SE,uk,UNLABELED,1,000640681,Making music.
mdp.39015026405111,1958,1950,SE,uk,UNLABELED,1,000642895,Spectrochimica acta.
mdp.39015027604381,1953,1950,SE,uk,UNLABELED,1,003913604,Survey of international affairs.
mdp.39015029399105,1955,1950,SE,uk,UNLABELED,1,000642854,Population studies.
mdp.39015040111331,1954,1950,SE,uk,UNLABELED,1,000553856,The Year's work in English studies.
mdp.39015049924296,1956,1950,SE,uk,UNLABELED,1,000543381,British and foreign state papers.
mdp.39015050592313,1957,1950,SE,uk,UNLABELED,1,000529591,Our history.
mdp.39015055219557,1956,1950,SE,uk,UNLABELED,1,000682156,Punch.
mdp.39015056733796,1956,1950,SE,uk,UNLABELED,1,000597552,Vacher's parliamentary companion.
mdp.39015059476831,1957,1950,SE,uk,UNLABELED,1,000534910,International seismological summary.
mdp.39015060960690,1950,1950,SE,uk,UNLABELED,1,000061427,Annual report of the Henry Bradshaw Society.
mdp.39015062773422,1957,1950,SE,uk,UNLABELED,1,000545832,The Rifle Brigade chronicle.
mdp.39015073166988,1951,1950,SE,uk,UNLABELED,1,000548693,Annual report - Joint Standing Committee for Research.
mdp.39015074872048,1950,1950,SE,uk,UNLABELED,1,000540735,Canada; economic and commercial conditions in Canada.
mdp.39015075030620,1952,1950,SE,uk,UNLABELED,1,000638596,The Shipbuilder and marine engine-builder.
mdp.39015077072604,1952,1950,SE,uk,UNLABELED,1,005670593,Pamphlet series.
mdp.39015082946057,1957,1950,SE,uk,UNLABELED,1,000526829,King's College library publication.
nyp.33433007890480,1955,1950,SE,uk,UNLABELED,1,006946446,Country fair.
nyp.33433007890506,1956,1950,SE,uk,UNLABELED,1,006946446,Country fair.
nyp.33433019408222,1953,1950,SE,uk,UNLABELED,1,103097451,The spotlight.
nyp.33433020017871,1952,1950,SE,uk,UNLABELED,1,010846800,"Annual report of the Palæontographical Society, ..., with list of the Council, secretaries, and members and a list of th"
nyp.33433068932296,1956,1950,SE,uk,UNLABELED,1,000548318,The consort.
nyp.33433069834731,1954,1950,SE,uk,UNLABELED,1,103136793,Architectural design.
nyp.33433093981441,1957,1950,SE,uk,UNLABELED,1,103047556,Prefabrication and new building.
nyp.33433095926493,1952,1950,SE,uk,UNLABELED,1,103047825,Theatre newsletter.
nyp.33433100206295,1957,1950,SE,uk,UNLABELED,1,103066860,"The British shipbuilding compendium; the buyers' guide to British shipbuilding, marine engineering, repairing, ship and "
nyp.33433107723409,1958,1950,SE,uk,UNLABELED,1,103064450,Chemistry and industry.
nyp.33433109839559,1955,1950,SE,uk,UNLABELED,1,101782250,Fuel abstracts.
nyp.33433109848162,1953,1950,SE,uk,UNLABELED,1,103051406,"British abstracts. Section B, Applied chemistry / Bureau of Abstracts."
nyp.33433109950679,1958,1950,SE,uk,UNLABELED,1,103051450,The Industrial heating engineer; air conditioning and ventilation.
nyp.33433109980361,1951,1950,SE,uk,UNLABELED,1,103067641,Transactions.
osu.32435021255716,1957,1950,SE,uk,UNLABELED,1,000677284,Modern languages
osu.32435051229136,1953,1950,SE,uk,UNLABELED,1,103122890,Speech.
osu.32436001265816,1950,1950,SE,uk,UNLABELED,1,000519715,Rheumatism.
pst.000053089069,1957,1950,SE,uk,UNLABELED,1,000535509,Report.
uc1.$c188382,1952,1950,SE,uk,UNLABELED,1,102883188,"British abstracts. A II, Organic chemistry."
uc1.31175028597899,1959,1950,SE,uk,UNLABELED,1,006945015,The Listener.
uc1.31822022554075,1952,1950,SE,uk,UNLABELED,1,102848224,Ballet
uc1.32106020694078,1952,1950,SE,uk,UNLABELED,1,007956430,Music survey.
uc1.b2866120,1952,1950,SE,uk,UNLABELED,1,000544661,Chemical age.
uc1.b3085722,1955,1950,SE,uk,UNLABELED,1,000525553,Scientific research in British universities and colleges.
uc1.b3344361,1957,1950,SE,uk,UNLABELED,1,006492949,Annual report / British Empire Cancer Campaign.
uc1.b3422706,1956,1950,SE,uk,UNLABELED,1,000054615,Book-auction records.
uc1.b3590830,1953,1950,SE,uk,UNLABELED,1,008339243,"International seismological summary for ... / prepared ... for the International Union of Geodesy and Geophysics, the Br"
uc1.b3610840,1955,1950,SE,uk,UNLABELED,1,010119817,Vegetable oils and oilseeds
uc1.b3793492,1951,1950,SE,uk,UNLABELED,1,000534938,Britain / issued by the Central Office of Information.
uc1.b3850160,1951,1950,SE,uk,UNLABELED,1,000544533,Reports on progress in physics
uc1.b4010166,1950,1950,SE,uk,UNLABELED,1,000534938,Britain / issued by the Central Office of Information.
uc1.b4161743,1956,1950,SE,uk,UNLABELED,1,000499806,Library Association record.
uc1.b4345063,1958,1950,SE,uk,UNLABELED,1,000522038,History today.
uc1.b4958534,1953,1950,SE,uk,UNLABELED,1,004932962,Statutory instruments.
uc1.c108728485,1957,1950,SE,uk,UNLABELED,1,010574673,Development and welfare in the West Indies : report.
uc1.c2577173,1956,1950,SE,uk,UNLABELED,1,103197391,The Bottler & packer.
uc1.c2579203,1958,1950,SE,uk,UNLABELED,1,009845969,Electronic engineering
uc1.c2633526,1950,1950,SE,uk,UNLABELED,1,103277857,Soviet monitor.
uc1.d0000506121,1959,1950,SE,uk,UNLABELED,1,000528026,Annual report / Submitted by the Executive Committee to the trustees.
uc1.d0000535500,1959,1950,SE,uk,UNLABELED,1,101730216,Leathergoods.
uc1.l0064329246,1953,1950,SE,uk,UNLABELED,1,000888892,Index veterinarius.
ufl.31262081992751,1956,1950,SE,uk,UNLABELED,1,103074449,Cmd. : [command papers].
ufl.31262081993148,1956,1950,SE,uk,UNLABELED,1,103074449,Cmd. : [command papers].
uiug.30112007803775,1955,1950,SE,uk,UNLABELED,1,000680134,Engineering
uiug.30112008695022,1950,1950,SE,uk,UNLABELED,1,100657951,Proceedings of the Institution of Mechanical Engineers.
uiug.30112008854587,1957,1950,SE,uk,UNLABELED,1,000504217,Sheet metal industries.
uiug.30112009035129,1950,1950,SE,uk,UNLABELED,1,008880514,Water and water engineering.
uiug.30112055400581,1954,1950,SE,uk,UNLABELED,1,101704556,"The Federation of Rhodesia and Nyasaland (Southern Rhodesia, Northern Rhodesia and Nyasaland)."
uiug.30112055487216,1954,1950,SE,uk,UNLABELED,1,000543381,British and foreign state papers.
uiug.30112105272311,1959,1950,SE,uk,UNLABELED,1,011456551,Annual report.
uiug.30112118738274,1953,1950,SE,uk,UNLABELED,1,003869797,The parliamentary debates (Hansard). House of Lords official report.
umn.31951002226130s,1956,1950,SE,uk,UNLABELED,1,008377409,Report on overseas trade.
umn.31951002226271a,1950,1950,SE,uk,UNLABELED,1,008558553,Annual report of Trinidad and Tobago for the year.
umn.31951t001929961,1952,1950,SE,uk,UNLABELED,1,000541166,Fishery investigations
uva.x000752530,1955,1950,SE,uk,UNLABELED,1,000505543,"Proceedings of the Royal Society of London. Series A, Containing papers of a mathematical and physical character"
uva.x001851207,1959,1950,SE,uk,UNLABELED,1,006111065,The parliamentary debates (Hansard) Official report.
uva.x030714511,1955,1950,SE,uk,UNLABELED,1,000525431,Motor.
coo.31924066644638,1953,1950,SE,us,AGRICULTURAL,1,009153279,Hoosier horticulture
osu.32435031267016,1957,1950,SE,us,AGRICULTURAL,1,000518853,"Research bulletin / Iowa State College of Agriculture and Mechanic Arts, Agricultural Experiment Station."
osu.32435054988308,1958,1950,SE,us,AGRICULTURAL,1,008466628,Bulletin / Arizona Agricultural Experiment Station.
uc1.$b228420,1951,1950,SE,us,AGRICULTURAL,1,009696033,Transactions of the Illinois State Horticultural Society and the Illinois Fruit Council for the year ...
uc1.b4155370,1958,1950,SE,us,AGRICULTURAL,1,006169560,National Farmers Union Washington newsletter.
ufl.31262094993762,1955,1950,SE,us,AGRICULTURAL,1,103074208,Florists exchange and horticultural trade world.
uiug.30112020083215,1956,1950,SE,us,AGRICULTURAL,1,101682974,Illinois horticulture.
wu.89034688341,1954,1950,SE,us,AGRICULTURAL,1,005709410,Proceedings - National Agricultural Credit Conference.
wu.89092841907,1955,1950,SE,us,AGRICULTURAL,1,006808111,The (old) farmer's almanack / by Robert B. Thomas.
mdp.39015066635718,1953,1950,SE,us,CATALOG,1,000066974,Catalogue.
mdp.39015066696868,1950,1950,SE,us,CATALOG,1,005411981,Catalogue ...
mdp.39015076420481,1950,1950,SE,us,CATALOG,1,006860280,General catalog / University of Kentucky.
mdp.39015076453037,1958,1950,SE,us,CATALOG,1,000051270,Catalogue.
nyp.33433102146218,1956,1950,SE,us,CATALOG,1,008698960,Catalogue.
nyp.33433107895710,1950,1950,SE,us,CATALOG,1,103051264,Laboratory supplies. Catalog.
uiug.30112078708085,1952,1950,SE,us,CATALOG,1,000503005,Catalogue of the University of South Carolina.
uiug.30112101912399,1952,1950,SE,us,CATALOG,1,103008717,Catalogue.
uiug.30112112301277,1959,1950,SE,us,CATALOG,1,100607865,Catalogue.
uiug.30112113337478,1958,1950,SE,us,CATALOG,1,103173987,The catalogue of Wheaton College ... announcements ...
coo.31924003259995,1950,1950,SE,us,GENERAL_PERIODICAL,1,009197184,Everybody's poultry magazine.
coo.31924058230347,1959,1950,SE,us,GENERAL_PERIODICAL,2,001718904,"Bulletin / Highway Research Board, National Research Council."
coo.31924065394987,1952,1950,SE,us,GENERAL_PERIODICAL,1,009173551,The Chrysanthemum bulletin.
cub.p204141515007,1951,1950,SE,us,GENERAL_PERIODICAL,1,009367156,The Bulletin : the official magazine of the National Association of Teachers of Singing.
cub.u183021536935,1956,1950,SE,us,GENERAL_PERIODICAL,1,009663599,The YWCA magazine / national magazine for the Young Women's Chrisian Association of the United States of America.
cub.u183021711030,1959,1950,SE,us,GENERAL_PERIODICAL,1,004320290,Delta Pi Epsilon journal
cub.u183025117597,1953,1950,SE,us,GENERAL_PERIODICAL,1,102946084,Drug and cosmetic review.
cub.u183025172806,1958,1950,SE,us,GENERAL_PERIODICAL,1,000057531,The James Joyce review
cub.u183026748155,1955,1950,SE,us,GENERAL_PERIODICAL,1,000600246,Bell Telephone magazine.
iau.31858002454761,1959,1950,SE,us,GENERAL_PERIODICAL,1,000681452,Journal of general chemistry of the USSR in English translation
iau.31858012584441,1958,1950,SE,us,GENERAL_PERIODICAL,1,000497474,The Journal of the American College of Dentists.
iau.31858033349444,1950,1950,SE,us,GENERAL_PERIODICAL,1,000641789,The oil and gas journal.
iau.31858033369756,1954,1950,SE,us,GENERAL_PERIODICAL,1,000641789,The oil and gas journal.
iau.31858045556192,1957,1950,SE,us,GENERAL_PERIODICAL,1,000495036,The Journal of Mississippi history.
inu.30000054023548,1950,1950,SE,us,GENERAL_PERIODICAL,1,000057676,Far Eastern ceramic bulletin.
inu.30000089219855,1950,1950,SE,us,GENERAL_PERIODICAL,1,004095819,Journal of the American Association of University Women.
inu.30000108162516,1958,1950,SE,us,GENERAL_PERIODICAL,1,004127463,Boston bar journal
inu.30000108541891,1955,1950,SE,us,GENERAL_PERIODICAL,2,000636721,The Ukrainian quarterly.
inu.30000108628813,1952,1950,SE,us,GENERAL_PERIODICAL,1,000549519,New York folklore quarterly.
inu.30000116470547,1954,1950,SE,us,GENERAL_PERIODICAL,1,006066160,The American Legion magazine.
inu.30000117800155,1953,1950,SE,us,GENERAL_PERIODICAL,1,006785689,Bulletin of the Historical and Philosophical Society of Ohio.
mdp.35128001465481,1953,1950,SE,us,GENERAL_PERIODICAL,1,005336789,Advanced management : quarterly journal / Society for the Advancement of Management.
mdp.35128001899499,1953,1950,SE,us,GENERAL_PERIODICAL,1,005339300,The Magazine of Wall Street and business analyst.
mdp.39015006175866,1958,1950,SE,us,GENERAL_PERIODICAL,1,000530627,Bulletin of marine science of the Gulf and Caribbean.
mdp.39015007190666,1958,1950,SE,us,GENERAL_PERIODICAL,2,000503822,The Journal of housing
mdp.39015007536462,1956,1950,SE,us,GENERAL_PERIODICAL,1,000046732,The Black Rock Forest bulletin.
mdp.39015009844518,1958,1950,SE,us,GENERAL_PERIODICAL,1,001718904,"Bulletin / Highway Research Board, National Research Council."
mdp.39015010035296,1955,1950,SE,us,GENERAL_PERIODICAL,1,000494479,Journal of bacteriology.
mdp.39015010903220,1950,1950,SE,us,GENERAL_PERIODICAL,1,000064850,Popular mechanics magazine : written so you can understand it
mdp.39015011160994,1955,1950,SE,us,GENERAL_PERIODICAL,1,000500854,SPE journal
mdp.39015022378981,1952,1950,SE,us,GENERAL_PERIODICAL,1,000599158,Junior college journal.
mdp.39015023090205,1954,1950,SE,us,GENERAL_PERIODICAL,1,002134834,Bulletin of the Engineering Extension Division of the Virginia Polytechnic Institute.
mdp.39015026793052,1955,1950,SE,us,GENERAL_PERIODICAL,1,000528887,Journal of the American Institute of Planners
mdp.39015027595183,1950,1950,SE,us,GENERAL_PERIODICAL,2,000055621,California Historical Society quarterly.
mdp.39015029613588,1950,1950,SE,us,GENERAL_PERIODICAL,3,000676458,The Bell System technical journal
mdp.39015031929931,1959,1950,SE,us,GENERAL_PERIODICAL,1,000497028,The Journal of Negro history
mdp.39015033284053,1953,1950,SE,us,GENERAL_PERIODICAL,1,000525841,Business history review.
mdp.39015033554687,1953,1950,SE,us,GENERAL_PERIODICAL,1,000674605,The publishers weekly.
mdp.39015035111791,1952,1950,SE,us,GENERAL_PERIODICAL,1,000642826,The Journal of the Rutgers University Library.
mdp.39015036650300,1956,1950,SE,us,GENERAL_PERIODICAL,1,000059651,Annual review of United Nations affairs.
mdp.39015039262095,1958,1950,SE,us,GENERAL_PERIODICAL,1,000675774,Michigan State University Alumni Association magazine.
mdp.39015048884970,1951,1950,SE,us,GENERAL_PERIODICAL,1,000058879,"Press, radio, television, periodicals, public relations, and advertising, as seen through institutes and special occasio"
mdp.39015060437707,1955,1950,SE,us,GENERAL_PERIODICAL,1,000677285,The Psychoanalytic review.
mdp.39015060449769,1950,1950,SE,us,GENERAL_PERIODICAL,1,000677620,The Annals of the American Academy of Political and Social Science.
mdp.39015065764188,1955,1950,SE,us,GENERAL_PERIODICAL,1,002133233,Bulletin.
mdp.39015065983267,1951,1950,SE,us,GENERAL_PERIODICAL,1,005398978,Bulletin.
mdp.39015071283009,1955,1950,SE,us,GENERAL_PERIODICAL,1,000527883,Bulletin.
mdp.39015075911878,1950,1950,SE,us,GENERAL_PERIODICAL,1,000547982,"Publications. Series II, Bulletin."
mdp.39015076444663,1952,1950,SE,us,GENERAL_PERIODICAL,1,000532959,Grand Lodge bulletin.
mdp.39015076456741,1956,1950,SE,us,GENERAL_PERIODICAL,1,000049956,The Alpha phi quarterly ...
mdp.39015080289088,1952,1950,SE,us,GENERAL_PERIODICAL,1,000638647,Scabbard and blade journal.
mdp.39015083136229,1952,1950,SE,us,GENERAL_PERIODICAL,1,000495962,Annals of the Carnegie Museum.
mdp.39076000006705,1955,1950,SE,us,GENERAL_PERIODICAL,1,000677620,The Annals of the American Academy of Political and Social Science.
mdp.49015003079564,1959,1950,SE,us,GENERAL_PERIODICAL,1,000674512,Africa special report : bulletin of the Institute of African American Relations.
nc01.ark:/13960/t3126p658,1954,1950,SE,us,GENERAL_PERIODICAL,1,002134414,The Carolina journal of pharmacy.
nyp.33433005979236,1954,1950,SE,us,GENERAL_PERIODICAL,1,000499743,Harvard alumni bulletin / Harvard Alumni Association.
nyp.33433019413487,1957,1950,SE,us,GENERAL_PERIODICAL,1,100695634,Motion picture daily; formerly Exhibitors daily review and motion pictures today.
nyp.33433065965075,1955,1950,SE,us,GENERAL_PERIODICAL,1,000499561,Bulletin - Metropolitan Museum of Art.
nyp.33433074746722,1959,1950,SE,us,GENERAL_PERIODICAL,1,103061773,Music journal ... annual.
nyp.33433085576449,1959,1950,SE,us,GENERAL_PERIODICAL,1,000499479,Bulletin - National Music Council.
nyp.33433110103821,1955,1950,SE,us,GENERAL_PERIODICAL,1,010842818,News-bulletin.
osu.32435019692151,1959,1950,SE,us,GENERAL_PERIODICAL,1,102649150,Curriculum bulletin - Board of Education.
osu.32435029234457,1955,1950,SE,us,GENERAL_PERIODICAL,1,000494148,Bulletin.
osu.32435053441069,1952,1950,SE,us,GENERAL_PERIODICAL,1,000076782,Statistical bulletin - Metropolitan Life.
osu.32435064071863,1950,1950,SE,us,GENERAL_PERIODICAL,1,006923696,Ohio State University bulletin.
osu.32435066727793,1954,1950,SE,us,GENERAL_PERIODICAL,1,000641916,Supplement to the American journal of international law : official documents.
osu.32436000942670,1954,1950,SE,us,GENERAL_PERIODICAL,1,000046651,The military surgeon : journal of the Association of Military Surgeons of the United States.
osu.32436001437266,1959,1950,SE,us,GENERAL_PERIODICAL,1,000055363,New York State journal of medicine.
osu.32437010774541,1957,1950,SE,us,GENERAL_PERIODICAL,1,000637392,Federal reserve bulletin / issued by the Federal Reserve Board at Washington
pst.000060090171,1957,1950,SE,us,GENERAL_PERIODICAL,1,007600706,Natural gardening magazine.
rul.39030034044000,1955,1950,SE,us,GENERAL_PERIODICAL,1,000637498,The Journal of the Walters Art Gallery.
rul.39030034152613,1959,1950,SE,us,GENERAL_PERIODICAL,1,006059300,Journal of retailing.
rul.39030034185902,1959,1950,SE,us,GENERAL_PERIODICAL,1,004528823,The bulletin of the National Association of Secondary School Principals.
rul.39030034186116,1959,1950,SE,us,GENERAL_PERIODICAL,1,004528823,The bulletin of the National Association of Secondary School Principals.
uc1.$b1587,1951,1950,SE,us,GENERAL_PERIODICAL,1,008010619,The Review of the Society of Residential Appraisers.
uc1.$b1588,1953,1950,SE,us,GENERAL_PERIODICAL,1,008010619,The Review of the Society of Residential Appraisers.
uc1.$b588763,1951,1950,SE,us,GENERAL_PERIODICAL,1,009992357,World affairs quarterly
uc1.$b672729,1954,1950,SE,us,GENERAL_PERIODICAL,1,006099906,California-Western Academy monthly
uc1.$b807930,1958,1950,SE,us,GENERAL_PERIODICAL,1,009948020,Bulletin
uc1.$c120201,1958,1950,SE,us,GENERAL_PERIODICAL,1,000495953,Aeronautical engineering review.
uc1.$c168990,1950,1950,SE,us,GENERAL_PERIODICAL,1,008607355,Brewers journal.
uc1.$c203411,1954,1950,SE,us,GENERAL_PERIODICAL,1,103108392,Southern dairy products journal.
uc1.31158001312783,1959,1950,SE,us,GENERAL_PERIODICAL,1,000520638,Slavic and East European journal.
uc1.31158003046074,1958,1950,SE,us,GENERAL_PERIODICAL,1,000507186,University Museum bulletin
uc1.31175009900146,1954,1950,SE,us,GENERAL_PERIODICAL,1,000532978,The Kenyon review.
uc1.31175022568912,1950,1950,SE,us,GENERAL_PERIODICAL,1,103132395,California cooperative snow surveys : monthly bulletin of snow survey and precipitation data.
uc1.31175029474544,1956,1950,SE,us,GENERAL_PERIODICAL,1,006062045,American magazine
uc1.31210000056257,1959,1950,SE,us,GENERAL_PERIODICAL,1,011482232,Economic geology and the bulletin of the Society of Economic Geologists.
uc1.31210000058675,1952,1950,SE,us,GENERAL_PERIODICAL,1,001078841,The American journal of science.
uc1.31210002180923,1959,1950,SE,us,GENERAL_PERIODICAL,1,000498011,The Journal of southern history.
uc1.31210007157678,1959,1950,SE,us,GENERAL_PERIODICAL,1,000494617,The Journal of psychology
uc1.31210015277476,1953,1950,SE,us,GENERAL_PERIODICAL,1,000600224,The Antioch review
uc1.31210017237064,1950,1950,SE,us,GENERAL_PERIODICAL,1,000518745,The Virginia magazine of history and biography.
uc1.31822009513813,1956,1950,SE,us,GENERAL_PERIODICAL,1,000680079,Journal of the Elisha Mitchell Scientific Society.
uc1.32106020249824,1950,1950,SE,us,GENERAL_PERIODICAL,1,000635394,The Beloit poetry journal
uc1.32106021029662,1950,1950,SE,us,GENERAL_PERIODICAL,1,004529106,The horn book magazine.
uc1.a0005069810,1951,1950,SE,us,GENERAL_PERIODICAL,1,000680177,Fish bulletin.
uc1.a0006207625,1959,1950,SE,us,GENERAL_PERIODICAL,1,000679203,Bulletin / North Dakota Geological Survey.
uc1.a0011072923,1952,1950,SE,us,GENERAL_PERIODICAL,1,007196230,Bulletin.
uc1.b3021185,1958,1950,SE,us,GENERAL_PERIODICAL,1,000503458,Association of American Colleges bulletin.
uc1.b3044997,1958,1950,SE,us,GENERAL_PERIODICAL,1,000494744,RCA review; a technical journal ..
uc1.b3531200,1957,1950,SE,us,GENERAL_PERIODICAL,1,000497794,Mathematics magazine
uc1.b3596963,1950,1950,SE,us,GENERAL_PERIODICAL,1,000680604,Quarterly journal of studies on alcohol.
uc1.b3627468,1958,1950,SE,us,GENERAL_PERIODICAL,1,000639312,Mathematical tables and other aids to computation : a quarterly journal / edited on behalf of the Committee on Mathemati
uc1.b3714034,1951,1950,SE,us,GENERAL_PERIODICAL,1,000494690,Journal of dental education
uc1.b3742368,1950,1950,SE,us,GENERAL_PERIODICAL,2,000496594,"The library quarterly : information, community, policy."
uc1.b3977454,1957,1950,SE,us,GENERAL_PERIODICAL,1,000496758,The Journal of social issues.
uc1.b4138374,1958,1950,SE,us,GENERAL_PERIODICAL,1,003706626,California journal of educational research.
uc1.b4150424,1959,1950,SE,us,GENERAL_PERIODICAL,1,010062974,Journal.
uc1.b4332475,1957,1950,SE,us,GENERAL_PERIODICAL,1,000521855,The Journal of the American Dental Hygienists' Association.
uc1.b5128884,1956,1950,SE,us,GENERAL_PERIODICAL,1,009829404,The United States patents quarterly.
uc1.c2605861,1958,1950,SE,us,GENERAL_PERIODICAL,1,100405768,The weekly underwriter.
uc1.l0052822046,1952,1950,SE,us,GENERAL_PERIODICAL,1,007910686,California journal of elementary education.
uc1.l0053426342,1952,1950,SE,us,GENERAL_PERIODICAL,1,102645537,Research bulletin.
ucbk.ark:/28722/h23x8462q,1950,1950,SE,us,GENERAL_PERIODICAL,1,000498134,Annals of allergy.
ufl.31262095097746,1955,1950,SE,us,GENERAL_PERIODICAL,1,009193139,The Camellia review.
ufl.31262100781482,1951,1950,SE,us,GENERAL_PERIODICAL,1,103079187,The Alabama review.
ufl.35051105946794,1959,1950,SE,us,GENERAL_PERIODICAL,1,010584899,Boston University graduate journal.
ufl.35051106727276,1958,1950,SE,us,GENERAL_PERIODICAL,1,000499540,Nuclear science and engineering : the journal of the American Nuclear Society
uga1.32108053881804,1959,1950,SE,us,GENERAL_PERIODICAL,1,000636873,Slavic review.
uga1.32108057659164,1955,1950,SE,us,GENERAL_PERIODICAL,1,009054948,Journal of college placement.
uiug.30112008342955,1953,1950,SE,us,GENERAL_PERIODICAL,1,011454504,Naval engineers journal.
uiug.30112019852240,1958,1950,SE,us,GENERAL_PERIODICAL,1,006132911,Bulletin.
uiug.30112021479040,1950,1950,SE,us,GENERAL_PERIODICAL,1,008571822,Women lawyers' journal.
uiug.30112042698610,1955,1950,SE,us,GENERAL_PERIODICAL,1,000674499,Journal of the American Chemical Society
uiug.30112056521567,1955,1950,SE,us,GENERAL_PERIODICAL,1,101697582,Business Management Service bulletin.
uiug.30112076481198,1953,1950,SE,us,GENERAL_PERIODICAL,1,100816483,"Bulletin / Institute of Forest Products, Department of Conservation and Development."
uiug.30112106802538,1958,1950,SE,us,GENERAL_PERIODICAL,1,006772665,Journal of proceedings ... annual session of the Colorado State Grange.
uiug.30112111852007,1954,1950,SE,us,GENERAL_PERIODICAL,1,009879887,Extension bulletin.
uiug.30112114897868,1959,1950,SE,us,GENERAL_PERIODICAL,1,000553494,Educational bulletin.
uiug.30112118848800,1957,1950,SE,us,GENERAL_PERIODICAL,1,009681396,"Monthly statistical series / State of Indiana, Department of Public Welfare."
umn.31951000881490x,1951,1950,SE,us,GENERAL_PERIODICAL,1,000517678,Bulletin - Utah Geological and Mineralogical Survey.
umn.31951t001962133,1950,1950,SE,us,GENERAL_PERIODICAL,1,000552434,Journal of entomology and zoology.
uva.x001676626,1956,1950,SE,us,GENERAL_PERIODICAL,1,009794221,SAE journal.
uva.x004344850,1951,1950,SE,us,GENERAL_PERIODICAL,1,000636913,The Penrose annual; review of the graphic arts.
uva.x030221079,1958,1950,SE,us,GENERAL_PERIODICAL,1,000676552,The Museum journal.
uva.x030510169,1952,1950,SE,us,GENERAL_PERIODICAL,1,009780534,Journal of the annual council.
uva.x030756912,1959,1950,SE,us,GENERAL_PERIODICAL,1,000059879,Bulletin. Technical series / University of Missouri School of Mines and Metallurgy.
nyp.33433110053836,1958,1950,SE,us,JUVENILE,1,103064943,Infants' & children's review.
coo.31924066085709,1958,1950,SE,us,LEGAL,1,103117938,Reports of cases decided in the Court of Appeals of the State of New York.
osu.32435023061484,1959,1950,SE,us,LEGAL,1,006551573,The Insurance law journal.
osu.32437011926801,1954,1950,SE,us,LEGAL,1,008560477,Cases argued and decided in the Supreme Court of Mississippi.
osu.32437011949126,1953,1950,SE,us,LEGAL,1,008607977,Reports of cases decided in the Court of Appeals of the State of New York.
uc1.b4436197,1952,1950,SE,us,LEGAL,1,008568647,The Beaver County legal journal.
uc1.b5008007,1952,1950,SE,us,LEGAL,1,008440940,Michigan reports : reports of cases determined in the Supreme Court of Michigan.
uc1.b5008014,1955,1950,SE,us,LEGAL,1,008440940,Michigan reports : reports of cases determined in the Supreme Court of Michigan.
uc1.b5038794,1957,1950,SE,us,LEGAL,1,008440943,Reports of selected cases decided in courts of the State of New York other than the Court of Appeals and the Appellate D
umn.31951d026297440,1956,1950,SE,us,LEGAL,1,100671669,Report of the Attorney General of the state of Maine.
umn.31951t00142143c,1956,1950,SE,us,LEGAL,1,010588912,Reports of cases determined in the District Courts of Appeal of the state of California 2nd.
coo.31924054185636,1957,1950,SE,us,MEDICAL,1,010697129,"Monthly review / New York State Department of Labor, Division of Industrial Hygiene."
mdp.39015069913591,1957,1950,SE,us,MEDICAL,1,000553190,International abstracts of surgery.
mdp.39015071817758,1952,1950,SE,us,MEDICAL,1,102832639,The Grace Hospital ... annual report for the calendar year ending December 31st ...
uc1.$b18194,1957,1950,SE,us,MEDICAL,2,000638842,The Year book of pathology and clinical pathology.
uc1.31158012227855,1955,1950,SE,us,MEDICAL,1,007957897,Journal of the American Medical Association.
uc1.b3095440,1954,1950,SE,us,MEDICAL,1,000547642,Journal of social hygiene.
uc1.b3520805,1959,1950,SE,us,MEDICAL,1,000640889,The American journal of tropical medicine and hygiene
uc1.b4248300,1955,1950,SE,us,MEDICAL,1,006198794,Bulletin / National Medical and Dental Association of America
ufl.31262092507317,1956,1950,SE,us,MEDICAL,1,007549240,IRE transactions on medical electronics.
uiug.30112100630083,1951,1950,SE,us,MEDICAL,1,103174476,Announcement / State University of New York Medical Center at New York City College of Medicine
uiug.30112105870684,1950,1950,SE,us,MEDICAL,1,103009843,Bulletin of information / The Methodist Hospital of Central Illinois School of Nursing.
uva.x004229727,1953,1950,SE,us,MEDICAL,1,102080607,Transactions. Annual meeting - Conference on Sanitary Engineering.
iau.31858037348442,1954,1950,SE,us,MILITARY,1,102879917,The Army-Navy-Air Force register.
iau.31858046347187,1953,1950,SE,us,REFERENCE,1,000552147,Yearbook.
ien.35556002979649,1957,1950,SE,us,REFERENCE,1,010620403,Moody's handbook of widely held common stocks.
mdp.39015021098010,1958,1950,SE,us,REFERENCE,1,000074795,"Directory of airports, state of Oregon."
mdp.39015021227734,1955,1950,SE,us,REFERENCE,1,000524669,"Directory of toll bridges, ferries, domestic steamship lines and toll roads."
mdp.39015030828324,1956,1950,SE,us,REFERENCE,1,000503164,Recreation and park yearbook.
mdp.39015070545465,1956,1950,SE,us,REFERENCE,1,000500334,Yearbook - Association for Student Teaching.
nc01.ark:/13960/t8hd92b2g,1952,1950,SE,us,REFERENCE,1,012188978,"Miller's New Bern, N.C., city directory"
nyp.33433116656129,1958,1950,SE,us,REFERENCE,1,103067934,Hosiery mill supply directory.
osu.32435070473491,1955,1950,SE,us,REFERENCE,1,100712930,University directory.
pst.000057528113,1953,1950,SE,us,REFERENCE,1,007517109,Special libraries directory of Greater New York.
uc1.$b722414,1958,1950,SE,us,REFERENCE,1,000522809,The Year book of medicine.
uc1.b2981662,1957,1950,SE,us,REFERENCE,1,010302169,Yearbook
uc1.b3062528,1958,1950,SE,us,REFERENCE,1,010305447,Year Book of the State of Colorado
uc1.b3101209,1956,1950,SE,us,REFERENCE,1,010302824,Directory
uc1.b3101211,1953,1950,SE,us,REFERENCE,1,010302824,Directory
uc1.b3147939,1951,1950,SE,us,REFERENCE,1,000544270,World aviation directory.
uc1.b3275029,1957,1950,SE,us,REFERENCE,1,010050086,"Political handbook and atlas of the world; parliaments, parties and press..."
uc1.b3877883,1952,1950,SE,us,REFERENCE,1,000551151,Maine register or state year-book and legislative manual from April 1 ... to April 1 ...
uc1.b4138173,1956,1950,SE,us,REFERENCE,1,010061727,"Directory of social and health agencies, San Francisco"
uc1.b4238066,1953,1950,SE,us,REFERENCE,1,006196035,Directory of the American Psychological Association.
ufl.31262075971688,1959,1950,SE,us,REFERENCE,1,102649130,COWA surveys and bibliographies.
uiug.30112079521743,1952,1950,SE,us,REFERENCE,1,101793283,Educational directory.
umn.31951d01846945n,1958,1950,SE,us,REFERENCE,1,002931686,Yearbook of the International Law Commission.
uva.x002181806,1956,1950,SE,us,REFERENCE,1,101941378,"Roanoke, Salem and Vinton (Roanoke County, Va.) city directory."
uva.x030732223,1959,1950,SE,us,REFERENCE,1,102091810,Hill's Newport News (Virginia) city directory.
uva.x030732315,1955,1950,SE,us,REFERENCE,1,009793435,"Walsh's Winston-Salem, North Carolina, city directory"
wu.89092916154,1957,1950,SE,us,REFERENCE,1,008553456,"Year book/ Wisconsin State Society, Daughters of the American Colonists."
iau.31858045966532,1954,1950,SE,us,RELIGIOUS,1,000642897,International journal of religious education.
mdp.39015036742800,1956,1950,SE,us,RELIGIOUS,1,000499239,Summary of proceedings. Annual conference - American Theological Library Association.
mdp.39015036902578,1953,1950,SE,us,RELIGIOUS,1,000520869,The Catholic library world.
nyp.33433022122448,1959,1950,SE,us,RELIGIOUS,1,103089933,Manual of holiday and Sabbath sermons.
uc1.$b538021,1951,1950,SE,us,RELIGIOUS,1,000501992,The American Catholic who's who.
uva.x004914731,1958,1950,SE,us,RELIGIOUS,1,007149758,Riverside poetry : poems by students in colleges and universities in New York City / in a poetry writing contest sponsor
wu.89062387113,1952,1950,SE,us,RELIGIOUS,1,006923064,The Living church.
wu.89076976323,1951,1950,SE,us,RELIGIOUS,1,005973017,"Annual report, district conventions / Evangelical Lutheran Church."
wu.89077102267,1953,1950,SE,us,RELIGIOUS,1,005947728,The Year book of the Congregational Christian Churches of the United States of America : ... statistics for ...
coo.31924066774179,1956,1950,SE,us,TRADE,1,010007665,"Record of negotiations between the International Brotherhood of Pulp, Sulphite & Papermill Workers, the International Br"
coo.31924069729519,1954,1950,SE,us,TRADE,1,000527268,American lumberman & building products merchandiser.
mdp.39015082994693,1958,1950,SE,us,TRADE,1,000545153,Southern pulp and paper manufacturer.
ufl.31262100763852,1957,1950,SE,us,TRADE,1,007915472,The Investment dealers' digest
coo.31924053188227,1959,1950,SE,us,UNLABELED,1,009880724,Georgia veterinarian.
coo.31924054331081,1956,1950,SE,us,UNLABELED,1,010696968,Synopsis convention proceedings.
coo.31924054581198,1959,1950,SE,us,UNLABELED,1,010690753,Personnel management abstracts.
coo.31924055264067,1952,1950,SE,us,UNLABELED,1,009177784,Report of the State Superintendent of Housing to the Governor and the Legislature of the State of New York.
coo.31924055537041,1952,1950,SE,us,UNLABELED,1,009055150,"Climatological data, West Indies and Caribbean."
coo.31924055909463,1955,1950,SE,us,UNLABELED,1,009882134,"Wage scales, hours and working conditions."
coo.31924056089760,1959,1950,SE,us,UNLABELED,1,000503160,Transactions of the Astronomical Observatory of Yale University.
coo.31924056127891,1959,1950,SE,us,UNLABELED,1,009632021,Proceedings.
coo.31924056374899,1952,1950,SE,us,UNLABELED,1,009210481,Poultry press.
coo.31924056809605,1953,1950,SE,us,UNLABELED,1,000545329,Construction methods & equipment.
coo.31924065901278,1950,1950,SE,us,UNLABELED,1,010360700,338 news.
coo.31924066355003,1953,1950,SE,us,UNLABELED,1,009472893,Petroleum refiner.
coo.31924070826510,1956,1950,SE,us,UNLABELED,1,009194706,Popular gardening and living outdoors.
coo.31924070844349,1952,1950,SE,us,UNLABELED,1,009178770,"United States census of housing, 1950. Special tabulations for local housing authorities. Series HC-6"
coo.31924070935469,1954,1950,SE,us,UNLABELED,1,009115210,Pre-pack-age.
coo.31924071780385,1950,1950,SE,us,UNLABELED,1,009079217,Unloads of fresh fruits and vegetables: Los Angeles.
coo.31924071824837,1956,1950,SE,us,UNLABELED,1,009177996,Retail food prices by cities. Annual averages.
coo.31924095979179,1955,1950,SE,us,UNLABELED,1,103208992,Report.
coo.31924098528148,1950,1950,SE,us,UNLABELED,1,009153364,Flour & feed.
cub.p101011203006,1953,1950,SE,us,UNLABELED,1,102879467,Blue guitar.
cub.p107361010027,1953,1950,SE,us,UNLABELED,1,000495244,Paradise of the Pacific.
cub.u183015454832,1954,1950,SE,us,UNLABELED,1,102879348,Tide.
cub.u183018168252,1951,1950,SE,us,UNLABELED,1,009133578,Publication. Botanical series / Field Museum of Natural History.
cub.u183018449543,1952,1950,SE,us,UNLABELED,1,103145667,Our life. : Nashe ︠z︡hytt︠i︡a.
cub.u183018917847,1957,1950,SE,us,UNLABELED,1,103146178,Political memo from COPE.
cub.u183019402968,1956,1950,SE,us,UNLABELED,1,103148369,Today's child.
cub.u183021649380,1953,1950,SE,us,UNLABELED,1,000530575,Dance observer.
cub.u183021652202,1952,1950,SE,us,UNLABELED,1,102666980,The Gavel of Delta Sigma Rho.
cub.u183024244668,1954,1950,SE,us,UNLABELED,1,000642353,The School executive.
cub.u183024244676,1953,1950,SE,us,UNLABELED,1,000642353,The School executive.
cub.u183025336387,1957,1950,SE,us,UNLABELED,1,103155000,Marketing for executives series.
cub.u183036311706,1958,1950,SE,us,UNLABELED,1,103153003,Railway signaling & communications.
dul1.ark:/13960/t2m68gm8r,1951,1950,SE,us,UNLABELED,1,100072298,The Archive
hvd.32044090078452,1959,1950,SE,us,UNLABELED,1,008376679,Southern Historical Society papers.
hvd.32044090078510,1959,1950,SE,us,UNLABELED,1,008376679,Southern Historical Society papers.
hvd.32044115912057,1952,1950,SE,us,UNLABELED,1,102709977,Annual report of the State Securities Commission of the State of Utah to the Governor of the State of Utah.
iau.31858011356205,1958,1950,SE,us,UNLABELED,1,000522091,Proceedings of the Indiana Academy of Science
iau.31858019436157,1958,1950,SE,us,UNLABELED,1,102945703,"[Research report] / Department of Physics, State University of Iowa."
iau.31858021567130,1957,1950,SE,us,UNLABELED,1,000500201,California medicine.
iau.31858029298928,1959,1950,SE,us,UNLABELED,1,100696746,The parliamentary debates. Official report.
iau.31858030106987,1954,1950,SE,us,UNLABELED,1,008867695,"Broadcasting, telecasting."
iau.31858045021569,1953,1950,SE,us,UNLABELED,1,000681033,Round table; [transcripts].
iau.31858045294836,1950,1950,SE,us,UNLABELED,1,000501933,Transactions.
iau.31858053454389,1955,1950,SE,us,UNLABELED,1,100897492,Conservation notes : official news release.
ien.35556005217849,1954,1950,SE,us,UNLABELED,1,010622202,Report.
ien.35556029266996,1959,1950,SE,us,UNLABELED,1,000051339,Audited annual financial report.
ien.35556041033663,1955,1950,SE,us,UNLABELED,1,010643386,Jewish cultural affairs.
inu.30000004224840,1956,1950,SE,us,UNLABELED,1,008868716,Proceedings of the annual meeting of the American Life Convention.
inu.30000089549046,1955,1950,SE,us,UNLABELED,1,009047260,Sponsor.
inu.30000089706117,1956,1950,SE,us,UNLABELED,1,008869216,Department store economist.
inu.30000091510457,1958,1950,SE,us,UNLABELED,1,000676571,Proceedings of the Animal Care Panel.
inu.30000093668527,1954,1950,SE,us,UNLABELED,2,010585264,Public administration organizations.
inu.30000115810719,1953,1950,SE,us,UNLABELED,1,002735731,Mountain life and work.
inu.30000123296794,1951,1950,SE,us,UNLABELED,1,000506980,World affairs.
inu.30000123830469,1957,1950,SE,us,UNLABELED,1,009400729,The Michigan bowmen.
mdp.35128000538338,1959,1950,SE,us,UNLABELED,1,007401041,Treasury-Federal Reserve study of the Government securities market.
mdp.35128000539500,1957,1950,SE,us,UNLABELED,1,005330513,Analysis of public utility financing.
mdp.35128001886348,1952,1950,SE,us,UNLABELED,1,000531744,Printers' ink.
mdp.39015000413719,1958,1950,SE,us,UNLABELED,1,000639116,Federation proceedings
mdp.39015001333759,1959,1950,SE,us,UNLABELED,4,000865023,Papers presented.
mdp.39015001558116,1956,1950,SE,us,UNLABELED,1,000499166,Contributions in oceanography.
mdp.39015002592684,1954,1950,SE,us,UNLABELED,2,000862567,Psychoanalytic psychiatry and psychology.
mdp.39015003436840,1957,1950,SE,us,UNLABELED,1,000060485,"Activation analysis, nuclear chemical research [and] radiochemical separations."
mdp.39015003446070,1959,1950,SE,us,UNLABELED,1,000534333,Nuclear science series.
mdp.39015006095577,1954,1950,SE,us,UNLABELED,1,000521254,Memorandum.
mdp.39015006387123,1959,1950,SE,us,UNLABELED,1,000047342,Paper / American Society of Mechanical Engineers.
mdp.39015007190468,1953,1950,SE,us,UNLABELED,1,000061489,"Housing, building, and planning."
mdp.39015007551495,1959,1950,SE,us,UNLABELED,1,000679043,American artist.
mdp.39015008630769,1954,1950,SE,us,UNLABELED,1,000049963,Special publication ...
mdp.39015013769685,1951,1950,SE,us,UNLABELED,1,000865648,Proceedings of the national annual meeting.
mdp.39015016282934,1952,1950,SE,us,UNLABELED,1,000053633,Report.
mdp.39015016704366,1952,1950,SE,us,UNLABELED,1,000500023,Business week
mdp.39015016799408,1955,1950,SE,us,UNLABELED,1,000546445,The Kiplinger Washington letter
mdp.39015018010184,1950,1950,SE,us,UNLABELED,2,000864385,Report of the Special Committee on Social Welfare of the Joint Legislative Committee on Interstate Cooperation.
mdp.39015018388648,1954,1950,SE,us,UNLABELED,1,003907423,Gas.
mdp.39015018419484,1956,1950,SE,us,UNLABELED,1,000532326,The Military engineer.
mdp.39015018423767,1956,1950,SE,us,UNLABELED,2,000500246,Transactions / ... World Power Conference = Compte rendu / ... Conférence mondiale de l'énergie = Gesamtbericht / ... 
mdp.39015019898843,1959,1950,SE,us,UNLABELED,1,000635442,Lubrication engineering.
mdp.39015020928506,1954,1950,SE,us,UNLABELED,1,000864389,Report.
mdp.39015021069615,1958,1950,SE,us,UNLABELED,1,000493858,Water works engineering.
mdp.39015021325728,1954,1950,SE,us,UNLABELED,1,000047784,Michigan roads and construction.
mdp.39015021732089,1959,1950,SE,us,UNLABELED,1,000497771,Metal progress
mdp.39015021744977,1959,1950,SE,us,UNLABELED,1,000525306,Applied hydraulics & pneumatics.
mdp.39015021747236,1958,1950,SE,us,UNLABELED,1,000502168,Domestic origin-destination survey of airline passenger traffic.
mdp.39015022470853,1955,1950,SE,us,UNLABELED,1,000598033,Electric light and power.
mdp.39015023161832,1959,1950,SE,us,UNLABELED,1,000675683,Accident facts.
mdp.39015023913687,1954,1950,SE,us,UNLABELED,1,000058019,Electrical engineering.
mdp.39015024288097,1951,1950,SE,us,UNLABELED,1,002483032,The Fifth wheel.
mdp.39015029617308,1959,1950,SE,us,UNLABELED,2,000545829,Insulation.
mdp.39015030051539,1954,1950,SE,us,UNLABELED,1,000049781,Coronet.
mdp.39015030158003,1958,1950,SE,us,UNLABELED,1,000524633,Summary of annual reports of governments relating to opium and other narcotic drugs / Commission on Narcotic Drugs.
mdp.39015030545951,1955,1950,SE,us,UNLABELED,1,000529100,Leadership pamphlet.
mdp.39015031211058,1957,1950,SE,us,UNLABELED,2,000528541,U.S. camera.
mdp.39015032011689,1950,1950,SE,us,UNLABELED,1,000544109,Hearst's international combined with Cosmopolitan.
mdp.39015035856874,1957,1950,SE,us,UNLABELED,1,000506633,Proceedings of the Spring Conference.
mdp.39015036631169,1954,1950,SE,us,UNLABELED,1,000047534,Permanent missions to the United Nations.
mdp.39015036638735,1959,1950,SE,us,UNLABELED,1,000518659,Broadcasting.
mdp.39015038816024,1950,1950,SE,us,UNLABELED,2,000529222,Proceedings of New York University ... Annual Conference on Labor
mdp.39015038820471,1959,1950,SE,us,UNLABELED,1,000506017,Science digest.
mdp.39015038827567,1955,1950,SE,us,UNLABELED,1,000677035,Smithsonian miscellaneous collections.
mdp.39015039392629,1956,1950,SE,us,UNLABELED,1,000060455,Disaster study.
mdp.39015047617025,1959,1950,SE,us,UNLABELED,1,000529893,Report.
mdp.39015047767267,1955,1950,SE,us,UNLABELED,1,000636018,Treaty series / United Nations = Recueil des traités / Nations Unies.
mdp.39015048700317,1958,1950,SE,us,UNLABELED,1,000524717,Hungary under Soviet rule.
mdp.39015049851689,1950,1950,SE,us,UNLABELED,1,000051010,Foreign policy reports.
mdp.39015055427275,1957,1950,SE,us,UNLABELED,1,000068406,Analog science fact/science fiction.
mdp.39015058544571,1955,1950,SE,us,UNLABELED,1,000046596,Transactions.
mdp.39015062286151,1959,1950,SE,us,UNLABELED,1,000534295,Numismatic scrapbook.
mdp.39015063876414,1954,1950,SE,us,UNLABELED,1,000053643,Annual of the University club.
mdp.39015063952199,1954,1950,SE,us,UNLABELED,1,000532808,University of Iowa studies. Series on aims and progress of research.
mdp.39015065295746,1957,1950,SE,us,UNLABELED,1,000551712,Budget for maintenance and improvement purposes of the city of Detroit.
mdp.39015065862685,1957,1950,SE,us,UNLABELED,1,000678054,Annual report - Roscoe B. Jackson Memorial Laboratory.
mdp.39015066542799,1956,1950,SE,us,UNLABELED,1,000542044,Report.
mdp.39015066542922,1951,1950,SE,us,UNLABELED,1,000542044,Report.
mdp.39015067524820,1950,1950,SE,us,UNLABELED,1,000641814,Epoch.
mdp.39015067924798,1956,1950,SE,us,UNLABELED,1,000061679,Annual report.
mdp.39015068315079,1955,1950,SE,us,UNLABELED,1,000066055,The Professional engineers news.
mdp.39015068525412,1958,1950,SE,us,UNLABELED,1,000051130,Announcements : graduate programs in the Divisions / University of Chicago.
mdp.39015068528234,1951,1950,SE,us,UNLABELED,1,000529143,The President's report.
mdp.39015068559767,1954,1950,SE,us,UNLABELED,1,000055004,Annual report.
mdp.39015068987067,1952,1950,SE,us,UNLABELED,1,000497921,The Historian.
mdp.39015069399650,1957,1950,SE,us,UNLABELED,1,000548258,Proceedings ...
mdp.39015069439639,1955,1950,SE,us,UNLABELED,1,000055323,Annual report.
mdp.39015069590779,1958,1950,SE,us,UNLABELED,1,000496137,Acta geologica Academiae Scientiarium Hungaricae
mdp.39015071223039,1957,1950,SE,us,UNLABELED,1,002742858,Vacation days in Michigan's Grand Traverse Bay region.
mdp.39015071253069,1959,1950,SE,us,UNLABELED,1,000642195,Inland seas.
mdp.39015071285558,1959,1950,SE,us,UNLABELED,1,003250677,Annual report.
mdp.39015073292354,1954,1950,SE,us,UNLABELED,1,000528662,Proceedings.
mdp.39015073811336,1956,1950,SE,us,UNLABELED,1,003150984,The Cross and the Flag.
mdp.39015074628275,1950,1950,SE,us,UNLABELED,1,000505453,Rosicrucian digest.
mdp.39015074691836,1951,1950,SE,us,UNLABELED,1,000534108,Report.
mdp.39015074720676,1952,1950,SE,us,UNLABELED,1,000495514,Proceedings - Staten Island Institute of Arts and Sciences.
mdp.39015074820666,1954,1950,SE,us,UNLABELED,1,005654718,Announcement of ... college year ...
mdp.39015075051550,1958,1950,SE,us,UNLABELED,1,000518090,Teachers College record.
mdp.39015075963655,1951,1950,SE,us,UNLABELED,1,000531900,The Key.
mdp.39015076274136,1951,1950,SE,us,UNLABELED,1,000639776,Pan pipes of Sigma Alpha Iota.
mdp.39015076289043,1957,1950,SE,us,UNLABELED,1,000075593,The Beta Theta Pi.
mdp.39015076295727,1951,1950,SE,us,UNLABELED,1,000635725,The Arrow of Pi Beta Phi.
mdp.39015076648610,1950,1950,SE,us,UNLABELED,1,000046141,Report of the president of Harvard College and reports of departments.
mdp.39015076726978,1951,1950,SE,us,UNLABELED,1,000530190,Educational outlook.
mdp.39015076728602,1951,1950,SE,us,UNLABELED,1,000057620,The Educational leader.
mdp.39015077095605,1958,1950,SE,us,UNLABELED,1,000520251,Proceedings - American Gas Association.
mdp.39015077325325,1959,1950,SE,us,UNLABELED,1,007841241,Radiological chemistry operation semiannual report ... / Chemical Research and Development Operation.
mdp.39015078412072,1958,1950,SE,us,UNLABELED,1,000679232,The National guardsman.
mdp.39015078931279,1958,1950,SE,us,UNLABELED,1,000048096,Report of the Office of the University Registrar.
mdp.39015079959808,1954,1950,SE,us,UNLABELED,1,000550146,Annual report - Office of Civil Defense.
mdp.39015080064382,1958,1950,SE,us,UNLABELED,1,000068331,Annual report / Los Angeles Department of Water and Power.
mdp.39015080093290,1957,1950,SE,us,UNLABELED,1,000063570,The Record.
mdp.39015080150371,1952,1950,SE,us,UNLABELED,1,000499117,Themis of Zeta Tau Alpha.
mdp.39015080154860,1956,1950,SE,us,UNLABELED,1,000529704,The Cross & crescent.
mdp.39015080206256,1959,1950,SE,us,UNLABELED,1,002637575,Annual report.
mdp.39015080371522,1953,1950,SE,us,UNLABELED,1,000523991,Wood and wood products : the national authority on wood & applied products management and operations.
mdp.39015082045686,1958,1950,SE,us,UNLABELED,1,000046911,"Annual report / Los Angeles, California, Department of Building and Safety."
mdp.39015082097174,1958,1950,SE,us,UNLABELED,1,000051831,The Oil and gas news.
mdp.39015082099386,1959,1950,SE,us,UNLABELED,1,000541448,Activities progress report.
mdp.39015082120612,1953,1950,SE,us,UNLABELED,1,000680356,Circular - Educational Research Service.
mdp.39015082122907,1950,1950,SE,us,UNLABELED,1,000057338,Report.
mdp.39015082921969,1954,1950,SE,us,UNLABELED,1,000639807,Books and publishing lecture series.
mdp.39015084446163,1958,1950,SE,us,UNLABELED,1,000061673,Annual report.
mdp.39015085490046,1955,1950,SE,us,UNLABELED,1,000046593,"Studies in business and economics / Bureau of Business and Economic Research, College of Busines and Public Administrati"
mdp.39015085490293,1950,1950,SE,us,UNLABELED,1,000504100,Report.
mdp.39015086322818,1957,1950,SE,us,UNLABELED,1,000523767,Acta technica.
mdp.39015086358176,1951,1950,SE,us,UNLABELED,1,000502013,New times.
mdp.39015086591537,1952,1950,SE,us,UNLABELED,1,000501237,Annual report of ... mayor of Philadelphia containing the reports of the various departments ...
mdp.39015086607200,1956,1950,SE,us,UNLABELED,1,000534789,Proceedings.
mdp.39015089762812,1953,1950,SE,us,UNLABELED,1,000531744,Printers' ink.
mdp.39076000289376,1951,1950,SE,us,UNLABELED,1,000545636,Radio & television news.
nc01.ark:/13960/t6p00t65p,1958,1950,SE,us,UNLABELED,1,102402514,The American Jewish times-outlook
nyp.33433002971269,1956,1950,SE,us,UNLABELED,1,103218514,Pacific Northwest underwriter.
nyp.33433005986454,1953,1950,SE,us,UNLABELED,1,103218183,Alumna.
nyp.33433006841138,1952,1950,SE,us,UNLABELED,1,009966844,Complete report of Iowa State Fair and Exposition.
nyp.33433012885616,1954,1950,SE,us,UNLABELED,1,008574199,Radio daily-television daily.
nyp.33433015252558,1952,1950,SE,us,UNLABELED,1,100695641,The Exhibitor.
nyp.33433021026913,1955,1950,SE,us,UNLABELED,1,004054938,Playthings.
nyp.33433057667010,1955,1950,SE,us,UNLABELED,1,008616679,Proceedings of the IRE.
nyp.33433060163015,1957,1950,SE,us,UNLABELED,1,103036117,Constructioneer.
nyp.33433060589854,1950,1950,SE,us,UNLABELED,1,000681909,New technical books.
nyp.33433075416127,1953,1950,SE,us,UNLABELED,1,103182604,World over.
nyp.33433077647299,1951,1950,SE,us,UNLABELED,1,000640256,Progressive architecture.
nyp.33433089780336,1953,1950,SE,us,UNLABELED,1,103035979,Home movies.
nyp.33433093303166,1952,1950,SE,us,UNLABELED,1,012306045,List of enrolled voters ... Borough of Queens ... Richmond.
nyp.33433094309410,1951,1950,SE,us,UNLABELED,1,103061939,Automotive news of the Pacific Northwest.
nyp.33433102056375,1953,1950,SE,us,UNLABELED,1,008699758,Decorative Furnisher.
nyp.33433107764494,1959,1950,SE,us,UNLABELED,1,103053295,Chemical market abstracts.
nyp.33433108154281,1959,1950,SE,us,UNLABELED,1,009539046,Textile industries.
nyp.33433108241229,1959,1950,SE,us,UNLABELED,1,103064801,Reports.
nyp.33433109958524,1952,1950,SE,us,UNLABELED,1,103067522,The Georgia engineer.
nyp.33433109979942,1959,1950,SE,us,UNLABELED,1,009360474,IGY solar activity report series.
nyp.33433109992317,1953,1950,SE,us,UNLABELED,1,103067635,Proceedings.
nyp.33433115040432,1958,1950,SE,us,UNLABELED,1,103093169,Biennial report.
nyp.33433121914505,1956,1950,SE,us,UNLABELED,1,103032022,Eliot Sharp's tax-exempt news.
osu.32435021402938,1954,1950,SE,us,UNLABELED,1,000547961,Annual report of the Board of Directors of the Free Public Library of New Haven.
osu.32435022807648,1951,1950,SE,us,UNLABELED,1,000527609,Publications.
osu.32435023240682,1956,1950,SE,us,UNLABELED,1,103077659,Soybean digest.
osu.32435024004947,1951,1950,SE,us,UNLABELED,1,000549034,The Insurance field.
osu.32435024808933,1957,1950,SE,us,UNLABELED,1,102634810,ML.
osu.32435025897224,1959,1950,SE,us,UNLABELED,1,002130049,The official football guide.
osu.32435028704260,1955,1950,SE,us,UNLABELED,1,002605420,The School administrator.
osu.32435028835817,1950,1950,SE,us,UNLABELED,2,000523804,Entomological news.
osu.32435029374758,1953,1950,SE,us,UNLABELED,1,100711518,Report of investigations.
osu.32435030270078,1954,1950,SE,us,UNLABELED,1,000520274,Proceedings of the Oklahoma Academy of Science
osu.32435030860191,1952,1950,SE,us,UNLABELED,1,102874343,Proceedings / ... annual Convention.
osu.32435031154909,1952,1950,SE,us,UNLABELED,1,000498343,Military affairs.
osu.32435051136307,1951,1950,SE,us,UNLABELED,1,000550965,Research.
osu.32435051138394,1959,1950,SE,us,UNLABELED,1,000550965,Research.
osu.32435051828267,1957,1950,SE,us,UNLABELED,1,010626805,Cooperative digest.
osu.32435052553427,1950,1950,SE,us,UNLABELED,1,000519701,Speech activities.
osu.32435052582756,1950,1950,SE,us,UNLABELED,1,007523500,"Studies in higher education / Purdue University, the Division of Educational Reference."
osu.32435057458127,1955,1950,SE,us,UNLABELED,1,008558428,Proceedings of the ... annual Conference of Executives of State and Local Trade Associations.
osu.32435057737678,1951,1950,SE,us,UNLABELED,1,000521250,Research memorandum.
osu.32435061966461,1957,1950,SE,us,UNLABELED,1,100824117,TML report.
osu.32435063361117,1953,1950,SE,us,UNLABELED,1,100113459,Annual report of the board of directors of the Norfolk & Western Railroad Company to the stockholders.
osu.32435063571806,1959,1950,SE,us,UNLABELED,1,102995914,Current coal trends / published by the National Coal Association.
osu.32435064180003,1955,1950,SE,us,UNLABELED,1,000637472,Telephony.
osu.32435064248602,1954,1950,SE,us,UNLABELED,1,008699527,Annual report of the Great Northern Railway Company.
osu.32435064998925,1950,1950,SE,us,UNLABELED,1,008969936,Annual report of the Alabama Great Southern Railroad Company.
osu.32435065461949,1958,1950,SE,us,UNLABELED,1,000521250,Research memorandum.
osu.32435065929846,1956,1950,SE,us,UNLABELED,1,000641436,Harper's bazaar
osu.32435065938078,1950,1950,SE,us,UNLABELED,1,006897797,Textile world
osu.32435069720860,1950,1950,SE,us,UNLABELED,1,006947103,Lincoln lore.
osu.32435072576457,1955,1950,SE,us,UNLABELED,1,101667692,"International organization and conference series. III, [United Nations, including commissions]"
osu.32437011289119,1954,1950,SE,us,UNLABELED,1,009049628,Proceedings of the ... annual conference under the auspices of the National Tax Association.
osu.32437011973753,1952,1950,SE,us,UNLABELED,1,008606739,Massachusetts reports : cases argued and determined in the Supreme Judicial Court of Massachusetts.
osu.32437121103234,1950,1950,SE,us,UNLABELED,1,010415584,The United States law week.
pst.000003796665,1954,1950,SE,us,UNLABELED,1,000545497,Law and treaty series.
pst.000005861620,1953,1950,SE,us,UNLABELED,1,007033887,"Annual report / by the City Planning Commission, Department of City Planning."
pst.000018558791,1956,1950,SE,us,UNLABELED,1,000598704,"Studies. Series I, Reports of the committee and conferences."
pst.000057702254,1957,1950,SE,us,UNLABELED,1,009430991,Annual report.
pst.000060071361,1951,1950,SE,us,UNLABELED,1,000544040,Friends intelligencer.
pst.000063836738,1958,1950,SE,us,UNLABELED,1,009399389,The Blue book of college athletics.
pst.000065799529,1950,1950,SE,us,UNLABELED,1,000681480,Johnsonian news letter.
pur1.32754063742930,1956,1950,SE,us,UNLABELED,1,012369788,Extension leaflet.
pur1.32754076631781,1958,1950,SE,us,UNLABELED,1,102952864,Narcotic drugs under international control; multilingual list. Stupéfiants placés sous contrôle international; liste 
pur1.32754081756888,1950,1950,SE,us,UNLABELED,1,102952351,Unifruitco.
pur1.32754084740921,1959,1950,SE,us,UNLABELED,1,000525198,İstanbul Üniversitesi Fen Fakültesi mecmuası. Seri B: Tabü ilimler. Revue de la Faculté des sciences de l'Universit
rul.39030024886287,1953,1950,SE,us,UNLABELED,1,102864242,"The American Aberdeen-Angus herd-book, containing a record of Aberdeen-Angus cattle approved and admitted for registry u"
rul.39030027344367,1956,1950,SE,us,UNLABELED,1,102864226,American nurseryman.
rul.39030040013155,1957,1950,SE,us,UNLABELED,1,102936302,Report of the annual meeting.
uc1.$b200314,1957,1950,SE,us,UNLABELED,1,010011178,Mainstream.
uc1.$b216930,1954,1950,SE,us,UNLABELED,1,010100860,Proceedings.
uc1.$b357621,1951,1950,SE,us,UNLABELED,1,009996804,Report
uc1.$b535147,1958,1950,SE,us,UNLABELED,1,000552747,Carnegie series in English.
uc1.$b624298,1951,1950,SE,us,UNLABELED,1,000642009,Newcomen address.
uc1.$b624310,1952,1950,SE,us,UNLABELED,1,000642009,Newcomen address.
uc1.$b645488,1952,1950,SE,us,UNLABELED,1,100775524,Publication.
uc1.$b648322,1953,1950,SE,us,UNLABELED,2,000055197,"Papers of the Michigan Academy of Science, Arts, and Letters."
uc1.$b652268,1954,1950,SE,us,UNLABELED,1,000502184,The American photo engraver.
uc1.$b663479,1956,1950,SE,us,UNLABELED,1,008462824,Proceedings of the National Wholesale Druggists Association.
uc1.$b746226,1954,1950,SE,us,UNLABELED,1,000056902,University of New Mexico publications in history.
uc1.$b793302,1955,1950,SE,us,UNLABELED,1,000496064,American record guide
uc1.$c159676,1951,1950,SE,us,UNLABELED,1,103019715,"Physical and chemical data report / University of California, Scripps Institution of Oceanography."
uc1.$c170586,1958,1950,SE,us,UNLABELED,1,103062429,Proceedings.
uc1.$c190567,1951,1950,SE,us,UNLABELED,1,103063217,Abstracts of theses for the engineer's (professional) degree and the master's degree awarded.
uc1.$c223907,1957,1950,SE,us,UNLABELED,1,103133217,Executives' guide to marketing.
uc1.31158002576626,1950,1950,SE,us,UNLABELED,1,009863467,Research publications / Association for Research in Nervous and Mental Disease.
uc1.31158002963170,1959,1950,SE,us,UNLABELED,1,000071164,The American Indian.
uc1.31158009812511,1950,1950,SE,us,UNLABELED,1,000500600,Archives of neurology and psychiatry
uc1.31175001677460,1953,1950,SE,us,UNLABELED,2,002132399,Everyman's United Nations.
uc1.31175023033106,1951,1950,SE,us,UNLABELED,1,010368220,World economic report.
uc1.31175027856916,1957,1950,SE,us,UNLABELED,1,000551037,The Book of the States.
uc1.31175029302778,1950,1950,SE,us,UNLABELED,1,102885312,Report of the Executive Council of the American Federation of Labor to the ... annual Convention.
uc1.31175029530279,1959,1950,SE,us,UNLABELED,1,008573196,The Saturday evening post.
uc1.31205000660850,1952,1950,SE,us,UNLABELED,1,000598578,The American city.
uc1.31205016481531,1954,1950,SE,us,UNLABELED,1,000598578,The American city.
uc1.31210009651173,1953,1950,SE,us,UNLABELED,1,000530382,Indian leaflet series.
uc1.31210011000302,1958,1950,SE,us,UNLABELED,1,000679052,The American midland naturalist
uc1.31210015609306,1955,1950,SE,us,UNLABELED,1,006217575,Political affairs.
uc1.31210016944322,1956,1950,SE,us,UNLABELED,1,000638180,Economic geography.
uc1.31210017701366,1955,1950,SE,us,UNLABELED,1,102647973,Sheaf.
uc1.31822009708538,1953,1950,SE,us,UNLABELED,1,000678164,Stanford University publications. University series. Biological sciences.
uc1.31822029221306,1952,1950,SE,us,UNLABELED,1,000642836,Soviet literature.
uc1.31822042852541,1959,1950,SE,us,UNLABELED,1,007150457,Annual report of the Franchise Tax Board for the year ..
uc1.31822042955948,1955,1950,SE,us,UNLABELED,1,102454348,"Deck log book, R/V Crest"
uc1.32106017380228,1951,1950,SE,us,UNLABELED,1,000680802,The Tax digest.
uc1.32106020394497,1951,1950,SE,us,UNLABELED,1,008313305,Goad
uc1.32106020416126,1959,1950,SE,us,UNLABELED,1,000523214,Annual report of the Board of Regents of the Smithsonian Institution.
uc1.32106020470438,1957,1950,SE,us,UNLABELED,1,004528900,Progressive architecture
uc1.a0001792217,1959,1950,SE,us,UNLABELED,1,100003609,Public acts of the state of Tennessee / passed by the ... General Assembly.
uc1.b2895004,1951,1950,SE,us,UNLABELED,1,000550137,Proceedings of the National Electronics Conference.
uc1.b2932703,1957,1950,SE,us,UNLABELED,1,000495948,Aerospace facts and figures.
uc1.b2950745,1958,1950,SE,us,UNLABELED,2,000545831,ha-Rofe ha-ʻivri.
uc1.b2957030,1951,1950,SE,us,UNLABELED,1,000640429,The Personalist.
uc1.b2967679,1958,1950,SE,us,UNLABELED,1,009996051,America sings
uc1.b3030573,1956,1950,SE,us,UNLABELED,1,000058984,Labor and industry in Britain.
uc1.b3043846,1958,1950,SE,us,UNLABELED,1,007910123,Proceedings of New York University ... annual Institute on Federal Taxation.
uc1.b3057652,1952,1950,SE,us,UNLABELED,1,000541264,Abstracts of dissertations and theses.
uc1.b3096649,1951,1950,SE,us,UNLABELED,1,004528872,The National elementary principal.
uc1.b3227023,1954,1950,SE,us,UNLABELED,1,010314878,University of California publications in Semitic philology.
uc1.b3344383,1957,1950,SE,us,UNLABELED,1,000531639,Report.
uc1.b3369541,1959,1950,SE,us,UNLABELED,1,000676870,The arithmetic teacher
uc1.b3530082,1957,1950,SE,us,UNLABELED,1,000068599,Acta physica Hungarica
uc1.b3584966,1959,1950,SE,us,UNLABELED,1,006665168,The Southeastern reporter.
uc1.b3706882,1956,1950,SE,us,UNLABELED,1,000523109,Acta medica Academiae Scientiarum Hungaricae
uc1.b3717262,1956,1950,SE,us,UNLABELED,1,000071338,Transactions.
uc1.b3794269,1958,1950,SE,us,UNLABELED,1,010159266,Studies in English
uc1.b3869991,1956,1950,SE,us,UNLABELED,1,000547661,"Montana wildlife / Montana Fish and Game Department official publication, Information-Education Division."
uc1.b3898729,1957,1950,SE,us,UNLABELED,1,000505797,Social problems.
uc1.b3974334,1952,1950,SE,us,UNLABELED,1,007888539,"Proceedings ... international convention - United Cement, Lime and Gypsum Workers International Union."
uc1.b3974853,1959,1950,SE,us,UNLABELED,1,007888565,Best books for children.
uc1.b4007934,1954,1950,SE,us,UNLABELED,1,009669324,Report on the annual Southern Conference on Gerontology.
uc1.b4107633,1950,1950,SE,us,UNLABELED,1,006156894,"Agreement between Board of Transportation of New York City and Transport Workers Union of America, CIO, Local 100."
uc1.b4324619,1952,1950,SE,us,UNLABELED,1,007150929,Astounding science-fiction.
uc1.b4326825,1958,1950,SE,us,UNLABELED,1,006219453,"AMA management report / Personnel Division, American Management Association."
uc1.b4326827,1959,1950,SE,us,UNLABELED,1,006219453,"AMA management report / Personnel Division, American Management Association."
uc1.b4885203,1954,1950,SE,us,UNLABELED,1,000534233,Harvard studies in marketing farm products.
uc1.b5001746,1953,1950,SE,us,UNLABELED,1,008440947,"Maryland reports, cases adjudged in the Court of Appeals of Maryland."
uc1.b5001753,1956,1950,SE,us,UNLABELED,1,008440947,"Maryland reports, cases adjudged in the Court of Appeals of Maryland."
uc1.b5052624,1953,1950,SE,us,UNLABELED,1,008560482,Washington reports. 2d series.
uc1.b5332461,1953,1950,SE,us,UNLABELED,1,102608987,Report
uc1.c021187077,1951,1950,SE,us,UNLABELED,1,003915304,Publicación.
uc1.c104604695,1953,1950,SE,us,UNLABELED,1,000528290,"Annual report to the Governor of California by the Director of Public Works / State of California, Department of Public "
uc1.c109121873,1959,1950,SE,us,UNLABELED,1,100813274,Progress Report to the Legislature
uc1.c2557721,1950,1950,SE,us,UNLABELED,1,012455838,Western banker.
uc1.c2560182,1950,1950,SE,us,UNLABELED,1,103068911,Gas.
uc1.c2560276,1952,1950,SE,us,UNLABELED,1,009470481,Mill & factory.
uc1.c2560606,1955,1950,SE,us,UNLABELED,1,103046648,International photographer.
uc1.c2563776,1955,1950,SE,us,UNLABELED,1,000548573,Electronic industries.
uc1.c2575690,1959,1950,SE,us,UNLABELED,1,000675740,Proceedings.
uc1.c2576737,1950,1950,SE,us,UNLABELED,1,007910518,Kaiser news.
uc1.c2583814,1956,1950,SE,us,UNLABELED,1,102880585,Reports in industrial engineering; Supplement.
uc1.c2631979,1957,1950,SE,us,UNLABELED,1,000530152,American school & university.
uc1.l0053396826,1951,1950,SE,us,UNLABELED,1,102692434,Current issues in higher education.
uc1.l0066158213,1952,1950,SE,us,UNLABELED,1,000865336,Editor & publisher.
ucbk.ark:/28722/h23r0q99q,1958,1950,SE,us,UNLABELED,1,102871661,The Daily Californian.
ucbk.ark:/28722/h26h4d70s,1955,1950,SE,us,UNLABELED,1,102871661,The Daily Californian.
ucbk.ark:/28722/h27941b57,1957,1950,SE,us,UNLABELED,1,102871661,The Daily Californian.
ucbk.ark:/28722/h2br8n016,1958,1950,SE,us,UNLABELED,1,102871661,The Daily Californian.
ucbk.ark:/28722/h2cj8825q,1952,1950,SE,us,UNLABELED,1,102871661,The Daily Californian.
ucbk.ark:/28722/h2j960s94,1956,1950,SE,us,UNLABELED,1,102871661,The Daily Californian.
ucbk.ark:/28722/h2r49gr5t,1953,1950,SE,us,UNLABELED,1,102871661,The Daily Californian.
ufl.31262041472720,1959,1950,SE,us,UNLABELED,1,000598726,Publication of the American Dialect Society.
ufl.31262043936144,1950,1950,SE,us,UNLABELED,1,011456888,Power generation.
ufl.31262048402936,1952,1950,SE,us,UNLABELED,1,000517574,The Bryologist.
ufl.31262055554702,1958,1950,SE,us,UNLABELED,1,100787315,Annual report - Florida Game and Fresh Water Fish Commission.
ufl.31262058470070,1959,1950,SE,us,UNLABELED,1,000676024,Southwestern lore.
ufl.31262060303327,1958,1950,SE,us,UNLABELED,1,000522157,The Florida municipal record.
ufl.31262074211888,1955,1950,SE,us,UNLABELED,1,000058180,Child-family digest.
ufl.31262075942945,1950,1950,SE,us,UNLABELED,1,000597571,Tennessee archaeologist.
ufl.31262094195459,1954,1950,SE,us,UNLABELED,1,006712480,Arborist's news.
ufl.31262094719308,1958,1950,SE,us,UNLABELED,1,000546356,Proceedings / American Concrete Institute.
ufl.31262095153234,1956,1950,SE,us,UNLABELED,1,000676000,Circular letter.
ufl.31262098811341,1956,1950,SE,us,UNLABELED,1,000493940,Town meeting.
ufl.31262101731163,1958,1950,SE,us,UNLABELED,1,103067338,The Season's report of the Federal-State Frost Warning Service.
ufl.35051104574514,1953,1950,SE,us,UNLABELED,1,000524841,American druggist.
ufl.35051105774188,1953,1950,SE,us,UNLABELED,1,009037459,United States investor.
uga1.32108010214263,1958,1950,SE,us,UNLABELED,1,102919509,Proceedings.
uga1.32108058280226,1957,1950,SE,us,UNLABELED,1,000501564,Life.
uga1.32108058750285,1959,1950,SE,us,UNLABELED,1,000597478,Columbia Library columns.
uiug.30112007661389,1956,1950,SE,us,UNLABELED,1,100221909,Fire engineering.
uiug.30112008048016,1950,1950,SE,us,UNLABELED,1,011475918,Distribution.
uiug.30112008223452,1955,1950,SE,us,UNLABELED,1,011480391,Gas turbine series.
uiug.30112008713536,1958,1950,SE,us,UNLABELED,1,000677283,Modern materials handling.
uiug.30112008799238,1950,1950,SE,us,UNLABELED,1,103031975,Light metal age.
uiug.30112009034544,1956,1950,SE,us,UNLABELED,1,000506063,Wastes engineering.
uiug.30112017695211,1955,1950,SE,us,UNLABELED,1,102290952,Game and fish codes and forestry laws of the State of Illinois.
uiug.30112018016011,1955,1950,SE,us,UNLABELED,1,100824117,TML report.
uiug.30112024678143,1955,1950,SE,us,UNLABELED,1,000889146,Publications in climatology / Laboratory of Climatology.
uiug.30112028252879,1959,1950,SE,us,UNLABELED,1,006895533,The Record of the Association of the Bar of the City of New York.
uiug.30112041708964,1956,1950,SE,us,UNLABELED,1,103100115,Wisconsin counties.
uiug.30112043510632,1954,1950,SE,us,UNLABELED,1,100604647,An Account of the state of the Treasury of the Commonwealth of Massachusetts.
uiug.30112046486251,1956,1950,SE,us,UNLABELED,1,005712706,"Statistical abstract of Latin America for ... / prepared by Committee on Latin American Studies, University of Californi"
uiug.30112047368581,1956,1950,SE,us,UNLABELED,1,009055031,Short course in residential construction; [proceedings]
uiug.30112049812644,1955,1950,SE,us,UNLABELED,1,100815431,The great seal of Illinois and other official state symbols.
uiug.30112063598558,1955,1950,SE,us,UNLABELED,1,101738653,Illinois assessors' manual.
uiug.30112064738740,1954,1950,SE,us,UNLABELED,1,100199538,Annual report.
uiug.30112071096355,1951,1950,SE,us,UNLABELED,1,102263413,"Annual report of the Commissioner of Health / Government of Puerto Rico, Department of Health."
uiug.30112078744932,1954,1950,SE,us,UNLABELED,1,000553483,Report of the Mayor of the City and County of Honolulu to the Legislature of the Territory of Hawaii.
uiug.30112079557671,1952,1950,SE,us,UNLABELED,1,000047178,Report.
uiug.30112081458371,1953,1950,SE,us,UNLABELED,1,000677341,America
uiug.30112081489517,1954,1950,SE,us,UNLABELED,1,103106827,Building product news
uiug.30112088494676,1955,1950,SE,us,UNLABELED,1,000678550,Vocational and professional monographs.
uiug.30112088560526,1952,1950,SE,us,UNLABELED,1,100786779,Minnesota safety.
uiug.30112098084293,1954,1950,SE,us,UNLABELED,1,000639552,The Bookmark; a selection of recent books...
uiug.30112098207431,1958,1950,SE,us,UNLABELED,1,102478380,"Analysis of operations, municipal electric utilities."
uiug.30112098449959,1957,1950,SE,us,UNLABELED,1,100233209,Report for security analysts.
uiug.30112101704770,1951,1950,SE,us,UNLABELED,1,103006043,"Record supplement / the Gramophone Shop, Inc."
uiug.30112104377681,1954,1950,SE,us,UNLABELED,1,103105722,Minnesota welfare.
uiug.30112105737057,1959,1950,SE,us,UNLABELED,1,103008726,... annual commencement.
uiug.30112106126193,1958,1950,SE,us,UNLABELED,1,103009481,Astrology.
uiug.30112106930321,1954,1950,SE,us,UNLABELED,1,011454177,Annual report.
uiug.30112106936310,1955,1950,SE,us,UNLABELED,1,011453108,Annual report / South Carolina Electric & Gas Company.
uiug.30112107086883,1958,1950,SE,us,UNLABELED,1,011453361,"Annual report / Texaco, inc."
uiug.30112107297886,1952,1950,SE,us,UNLABELED,1,100578011,Annual report.
uiug.30112109637006,1958,1950,SE,us,UNLABELED,1,102204074,To the stars / Kansas Industrial Development Commission.
uiug.30112110942270,1954,1950,SE,us,UNLABELED,1,000551708,Annual report - New York City Board of Education. Superintendent of Schools.
uiug.30112111418080,1955,1950,SE,us,UNLABELED,1,005947667,The Spirit of missions.
uiug.30112111881881,1959,1950,SE,us,UNLABELED,1,008925134,"Report of the president of the Johns Hopkins University, Baltimore, Maryland."
uiug.30112111993439,1950,1950,SE,us,UNLABELED,1,000681189,The Aerend.
uiug.30112112242323,1953,1950,SE,us,UNLABELED,1,100234763,[Announcement].
uiug.30112113332743,1952,1950,SE,us,UNLABELED,1,102940178,"Evening, late afternoon, Saturday classes."
uiug.30112116717866,1958,1950,SE,us,UNLABELED,1,007905622,Professional contributions / American Academy of Physical Education.
uiug.30112118314399,1958,1950,SE,us,UNLABELED,1,010426955,Committee report.
uiug.30112118420360,1958,1950,SE,us,UNLABELED,1,000500441,Public documents.
uiug.30112121968728,1954,1950,SE,us,UNLABELED,1,005056742,Rules of the road.
uiug.30112125176799,1955,1950,SE,us,UNLABELED,1,010061976,Tennessee public welfare record.
uiuo.ark:/13960/s2b7p392k4f,1950,1950,SE,us,UNLABELED,1,000054624,Annual report.
umn.31951000727954u,1953,1950,SE,us,UNLABELED,1,009470467,Debaters' digest.
umn.319510007397885,1958,1950,SE,us,UNLABELED,1,000553116,Mediterranean and Eurafrica.
umn.319510021502064,1951,1950,SE,us,UNLABELED,1,006786231,Stanford University publications. University series. Language and literature.
umn.31951002239151z,1956,1950,SE,us,UNLABELED,1,100800242,Biennial report of the President and of the Board of Regents of the University of Minnesota to the Legislature of the st
umn.31951002261957d,1951,1950,SE,us,UNLABELED,1,008559063,Proceedings [of the] convention.
umn.31951002440679i,1951,1950,SE,us,UNLABELED,1,009665089,"Research monograph / Bureau of Business Research, Ohio State University."
umn.31951002534416t,1954,1950,SE,us,UNLABELED,1,000680563,Public utilities reports.
umn.31951d00150535f,1951,1950,SE,us,UNLABELED,1,009663694,Proceedings of the annual convention of the National Association of Supervisors of State Banks.
umn.31951d01350013n,1957,1950,SE,us,UNLABELED,1,006160256,Annual report of the Virginia State Bar.
umn.31951d01433679v,1957,1950,SE,us,UNLABELED,1,007812440,"Analysis of Minnesota income tax and adjusted compensation tax returns by income group, by type of taxpayer, and by area"
umn.31951d01552247a,1951,1950,SE,us,UNLABELED,1,000541448,Activities progress report.
umn.31951d02288160n,1952,1950,SE,us,UNLABELED,1,010367072,"Automobile cases : the full texts of all higher court decisions, state and federal, in insurance and negligence cases in"
umn.31951d02298835o,1953,1950,SE,us,UNLABELED,1,100754522,Laws of the territory of New Mexico = Leyes del territorio de Nuevo Mejico.
umn.31951d03613299n,1953,1950,SE,us,UNLABELED,1,010422400,Official records of the General Assembly = Documents officiels de l'Assemblée générale.
uva.x004304956,1958,1950,SE,us,UNLABELED,2,000505131,Advances in astronautical sciences.
uva.x004310312,1950,1950,SE,us,UNLABELED,1,010378781,"Report - Nutrition Foundation, Inc."
uva.x004490379,1955,1950,SE,us,UNLABELED,1,102088212,Town & country.
uva.x004499793,1955,1950,SE,us,UNLABELED,1,102089352,NRMCA publication.
uva.x004538358,1958,1950,SE,us,UNLABELED,1,007911784,The Rotarian / International Association of Rotary Clubs.
uva.x004885752,1957,1950,SE,us,UNLABELED,1,102090277,"Contributions from the transformer laboratories department / Transformer Division, General Electric."
uva.x030215661,1954,1950,SE,us,UNLABELED,1,000541656,Hobbies.
uva.x030338515,1952,1950,SE,us,UNLABELED,1,101033152,Venezuela up-to-date.
uva.x030357090,1950,1950,SE,us,UNLABELED,1,001263757,Biennial report of the North Carolina State Department of Archives and History
uva.x030560359,1953,1950,SE,us,UNLABELED,1,000550567,Technical report.
uva.x030599677,1955,1950,SE,us,UNLABELED,1,101901596,Annual report of the Monticello Association.
uva.x030687704,1958,1950,SE,us,UNLABELED,1,102064062,Four quarters.
uva.x030687933,1958,1950,SE,us,UNLABELED,1,102088321,The Peabody reflector.
uva.x030696446,1959,1950,SE,us,UNLABELED,1,000496692,School management.
uva.x030774664,1959,1950,SE,us,UNLABELED,1,102090244,Technical paper - Florida Engineering and Industrial Experiment Station.
uva.x030775111,1959,1950,SE,us,UNLABELED,1,008300294,Leaflet.
uva.x030800751,1952,1950,SE,us,UNLABELED,1,000049781,Coronet.
wu.89031373608,1959,1950,SE,us,UNLABELED,1,000501988,Antibiotics monographs.
wu.89042080523,1952,1950,SE,us,UNLABELED,1,005709392,Annual report.
wu.89062345699,1959,1950,SE,us,UNLABELED,1,002704339,Southern Historical Society papers.
wu.89076974997,1958,1950,SE,us,UNLABELED,1,005972992,Luther life.
wu.89096040951,1955,1950,SE,us,UNLABELED,1,002797135,March of labor.
wu.89096044276,1956,1950,SE,us,UNLABELED,1,002797135,March of labor.
wu.89096044326,1956,1950,SE,us,UNLABELED,1,002797135,March of labor.
coo.31924013764893,1969,1960,BK,uk,AGRICULTURAL,1,009068846,Agricultural manpower; proceedings of a symposium held by the Agriculture EDC.
coo.31924055328920,1964,1960,BK,uk,AGRICULTURAL,1,009076138,Report on a consumer survey carried out for the Potato Marketing Board and the National Farmers' Unions of England and W
mdp.39015034760440,1962,1960,BK,uk,CATALOG,1,001177926,"Catalogue of the Samaritan manuscripts in the John Rylands library, Manchester."
uc1.31822013849260,1969,1960,BK,uk,CATALOG,1,008510218,"Catalogue of the terracottas in the Department of Greek and Roman Antiquities, British Museum, by R. A. Higgins."
mdp.39015062065837,1963,1960,BK,uk,GENERAL_PERIODICAL,2,000460123,Germany's other half; a journalist's appraisal of East Germany.
mdp.39015005998409,1963,1960,BK,uk,MEDICAL,1,001558090,"A history of the Royal College of Physicians of Ireland, 1654-1963 / by J. D. H. Widdess. Foreword by Charles Dickson."
mdp.39015072266722,1968,1960,BK,uk,MEDICAL,1,001572858,Therapeutics / [by] J. G. Lewis.
uc1.l0052347515,1964,1960,BK,uk,MEDICAL,1,010753606,The University of Bristol Dental School and Hospital / [Charles Saunders.].
coo.31924002801813,1964,1960,BK,uk,REFERENCE,1,009109276,Pearson's encyclopaedia of roses.
mdp.39015016351838,1961,1960,BK,uk,REFERENCE,1,000124864,Dictionary of mathematics.
mdp.39015031306619,1967,1960,BK,uk,REFERENCE,1,001187070,"Bibliography of the writings of Alfred, Lord Tennyson / edited by J. C. Thomson."
mdp.39015034575103,1961,1960,BK,uk,REFERENCE,1,001762193,Encyclopaedia of librarianship.
mdp.39015057973672,1968,1960,BK,uk,REFERENCE,1,001964485,The Dictionary of national biography. Founded in 1882 by George Smith / Edited by Sir Leslie Stephen and Sir Sidney Lee.
mdp.39015001545402,1964,1960,BK,uk,RELIGIOUS,1,001927071,Primitive Christian symbols / Translated by Donald Attwater.
mdp.39015002694266,1961,1960,BK,uk,RELIGIOUS,1,001408255,"The history of the church of York, 1066-1127."
mdp.39015049412359,1963,1960,BK,uk,RELIGIOUS,1,001416484,"Richard Fitzralph, commentator of the Sentences; a study in theological orthodoxy."
uva.x000676080,1963,1960,BK,uk,RELIGIOUS,1,102099030,Moses in the fourth Gospel / T. Francis Glasson.
uva.x001200118,1961,1960,BK,uk,RELIGIOUS,1,101881744,The Catholic religion : a manual of instruction for members of the Anglican Communion / by Vernon Staley.
coo.31924000129878,1966,1960,BK,uk,UNLABELED,1,009107526,The owl family; translated from the Danish by F. H. Lyon.
coo.31924002528028,1966,1960,BK,uk,UNLABELED,1,009073569,"The theory and practice of time study, with decorations by Michael Holkes."
coo.31924003093725,1969,1960,BK,uk,UNLABELED,1,009086255,Nature's network.
coo.31924003330499,1968,1960,BK,uk,UNLABELED,1,009111703,"Farm management survey; preliminary summary of financial results on 219 farms in Cornwall, Devon and Dorsett, 1965/66 an"
coo.31924004058677,1968,1960,BK,uk,UNLABELED,1,009369408,"A treatise on the motion of vortex rings. An essay to which the Adams prize was adjudged in 1882, in the University of C"
coo.31924013395300,1968,1960,BK,uk,UNLABELED,1,009075508,"Teaching at a distance; [an appraisal of the co-ordinated teaching of O level physics using television, correspondence a"
coo.31924013690536,1965,1960,BK,uk,UNLABELED,1,009060069,"Second thoughts on aid; [the theory, problems, practice, and future of aid to under-developed countries] A series of bro"
coo.31924057005005,1966,1960,BK,uk,UNLABELED,1,009378530,Listeriosis in animals in Great Britain / M. Gitter.
ien.35556001523638,1968,1960,BK,uk,UNLABELED,1,011230207,"An exposition of the Epistle to the Romans, prepared in the prison cell, by Ian R. K. Paisley; foreword by Bob Jones, Jr"
ien.35556007038862,1964,1960,BK,uk,UNLABELED,1,012240454,"The clerk without a benefice : a study of Fr. Rolfe, Baron Corvo's conversion and vocation. [Edited by] Cecil Woolf and "
ien.35556009598277,1968,1960,BK,uk,UNLABELED,1,011227994,"The Fetherstons of Packwood in the seventeenth century, by M. W. Farr."
ien.35556021149430,1968,1960,BK,uk,UNLABELED,1,010611748,"Proceedings -- International Container Symposium, London 1968 / sponsored by London Chamber of Commerce, Dock and Harbou"
inu.30000060944729,1961,1960,BK,uk,UNLABELED,1,010570600,Rural bus services / report of the Committee.
inu.30000103172965,1961,1960,BK,uk,UNLABELED,1,001397254,Hermaphrodite; myths and rites of the bisexual figure in classical antiquity. Translated from the French by Jennifer Nic
inu.32000001706649,1965,1960,BK,uk,UNLABELED,1,007587337,My enemy's enemy / Kingsley Amis.
inu.32000006245981,1962,1960,BK,uk,UNLABELED,1,006075946,"Summer conference on training for development; [report. Held] 26 August-8 September, 1962, at King's College, Cambridge."
inu.32000007189733,1961,1960,BK,uk,UNLABELED,1,006058937,Bright fountains / by J.J. Adams.
inu.32000007693072,1963,1960,BK,uk,UNLABELED,1,011807334,Report from Rome; on the first session of the Vatican Council.
inu.32000007703517,1966,1960,BK,uk,UNLABELED,1,007579023,Account unsettled; translated from the French by Tony White.
inu.32000007959663,1969,1960,BK,uk,UNLABELED,1,007391112,Friedrich Froebel and English education [by] P. Woodham-Smith [and others]
mdp.35112104133014,1969,1960,BK,uk,UNLABELED,1,010460280,Long term trade agreement between the Government of the United Kingdom of Great Britain and Northern Ireland and the Gov
mdp.39015000303308,1968,1960,BK,uk,UNLABELED,2,001558474,"A unified health service / Editor: David Owen. Authors: David Owen, Bernie Spain [and] Nigel Weaver."
mdp.39015000538861,1968,1960,BK,uk,UNLABELED,1,000964041,Optimal pricing and investment in electricity supply: an essay in applied welfare economics.
mdp.39015001308801,1966,1960,BK,uk,UNLABELED,1,000966910,Nuclear energy in Britain.
mdp.39015001320632,1963,1960,BK,uk,UNLABELED,1,001657117,Isobaric nuclei with the mass number A=110 / by B.S. Dzhelepov and N.N. Zhukovskii. Translated from the Russian by R.F. 
mdp.39015002072109,1962,1960,BK,uk,UNLABELED,1,002029449,Yacht repairs and conversions.
mdp.39015002140294,1966,1960,BK,uk,UNLABELED,1,001910530,At Swim-Two-Birds.
mdp.39015002169509,1961,1960,BK,uk,UNLABELED,1,000311000,"The first Whigs; the politics of the Exclusion crisis, 1678-1683."
mdp.39015002290826,1963,1960,BK,uk,UNLABELED,2,000155709,Ireland under the Tudors; with a succinct account of the earlier history.
mdp.39015003390864,1963,1960,BK,uk,UNLABELED,1,001512110,The art of simulation / K. D. Tocher.
mdp.39015003472043,1965,1960,BK,uk,UNLABELED,1,001799836,"Ballades, rondeaux, and virelais, an anthology / Edited by Kenneth Varty."
mdp.39015003677732,1967,1960,BK,uk,UNLABELED,2,001609888,A land full of people: Kenya today / [by] John Roberts.
mdp.39015003962951,1964,1960,BK,uk,UNLABELED,1,001252849,"Krishna Menon, a biography / [by] T.J.S. George."
mdp.39015003980144,1961,1960,BK,uk,UNLABELED,1,001902356,The great experiment in American literature; six lectures.
mdp.39015004193127,1966,1960,BK,uk,UNLABELED,1,001187493,The love department.
mdp.39015004514645,1964,1960,BK,uk,UNLABELED,3,000122639,"Making and coating photographic emulsions / [by] V. L. Zelikman and S. M. Levi. [Translated by the Consultants Bureau, N"
mdp.39015004724830,1969,1960,BK,uk,UNLABELED,2,001756309,"The United Nations in a changing world, by J. A. C. Gutteridge."
mdp.39015004756832,1961,1960,BK,uk,UNLABELED,2,000004985,Don Quixote; an introductory essay on psychology
mdp.39015004952415,1961,1960,BK,uk,UNLABELED,1,001227433,Greek studies in modern Oxford / an inaugural lecture.
mdp.39015005205631,1965,1960,BK,uk,UNLABELED,1,001891841,Asian economic development / Edited by Cranley Onslow. Foreword by Sir Sydney Caine.
mdp.39015005353969,1965,1960,BK,uk,UNLABELED,1,001246022,Majorca observed.
mdp.39015005486595,1969,1960,BK,uk,UNLABELED,2,001439526,Kingsley Martin: portrait and self-portrait.
mdp.39015005871622,1964,1960,BK,uk,UNLABELED,1,002429179,The quest of the Holy Grail / [by] Jessie L. Weston.
mdp.39015006005543,1966,1960,BK,uk,UNLABELED,1,001574088,A new look at nursing / [by] Elsie Ensing.
mdp.39015007954665,1964,1960,BK,uk,UNLABELED,1,001979264,"Notice of Anthony Stradivari, the celebrated violin-maker, known by the name of Stradivarius; preceded by historical and"
mdp.39015008394713,1966,1960,BK,uk,UNLABELED,1,000816322,The role of small nations--today and tomorrow: fiftieth anniversary lecture of the School of Slavonic and East European 
mdp.39015009053086,1961,1960,BK,uk,UNLABELED,1,001267956,The fall of Kruger's Republic.
mdp.39015009186506,1969,1960,BK,uk,UNLABELED,2,001251551,Plassey: the founding of an empire.
mdp.39015009455737,1963,1960,BK,uk,UNLABELED,1,001467109,Music in education.
mdp.39015010390899,1967,1960,BK,uk,UNLABELED,1,001259479,"The Ōkagami : a Japanese historical tale /,"
mdp.39015010535808,1966,1960,BK,uk,UNLABELED,1,000537824,Remedy is none.
mdp.39015010943630,1962,1960,BK,uk,UNLABELED,1,002019229,Lighting for life.
mdp.39015011045575,1961,1960,BK,uk,UNLABELED,2,000457777,Dangerous corner / Translated by Michael Ross. Introd. by Denys Sutton.
mdp.39015011422832,1966,1960,BK,uk,UNLABELED,1,000424046,"Symmetric function and allied tables / by F.N. David, M.G. Kendall and D.E. Barton."
mdp.39015012166651,1966,1960,BK,uk,UNLABELED,1,001415580,Council and clergy / Cardinal Heenan.--
mdp.39015013494086,1969,1960,BK,uk,UNLABELED,1,000438763,"Delia; with, The complaint of Rosamond; 1592."
mdp.39015014412491,1961,1960,BK,uk,UNLABELED,1,000458982,Albrecht Dürer: The feast of rose garlands / Photos. by K. and L. Neubert. Text by Jaromír Homolka. Translated by Till G
mdp.39015014743812,1962,1960,BK,uk,UNLABELED,1,001907485,"Essays, literary & educational."
mdp.39015014745601,1961,1960,BK,uk,UNLABELED,1,001890083,The Common Market and the United Kingdom; a guide to the European Economic Community and the possible effects on Britain
mdp.39015015155685,1961,1960,BK,uk,UNLABELED,1,000275749,"Cursor mundi. A Northumbrian poem of the XIVth century / Edited from British Museum Ms. Cotton Vespasian A. III, Bodleia"
mdp.39015015669438,1965,1960,BK,uk,UNLABELED,1,001981556,British sculpture since 1945 / by Dennis Farr.
mdp.39015016061254,1968,1960,BK,uk,UNLABELED,1,001032992,"Practical inorganic chemistry: preparations, reactions and instrumental methods / [by] Geoffrey Pass and Haydn Sutcliffe"
mdp.39015016423769,1966,1960,BK,uk,UNLABELED,2,000557625,Cages.
mdp.39015016424569,1963,1960,BK,uk,UNLABELED,1,000436675,"Poems / Selected and edited with an introd., notes and glossary by Charles Elliot. Appreciations by Sir Francis Kinaston"
mdp.39015016452180,1964,1960,BK,uk,UNLABELED,4,000584846,"Religio medici, and other works. Edited by L.C. Martin."
mdp.39015016716105,1964,1960,BK,uk,UNLABELED,1,000477919,Ship on the beach; [poems]
mdp.39015016892757,1968,1960,BK,uk,UNLABELED,1,000629013,Towards silence.
mdp.39015016966940,1962,1960,BK,uk,UNLABELED,1,001843173,"The early English versions of the Gesta Romanorum / formerly edited by Sir Frederic Madden for the Roxburghe Club, and n"
mdp.39015017343487,1964,1960,BK,uk,UNLABELED,1,002001635,Diffusion models in population genetics.
mdp.39015021263614,1962,1960,BK,uk,UNLABELED,1,001627930,Scottish cars; their history and a descriptive guide to a few of those which survive.
mdp.39015021654440,1963,1960,BK,uk,UNLABELED,1,001615073,Ace enginemen.
mdp.39015022450285,1969,1960,BK,uk,UNLABELED,1,001621510,Standing orders and regulations for the Army in Ireland.
mdp.39015022661063,1960,1960,BK,uk,UNLABELED,1,001150899,Outlines of local government of the United Kingdom / by John J. Clarke.
mdp.39015027239931,1966,1960,BK,uk,UNLABELED,1,000187094,The press in Africa: communications past and present.
mdp.39015027327983,1964,1960,BK,uk,UNLABELED,1,000109397,The Roman fort at Castledykes / [by] Anne S. Robertson.
mdp.39015032323001,1960,1960,BK,uk,UNLABELED,1,001970738,East African explorers / Selected and introduced by Charles Richards and James Place.
mdp.39015033402689,1961,1960,BK,uk,UNLABELED,2,001800188,"Wonderful clouds, a novel, by Françoise Sagan [pseud.] Translated by Anne Green."
mdp.39015033901144,1966,1960,BK,uk,UNLABELED,1,001175581,"Library and educational supply in bookselling, with some notes on the future of the trade in general."
mdp.39015034553589,1963,1960,BK,uk,UNLABELED,1,001761760,"Concerning booklabels / [By] Philip Beddingham, Will Carter [and] Reynolds Stone."
mdp.39015034982606,1965,1960,BK,uk,UNLABELED,1,000430634,"On drawing an object; an inaugural lecture delivered at University College, London, 1 December 1964."
mdp.39015037505560,1969,1960,BK,uk,UNLABELED,2,001565038,Marriage and fertility of women suffering from schizophrenia or affective disorders / by Barbara C. Stevens.
mdp.39015039637999,1969,1960,BK,uk,UNLABELED,2,001862054,The memoirs of Prota Matijpa Nenadovic / edited and translated from the Serbian by Lovett F. Edwards.
mdp.39015046343169,1966,1960,BK,uk,UNLABELED,1,001239598,"The Ottoman Empire and its successors, 1801-1927: being a revised and enlarged edition of ""The Ottoman Empire, 1801-1913"
mdp.39015049054136,1963,1960,BK,uk,UNLABELED,1,002001602,Veterinary protozoology / By U. F. Richardson and S. B. Kendall.
mdp.39015049418224,1962,1960,BK,uk,UNLABELED,1,001919690,Science and human perspectives.
mdp.39015053257658,1965,1960,BK,uk,UNLABELED,2,002431636,Random processes and the growth of firms; a study of the Pareto law / [by] Josef Steindl.
mdp.39015053274000,1967,1960,BK,uk,UNLABELED,1,000154512,Peeblesshire: an inventory of the ancient monuments.
mdp.39015057645064,1968,1960,BK,uk,UNLABELED,1,003883787,The tropical grasslands / W.G. Moore.
mdp.39015060413393,1960,1960,BK,uk,UNLABELED,1,001662793,Anything but action?
mdp.39015065612742,1969,1960,BK,uk,UNLABELED,3,001259661,Tumbled house: the Congo at independence / [by] Ian Scott.
mdp.39015065780036,1967,1960,BK,uk,UNLABELED,1,000350712,Piedmont and the English.
mdp.39015065857065,1967,1960,BK,uk,UNLABELED,1,000443920,A Territorial soldier's war.
mdp.39015065945852,1964,1960,BK,uk,UNLABELED,2,001593049,The Beginnings of nonconformity / by Geoffrey F. Nuttall [and others]
mdp.39015068089930,1966,1960,BK,uk,UNLABELED,1,001609588,The stolen desert a study of Uhuru in North East Africa / [by] the Earl of Lytton.
mdp.39015072145389,1960,1960,BK,uk,UNLABELED,1,001576716,An introduction to human blood groups.
mdp.39015072227864,1964,1960,BK,uk,UNLABELED,1,002069346,How to interpret pleuropulmonary radiology / by L. Babaiantz [and] F. Cardis. With a foreword by E. Rist.
mdp.39076005099804,1965,1960,BK,uk,UNLABELED,1,009905184,"Modern English biography: containing many thousand concise memoirs of persons who have died between the years 1851-1900,"
mdp.39076005468595,1968,1960,BK,uk,UNLABELED,2,009907652,The western Greeks : the history of Sicily and South Italy from the foundation of the Greek colonies to 480 B.C. / by T.
mdp.39076006383082,1964,1960,BK,uk,UNLABELED,2,009914948,Semiconductor thermoelectric devices / A. I. Burshteyn ; translated from the Russian by A. Tybulewicz ; edited by S. Cho
mdp.49015000430794,1967,1960,BK,uk,UNLABELED,2,004425017,"The growth of political stability in England: 1675-1725, [by] J.H. Plumb."
mdp.49015001215046,1967,1960,BK,uk,UNLABELED,1,004504475,The coming of the barbarians : a story of Western settlement in Japan 1853-1870 / Pat Barr.
nyp.33433044783466,1960,1960,BK,uk,UNLABELED,1,102783396,Man and his ancestry.
nyp.33433100962095,1969,1960,BK,uk,UNLABELED,1,103056667,Gold and silver treasures of ancient Italy / text by Carlo Carducci.
osu.32435003891843,1961,1960,BK,uk,UNLABELED,1,102618895,"The Creator and the creature, or, The wonders of divine love / by Frederick William Faber ; with a preface by Ronald Cha"
osu.32435070821640,1962,1960,BK,uk,UNLABELED,1,100875659,"Caxton's Eneydos, 1490. Englished from the French Liure des Eneydes, 1483. Edited by W. [i.e. M.] T. Culley and F.J. Fur"
rul.39030012393064,1963,1960,BK,uk,UNLABELED,2,000409429,The world of architecture / L. Esher.
uc1.$b103518,1960,1960,BK,uk,UNLABELED,1,006602436,The fall and rise of Alfried Krupp.
uc1.$b120255,1968,1960,BK,uk,UNLABELED,1,006611795,The day of the feast: a novel.
uc1.$b120391,1967,1960,BK,uk,UNLABELED,1,006611892,The burning stone [by] Paul A. Friesen.
uc1.$b146775,1968,1960,BK,uk,UNLABELED,1,006628341,Little boxes.
uc1.$b382946,1966,1960,BK,uk,UNLABELED,1,009453816,The illuminator: a tribute to Albert Cousins.
uc1.$b396001,1967,1960,BK,uk,UNLABELED,1,009383544,The accursed: two diabolical tales; translated from the French by Bernard Wall; foreword by Lawrence Durrell.
uc1.$b453193,1965,1960,BK,uk,UNLABELED,2,001226959,Beatrice Cenci.
uc1.$b470337,1968,1960,BK,uk,UNLABELED,1,009006932,"The starlit corridor; modern science fiction, short stories, and poems."
uc1.$b567181,1966,1960,BK,uk,UNLABELED,2,001199091,Character: a novel of father and son / [by] F. Bordewijk; translated by E.M. Prince.
uc1.$b742428,1967,1960,BK,uk,UNLABELED,1,008230870,"Portraits of power: an introduction to twentieth-century history, by S. E. Ayling."
uc1.$b803517,1969,1960,BK,uk,UNLABELED,3,001375132,Rebel / [illustrations by Taj Ahmed].
uc1.31822004626008,1967,1960,BK,uk,UNLABELED,1,008512466,Matisse
uc1.31822011224227,1966,1960,BK,uk,UNLABELED,1,001500928,"Fish and fisheries of Australia, by T. C. Roughley"
uc1.31822014226278,1969,1960,BK,uk,UNLABELED,1,007156206,"Mathematical techniques for engineers and scientists, by B. C. Kahan"
uc1.31822014295588,1968,1960,BK,uk,UNLABELED,1,008705880,60 years of British hits 1907-1968. [i.e. 1907-1966]
uc1.31822017024845,1964,1960,BK,uk,UNLABELED,3,001915602,The philosophical works
uc1.32106001097903,1968,1960,BK,uk,UNLABELED,1,001648568,Europe: the price is too high
uc1.b000995154,1962,1960,BK,uk,UNLABELED,1,102144993,"The Louvre; sculpture, ceramics, objets d'art. Text by Maximilien Gauthier. [Translated from the French by Kenneth Marti"
uc1.b2801097,1963,1960,BK,uk,UNLABELED,1,007315446,"The gentleman saint: St. François de Sales and his times, 1567-1622."
uc1.b2802094,1963,1960,BK,uk,UNLABELED,1,007316138,Shining lights; six Anglican saints of the 19th century.
uc1.b2802311,1964,1960,BK,uk,UNLABELED,1,007316293,Selected poems / Léopold Sédar Senghor ; translated and introduced by John Reed and Clive Wake.
uc1.b2820997,1963,1960,BK,uk,UNLABELED,1,007307957,"The proof of the poison ... A play in three acts, by Falkland L. Cary and Philip Weathers."
uc1.b2826803,1967,1960,BK,uk,UNLABELED,1,001025373,The golden lyric: an essay on the poetry of Hugh MacDiarmid.
uc1.b2838581,1968,1960,BK,uk,UNLABELED,1,007322117,A literary lion.
uc1.b3308624,1969,1960,BK,uk,UNLABELED,1,010052980,"Bell's edition of Shakespeare's plays, 1774"
uc1.b3326613,1968,1960,BK,uk,UNLABELED,1,001609555,To the Central African lakes and back: the narrative of the Royal Geographical Society's East Central African Expedition
uc1.b3377383,1968,1960,BK,uk,UNLABELED,1,000976331,Western India in the nineteenth century: a study in the social history of Maharashtra.
uc1.b3481203,1963,1960,BK,uk,UNLABELED,1,006663498,Strike to defend : a book about some of the men who served in R.A.F. Bomber Command during World War II / by Nigel Walke
uc1.b3547253,1965,1960,BK,uk,UNLABELED,2,001016276,"The crazy fabric; essays in irony, by A. E. Dyson."
uc1.b3567786,1967,1960,BK,uk,UNLABELED,1,006676164,The filmgoer's companion; with a foreword by Alfred Hitchcock.
uc1.b3724838,1966,1960,BK,uk,UNLABELED,1,010153669,"The biology of mental defect, by L.S. Penrose. With a pref. by J.B.S. Haldane. Completely rev. with the assistance of J."
uc1.b3763719,1967,1960,BK,uk,UNLABELED,1,001491286,The mathematical approach to biology and medicine / [by] Norman T. J. Bailey.
uc1.b3959750,1968,1960,BK,uk,UNLABELED,2,001610149,"Affairs of West Africa, by E. D. Morel."
uc1.b4019632,1969,1960,BK,uk,UNLABELED,1,009658635,"XXIst International Congress of Pure and Applied Chemistry: congress lectures presented in Prague, Czechoslovakia 4-9 Se"
uc1.b4097390,1964,1960,BK,uk,UNLABELED,4,001024481,Letters / Edited by Frederick L. Jones.
uc1.b4104159,1965,1960,BK,uk,UNLABELED,1,000357228,The true confession of George Barker.
uc1.b4105584,1961,1960,BK,uk,UNLABELED,1,006156383,Zadkine.
uc1.b4127822,1968,1960,BK,uk,UNLABELED,4,001114741,Machines and perception in industrial design / [by] W. H. Mayall.
uc1.b4243928,1962,1960,BK,uk,UNLABELED,1,001384114,"Commonplace book, 1919-1953. Edited by Casimir Lewy."
uc1.b4245551,1969,1960,BK,uk,UNLABELED,1,009522848,Essays in modern economic development: selected papers read to Section F of the British Association for the Advancement 
uc1.b4260211,1961,1960,BK,uk,UNLABELED,1,000975345,"Joseph Ashby of Tysoe, 1859-1919, a study of English village life."
uc1.b4328241,1968,1960,BK,uk,UNLABELED,1,010077828,The ancient stones of Scotland
uc1.b4432034,1967,1960,BK,uk,UNLABELED,1,009517019,Money international.
uc1.b4478698,1965,1960,BK,uk,UNLABELED,3,001554083,The neuroendocrine control of adaptation / by K. Lissák and E. Endröczi.
uc1.b4499652,1962,1960,BK,uk,UNLABELED,1,010089291,More years under the earth.
uc1.b4918791,1969,1960,BK,uk,UNLABELED,1,001117378,James Mill on education; edited by W. H. Burston.
uc1.b4925352,1967,1960,BK,uk,UNLABELED,1,009504214,Franciscan history and legend in English mediaeval art; edited by A. G. Little.
ufl.35051005495892,1969,1960,BK,uk,UNLABELED,1,103067190,Repositories in Poland.
uiug.30112014202284,1961,1960,BK,uk,UNLABELED,1,102558702,"The pageant of Greece, edited by R. W. Livingstone."
uiug.30112019174967,1960,1960,BK,uk,UNLABELED,1,103201758,Cacti [by] Walter Kupper [and] Pia Roshardt. Translated and edited by Vera Higgins.
uiug.30112026824257,1963,1960,BK,uk,UNLABELED,1,102501491,"Geology of the country around Kettering, Corby and Oundle / by J.H. Taylor, with contributions by J.E. Prentice ... [et "
uiug.30112076232849,1962,1960,BK,uk,UNLABELED,1,101686105,Short guide to the Snowdonia National Forest Park.
uiug.30112089624586,1969,1960,BK,uk,UNLABELED,1,102852745,Building maintenance conference papers.
uiug.30112098008938,1963,1960,BK,uk,UNLABELED,2,000409076,Patrons and painters; a study in the relations between Italian art and society in the age of the baroque.
umn.319510000080918,1969,1960,BK,uk,UNLABELED,1,007479870,"The design of small gardens, by C. E. Lucas Phillips."
umn.319510000237159,1962,1960,BK,uk,UNLABELED,1,001657130,"The plant cell wall; a topical study of architecture, dynamics, comparative chemistry and technology in a biological sys"
umn.31951000062525v,1963,1960,BK,uk,UNLABELED,1,009470686,British ticks.
umn.319510005294857,1962,1960,BK,uk,UNLABELED,1,007395386,"Metallurgical principles for engineers; the control, manufacture, manipulation and use of metals."
umn.31951d01720999d,1960,1960,BK,uk,UNLABELED,1,008880573,The Revolution in philosophy / by A. J. Ayer [and others]; with an introduction by Gilbert Ryle.
umn.31951p00915324v,1969,1960,BK,uk,UNLABELED,1,102188410,A list of the main classes of records / [Maurice Bond].
uva.x000199260,1967,1960,BK,uk,UNLABELED,3,000008947,Akwẽ-Shavante society.
uva.x000303874,1969,1960,BK,uk,UNLABELED,1,007925331,Marriage among the Trio: a principle of social organisation.
uva.x000352785,1961,1960,BK,uk,UNLABELED,1,102024049,"Suddenly, at Singapore / by Gavin Black [i.e. O. Wynd]."
uva.x000361929,1966,1960,BK,uk,UNLABELED,2,000607299,A social history of the French Revolution / by Norman Hampson.
uva.x000603052,1966,1960,BK,uk,UNLABELED,1,102020168,"The Determination of crystal structure, by H. Lipson and W. Cochran."
uva.x001639249,1961,1960,BK,uk,UNLABELED,3,001464322,Moriz von Craûn and the chivalric world.
uva.x002028831,1965,1960,BK,uk,UNLABELED,1,101926602,Johannes Vermeer 1632-1675 / Sir Herbert Read.
uva.x030154222,1960,1960,BK,uk,UNLABELED,1,101953705,Edward Capell and his edition of Shakespeare.
wu.89001228451,1968,1960,BK,uk,UNLABELED,1,008986346,The Germans: an Englishman's notebook [by] Alan G. Jones.
wu.89008085961,1967,1960,BK,uk,UNLABELED,1,007971767,"The sacrifice, and other poems; translated from the Spanish."
wu.89032402554,1966,1960,BK,uk,UNLABELED,1,005832573,Advanced electric circuits.
wu.89038869145,1966,1960,BK,uk,UNLABELED,1,005875597,Large bored piles: proceedings of the symposium organized by the Institution of Civil Engineers and the Reinforced Concr
wu.89041261827,1969,1960,BK,uk,UNLABELED,1,007526335,"Famous historical mysteries, [by] Leonard Gribble."
wu.89046866596,1963,1960,BK,uk,UNLABELED,2,005762164,Work study / by R. M. Currie. With a foreword by Sir Ewart Smith.
wu.89058796145,1961,1960,BK,uk,UNLABELED,1,010023565,The rock gardeners' bedside book : for those who love the plants of the hills.
iau.31858047535103,1960,1960,BK,us,AGRICULTURAL,1,102973247,Seminar on Consumer Preferences and Market Development for Farm Products : [papers] / Sponsored by the Center for Agricu
mdp.39015019349466,1968,1960,BK,us,AGRICULTURAL,1,001315601,"Observations on the means of exciting a spirit of national industry : chiefly intended to promote the agriculture, comme"
mdp.39015074658363,1963,1960,BK,us,AGRICULTURAL,1,002013410,"Proceedings; the inaugural event commemorating the 100th anniversary of the United States Department of Agriculture, May"
txa.taeb158332,1960,1960,BK,us,AGRICULTURAL,1,101800505,"Vegetable gardening / Bluefford G. Hancock, Extension Horticulturist."
uc1.b4838348,1964,1960,BK,us,AGRICULTURAL,1,102703136,The effects of United States agricultural surplus disposal programs on recipient countries; an interregional publication
coo.31924000249494,1963,1960,BK,us,CATALOG,1,009124366,Catalogue of Eimeriidea (Protozoa; Sporozoa)
mdp.39015015674883,1967,1960,BK,us,CATALOG,1,001469704,The collected prints of Ben Shahn / The catalogue by Kneeland McNulty. An essay & commentary by the artist.
uc1.32106012316847,1960,1960,BK,us,CATALOG,1,007138601,"Berthe Morisot, drawings, pastels, watercolors. [An exhibition] Introduction by Elizabeth Mongan.  Preface by Denis Roua"
uc1.c044977119,1960,1960,BK,us,CATALOG,1,100833930,"American missionaries in China; books, articles and pamphlets extracted from the subject catalogue of the Missionary Res"
hvd.hn3ig4,1969,1960,BK,us,GENERAL_PERIODICAL,1,102709213,"Rienzi, the last of the Roman tribunes / by Edward Bulwer Lytton."
inu.30000121181337,1967,1960,BK,us,GENERAL_PERIODICAL,1,008866493,"Average circulation and rate trends of leading magazines, 1946-1966."
mdp.39015033904577,1968,1960,BK,us,GENERAL_PERIODICAL,1,001010084,Masterplots; comprehensive library edition: two thousand and ten plot stories and essay reviews from the world's fine li
mdp.39015066650956,1964,1960,BK,us,GENERAL_PERIODICAL,1,001013021,The student journalist and sports reporting.
mdp.39076001092183,1968,1960,BK,us,GENERAL_PERIODICAL,1,009916526,Harvard business review library.
umn.31951000071436t,1961,1960,BK,us,GENERAL_PERIODICAL,1,100958688,Comprehensive review of nursing.
mdp.39015030467644,1963,1960,BK,us,GOVDOC,1,001312343,"Science, technology, and development : United States papers prepared for the United Nations Conference on the Applicatio"
mdp.39015001508459,1965,1960,BK,us,JUVENILE,2,000976754,Nobody said it's easy; a practical guide to feelings and relationships for young people and their parents. Illustrated b
mdp.39015005881894,1964,1960,BK,us,JUVENILE,1,000241720,Eighth moon : the true story of a young girl's life in Communist China / by Sansan as told to Bette Lord.
hvd.32044125525493,1964,1960,BK,us,LEGAL,2,001140809,The Constitution of the United States of America; analysis and interpretation. Annotations of cases decided by the Supre
mdp.35128001033446,1969,1960,BK,us,LEGAL,1,005321510,Danger : pitfalls ahead : a discussion of legal and ethical problems facing the commercial banker in today's changing so
umn.31951002635424i,1965,1960,BK,us,LEGAL,1,010436006,"Illinois pattern jury instructions: civil, IPI / prepared by the Illinois Supreme Court Committee on Jury Instructions."
inu.30000001393929,1965,1960,BK,us,MEDICAL,1,007989686,Magic and medical science in ancient Egypt / by Paul Ghalioungui.
inu.39000008733516,1969,1960,BK,us,MEDICAL,1,007992977,Development of construction and use criteria for sanitary landfills : interim report / prepared by County of Los Angeles
mdp.39015003842955,1962,1960,BK,us,MEDICAL,1,002076821,Psychopathology and psychiatry; selected works / Compiled by Y. Popov and L. Rokhlin. Translated by D. Myshne and S. Bel
mdp.39015004378140,1967,1960,BK,us,MEDICAL,1,001502812,The baboon in medical research : proceedings / edited with a foreword by Harold Vagtborg.
mdp.39015011686659,1961,1960,BK,us,MEDICAL,1,000607317,The anatomy of glory : Napoleon and his guard : a study in leadership / With illus. and maps. Adapted from the French by
mdp.39015022090032,1964,1960,BK,us,MEDICAL,1,001560260,The hospital medical staff / by Charles U. Letourneau.
mdp.39015053366681,1961,1960,BK,us,MEDICAL,1,002077643,"Medical dictionary; a vocabulary of medicine and its allied sciences, with pronunciations and derivations ... / Consulti"
mdp.39015072217782,1968,1960,BK,us,MEDICAL,2,002067603,Immunopathology ... Mechanisms of inflammation induced by immune reactions. [Proceedings] / Edited by Peter A. Miescher 
mdp.39015077094236,1963,1960,BK,us,MEDICAL,1,001742488,"Proceedings / By Tulane University School of Social Work in cooperation with the Louisiana State Board of Health, as a c"
uc1.x29597,1969,1960,BK,us,MEDICAL,1,101855564,Occupational and therapeutic contingencies of ambulance services in metropolitan areas.
umn.319510001332392,1962,1960,BK,us,MEDICAL,1,100952630,"An outline of fluid and electrolyte metabolism / [by] Rex B. Conn, Gerald T. Evans, Edmund B. Flink and others; a teachi"
wu.89038806105,1962,1960,BK,us,MILITARY,1,005802120,"Proceedings of the [national meeting on] hydrofoils and air cushion vehicles, Washington, D.C., September 17-18, 1962.  "
coo.31924029742826,1969,1960,BK,us,REFERENCE,1,012239871,"Burke's Texas almanac, and immigrant's hand book for 1879. A facsim. reproduction of the 1879 ed., with an introd. by Do"
mdp.39015000199615,1965,1960,BK,us,REFERENCE,1,001062617,The complete ski handbook / illustrations are by Don Lupo.
mdp.39015005358182,1963,1960,BK,us,REFERENCE,1,001307410,Palgrave's Dictionary of political economy. Edited by Henry Higgs.
mdp.39015016327325,1965,1960,BK,us,REFERENCE,1,001183538,"The new Wildhagen German dictionary; German-English, English-German; an encyclopedic and strictly scientific representat"
mdp.39015026923840,1965,1960,BK,us,REFERENCE,1,001177253,Introduction to the history of the muslim East: a bibliographical guide.
mdp.39015032018718,1969,1960,BK,us,REFERENCE,1,001188440,Walt Whitman's journalism; a bibliography.
mdp.39015034720147,1964,1960,BK,us,REFERENCE,1,001178698,A bibliography of international business / compiled by Charles F. Stewart and George B. Simmons.
mdp.39015039140929,1968,1960,BK,us,REFERENCE,1,001454109,The golden encyclopedia of music / With a 24-page color section on instruments by Emanuel Winternitz.
mdp.39015039410454,1964,1960,BK,us,REFERENCE,1,001882707,"Abstracts of research on instructional television and film, an annotated bibliography / by Donald W. MacLennan [and] J. "
mdp.39015066040018,1967,1960,BK,us,REFERENCE,1,001595891,Short dictionary of archaeology / Walter Cozens and Robert Harold Goodsall.
mdp.39015071441490,1967,1960,BK,us,REFERENCE,1,003262301,Preliminary index to the United Auto Workers oral history.
mdp.39015084402653,1965,1960,BK,us,REFERENCE,1,007024809,"Council-manager government, 1940-64 : an annotated bibliography / compiled by David A. Booth."
pst.000006727468,1967,1960,BK,us,REFERENCE,1,009812315,Handbook for New Mexico mayors and councilmen / by F. D. Freedle.
rul.39030020934396,1961,1960,BK,us,REFERENCE,1,102963646,"The junior Jewish encyclopedia / edited by Naomi Ben-Asher [and] Hayim Leaf. Louis L. Ruffman, educational consultant ; "
uc1.32106002842612,1961,1960,BK,us,REFERENCE,2,000633925,St. Thomas More: a preliminary bibliography of his works and of Moreana to the year 1750. With a bibliography of Utopian
uc1.b3944149,1962,1960,BK,us,REFERENCE,2,004404247,American political terms; an historical dictionary / [by] Hans Sperber and Travis Trittschuh.
uc1.b4164840,1969,1960,BK,us,REFERENCE,1,010064999,The digital logic handbook; Flip Chip modules.
uc1.b4399742,1961,1960,BK,us,REFERENCE,2,001578795,Manual of refraction.
uva.x000749028,1961,1960,BK,us,REFERENCE,1,001966572,McGraw-Hill encyclopedia of Russia and the Soviet Union. Editor: Michael T. Florinsky; consultants: Harry Schwartz [and 
wu.89031192370,1967,1960,BK,us,REFERENCE,1,001491253,Directory of bioscience departments in the United States and Canada. Compiled under the direction of J. David Lockard.
wu.89046373676,1967,1960,BK,us,REFERENCE,1,005791920,"IEEE transformer and inductor bibliography, June 1967."
bc.ark:/13960/t12n7md8k,1965,1960,BK,us,RELIGIOUS,1,100152694,Declaration on religious freedom.
hvd.32044017393240,1968,1960,BK,us,RELIGIOUS,2,000389484,The problem of Christianity / With a new introd. by John E. Smith.
mdp.39015003499913,1966,1960,BK,us,RELIGIOUS,1,001936661,"The Christian future; or, The modern mind outrun / Introd. by Harold Stahmer."
mdp.39015004557933,1968,1960,BK,us,RELIGIOUS,2,000816125,"The systems approach, by C. West Churchman."
mdp.39015013708568,1961,1960,BK,us,RELIGIOUS,2,001391334,Religious knowledge / by Paul F. Schmidt.
mdp.39015016463310,1965,1960,BK,us,RELIGIOUS,1,001439393,Twenty-one years / Randolph S. Churchill.
mdp.39015026313992,1966,1960,BK,us,RELIGIOUS,1,001415693,The new church; essays in Catholic reform / [by] Daniel Callahan.
pst.000008113450,1967,1960,BK,us,RELIGIOUS,1,102375034,"Move over, Elijah : sermons in poetry and prose / by Arthur O. Roberts."
uc1.$b785638,1968,1960,BK,us,RELIGIOUS,1,009519171,Fundamental concepts of moral theology. Translated by William Jerman.
uc1.31822013147517,1962,1960,BK,us,RELIGIOUS,1,008544369,Egyptian wall paintings from tombs and temples. Introd. by Christiane Desroches-Noblecourt
ufl.31262082867556,1960,1960,BK,us,RELIGIOUS,1,000005509,"Institutes of the Christian religion. Edited by John T. McNeill. Translated by Ford Lewis Battles, in collaboration with"
umn.31951001544439j,1968,1960,BK,us,RELIGIOUS,1,007473807,Episcopal colleges; a case for church relationship in education [by] John E. Hines.
uva.x000371248,1966,1960,BK,us,RELIGIOUS,1,001747880,Early Christian and Byzantine political philosophy: origins and background.
umn.31951p01185178m,1962,1960,BK,us,TRADE,1,102384042,"Minnesota Retail Dealer Conferences : Seed, fertilizer, agricultural chemicals, 1962."
coo.31924000585046,1962,1960,BK,us,UNLABELED,1,009108146,Changing Thai society : a study of the impact of urban cultural traits and behavior upon rural Thailand / by Paitoon Cru
coo.31924001140270,1963,1960,BK,us,UNLABELED,1,009372342,On the operator equation AX=XB.
coo.31924002279705,1967,1960,BK,us,UNLABELED,1,009870993,Teacher negotiations as perceived by school board members.
coo.31924002324717,1961,1960,BK,us,UNLABELED,1,103209082,The Latin American Union Leadership Training Program of the Labor Relations Institute of the University of Puerto Rico.
coo.31924002888992,1969,1960,BK,us,UNLABELED,1,009200577,The physical characterization of Chrysanthemum morifolium plant water stress.
coo.31924003033101,1961,1960,BK,us,UNLABELED,1,009110415,Root growth and soil moisture relationships as affected by different irrigation practices.
coo.31924003129305,1968,1960,BK,us,UNLABELED,1,009066810,The isolation and characterization of avian-liver phosphoenolpyruvatecarboxykinase.
coo.31924003172719,1962,1960,BK,us,UNLABELED,1,009110874,Photosynthetic C14O2 fixation by intact chloroplasts and broken chloroplast systems.
coo.31924003248824,1966,1960,BK,us,UNLABELED,1,009201012,The effect on growth and depot fat of corn oil in the diet of lambs.
coo.31924003655614,1967,1960,BK,us,UNLABELED,1,009059738,"The Illinois angler; a survey of 1965 Illinois licensed fishermen, by A. C. Lopinot."
coo.31924003715962,1966,1960,BK,us,UNLABELED,1,009201566,An attempt to develop an in vitro bioassay for pituitary luteinizing hormone.
coo.31924003866948,1964,1960,BK,us,UNLABELED,1,009226123,Rhombus and isosceles triangle torsion and plate problems solved by point matching.
coo.31924003877309,1968,1960,BK,us,UNLABELED,1,009217835,Proposal for investigation of multi-spectral remote sensing techniques for the analysis of ecosystems; proposal to Natio
coo.31924003893876,1965,1960,BK,us,UNLABELED,1,010004258,Elastic electron-proton scattering at forward angles.
coo.31924003898693,1969,1960,BK,us,UNLABELED,1,009226279,PCAP: The Princeton circuit analysis program. Users manual.
coo.31924003908997,1965,1960,BK,us,UNLABELED,1,010004353,Incorporation of magnesium into porphyrins.
coo.31924003969122,1968,1960,BK,us,UNLABELED,1,009226793,Computational methods in distributed parameter systems.
coo.31924003994997,1968,1960,BK,us,UNLABELED,1,009880408,Mathematical analysis of geomorphic relationships. Prepared by D. R. Beuerman.
coo.31924004039628,1967,1960,BK,us,UNLABELED,1,009227311,The corrosion of a high strength steel in a liquid environment.
coo.31924004066100,1962,1960,BK,us,UNLABELED,1,009227400,The linear theory of signal-to-noise ratio in backward-wave oscillators.
coo.31924004100693,1963,1960,BK,us,UNLABELED,1,010005403,Stark effects in paramagnetic resonance.
coo.31924004660084,1966,1960,BK,us,UNLABELED,1,009213344,Investigation of the laser-stimulated deposition of thin films; Project DEFT.
coo.31924004697805,1965,1960,BK,us,UNLABELED,1,009373665,The effect of asphalt penetration and strain rate on the stability of bituminous concrete as measured by the triaxial te
coo.31924013067719,1964,1960,BK,us,UNLABELED,1,009134989,Three standardized tests as predictors of academic success in the Ithaca Senior High School.
coo.31924013102268,1961,1960,BK,us,UNLABELED,1,009075280,An examination of world geography for the ninth grade.
coo.31924013724079,1962,1960,BK,us,UNLABELED,1,009075889,"Proceedings; presented by the University of Virginia Division of Extension and General Studies, in cooperation with Regi"
coo.31924013836634,1965,1960,BK,us,UNLABELED,1,009196711,An empirical study of the relationship between systemic linkage of community to society and psychiatric disorder.
coo.31924014092492,1965,1960,BK,us,UNLABELED,1,009062785,Effective communication with adolescents in institutions.
coo.31924014572204,1968,1960,BK,us,UNLABELED,1,009064131,"A perspective of regional and state marine environmental activities: a questionnaire survey, statistics and observations"
coo.31924022035780,1969,1960,BK,us,UNLABELED,1,100227329,Tales of fantasy and fact.
coo.31924022301646,1968,1960,BK,us,UNLABELED,1,010008214,The influence of some operating conditions on the resolution of various gas chromatographic columns.
coo.31924022301976,1969,1960,BK,us,UNLABELED,1,010008234,The rate of production and reactivity of vibrationally hot but translationally cold methyl chloride.
coo.31924050514995,1960,1960,BK,us,UNLABELED,1,009173721,Vegetable diseases and their control [by] Charles Chupp and Arden F. Sherf.
coo.31924050775307,1969,1960,BK,us,UNLABELED,1,009126767,How much is good health worth? / Vincent Taylor.
coo.31924054673276,1967,1960,BK,us,UNLABELED,1,009176678,Inheritance of resistance to powdery mildew in Cucumis melo / by Richard Roland Harwood.
coo.31924055374304,1968,1960,BK,us,UNLABELED,1,009196406,The effect of natural small-scale geologic features on the concepts of fluvial geology among fifth and sixth grade child
dul1.ark:/13960/t7sn5h70n,1964,1960,BK,us,UNLABELED,1,102130165,Utopia. Edited with introd. and notes by Edward Surtz.
hvd.32044032231847,1962,1960,BK,us,UNLABELED,1,102741961,"An analysis of the property tax laws of Texas with regard to definitions of property, rendition, assessment, equalizatio"
hvd.32044043467489,1969,1960,BK,us,UNLABELED,2,100343985,"A journey to the Rocky Mountains in the year 1839. Translated from the German, with a sketch of the author's life, by Fr"
hvd.32044081976854,1961,1960,BK,us,UNLABELED,1,102667529,"Examination of the prices paid for certain jet engine components purchased from Bendix Aviation Corporation, South Bend,"
ien.35556002710176,1964,1960,BK,us,UNLABELED,1,010614057,"The worldly philosophers : the lives, times, and ideas of the great economic thinkers."
ien.35556020257226,1965,1960,BK,us,UNLABELED,1,010652461,A model of the maximum generation of traffic to planned shopping centers / John W. Dickey.
ien.35556021309208,1968,1960,BK,us,UNLABELED,1,010617967,The structure of networks and network flows / by Leslie Peter Cummings.
ien.35556021318993,1969,1960,BK,us,UNLABELED,1,010629906,Seminar: metropolitan transportation and the mobility of the poor.
ien.35558002538300,1967,1960,BK,us,UNLABELED,1,010597163,A report to the director on mental retardation programs in Illinois / prepared by William Sloan.
inu.30000079557546,1964,1960,BK,us,UNLABELED,1,007586262,Man and superman : notes / by James K. Lowers.
inu.30000088627371,1965,1960,BK,us,UNLABELED,1,009800722,"Viral diseases of poikilothermic vertebrates/ conference co-chairmen, Stanislas F. Snieszko, Ross F. Nigrelli, Ken Wolf "
inu.30000118517519,1965,1960,BK,us,UNLABELED,1,001276541,Folktales of Hungary. Translated by Judit Halász.
inu.32000007030226,1967,1960,BK,us,UNLABELED,1,007827272,Model charter for Oregon cities; mayor-council form of government.
inu.39000000835335,1961,1960,BK,us,UNLABELED,2,006042288,"Rome [by] Y. and E. R. Labande.  Translated and adapted by George Millard, with 205 heliograph illustrations.  Cover pai"
inu.39000003679433,1962,1960,BK,us,UNLABELED,1,006067939,Combat: the war with Japan. Introd. by Richard Tregaskis.
inu.39000003688822,1966,1960,BK,us,UNLABELED,1,006014787,"The Books of Haggai, Zechariah, Malachi, Joel, and Second Zechariah / introduction and commentary by George Denzer."
inu.39000005889063,1965,1960,BK,us,UNLABELED,2,001392275,The city of the gods; a study in myth & mortality.
inu.39000005915033,1968,1960,BK,us,UNLABELED,2,001613495,"The New World Dutch barn; a study of its characteristics, its structural system, and its probable erectional procedures."
loc.ark:/13960/t4xg9md3s,1964,1960,BK,us,UNLABELED,1,009571743,"Cherokee Indian family history records by the name of Brown, back to 1835, in the United States."
mdp.35112101222257,1963,1960,BK,us,UNLABELED,1,010409154,Common grain price.
mdp.35112104171899,1967,1960,BK,us,UNLABELED,1,011739209,Small business financing library / edited by Jay V. Grimm [and] Robert L. Knauss ; contributing editor: Bernard Goodwin.
mdp.35128000176386,1967,1960,BK,us,UNLABELED,1,005303869,Management controls in a growing enterprise / edited by James A. Cashin.
mdp.35128000202828,1963,1960,BK,us,UNLABELED,1,005305551,Leadership in the office; guidelines for office supervisors / Contributors: Richard B. Blomfield [and others] Robert E. 
mdp.35128000771996,1968,1960,BK,us,UNLABELED,1,005299944,Real estate appraisal desk book / [by] Robert W. Winstead.
mdp.35128000792760,1965,1960,BK,us,UNLABELED,1,005300936,How to increase the investment return of pension and welfare funds.
mdp.39015000289812,1968,1960,BK,us,UNLABELED,2,001557588,Chinese medicine / [by] Pierre Huard and Ming Wong. Translated from the French by Bernard Fielding.
mdp.39015000315476,1968,1960,BK,us,UNLABELED,1,000002748,Galen on the usefulness of the parts of the body. Peri chreias moriōn. (romanized form) De usu partium / Translated from
mdp.39015000497894,1967,1960,BK,us,UNLABELED,1,001042830,"Mixing in the chemical and allied industries, 1967 / John Randolph."
mdp.39015000545882,1965,1960,BK,us,UNLABELED,1,001376497,Pericles on 31st Street / Harry Mark Petrakis.
mdp.39015000605041,1966,1960,BK,us,UNLABELED,1,001377090,The eagle and his egg.
mdp.39015000627383,1968,1960,BK,us,UNLABELED,1,000589413,There's a little ambiguity over there among the bluebells : and other theater poems / by Ruth Krauss ; graphics by Maril
mdp.39015000664956,1968,1960,BK,us,UNLABELED,2,001438112,"Craters of the spirit; studies in the modern novel / by Nathan A. Scott, Jr."
mdp.39015000802606,1968,1960,BK,us,UNLABELED,1,001574832,Working with others for patient care.
mdp.39015000810237,1966,1960,BK,us,UNLABELED,2,001555466,"Structure and functions of contractile proteins / Boris F. Poglazov ; revisions, additions, and a foreword to the Englis"
mdp.39015000816168,1967,1960,BK,us,UNLABELED,1,001574335,Nursing and ritualistic practice. [by] Virginia H. Walker.
mdp.39015000820525,1968,1960,BK,us,UNLABELED,2,001555651,"Bile pigments; chemical, biological, and clinical aspects."
mdp.39015000825334,1961,1960,BK,us,UNLABELED,1,002077315,Microbiology.
mdp.39015000851710,1963,1960,BK,us,UNLABELED,3,000587144,"The quest for the father; a study of the Darwin-Butler controversy,"
mdp.39015000888100,1966,1960,BK,us,UNLABELED,1,001564706,"Dynamically oriented art therapy; its principles and practices, illustrated with three case studies."
mdp.39015000917131,1968,1960,BK,us,UNLABELED,2,001278393,Punishment and responsibility: essays in the philosophy of law / by H. L. A. Hart.
mdp.39015000978307,1966,1960,BK,us,UNLABELED,2,000616224,Numerical solution of initial value problems / [by] F. Ceschino [and] J. Kuntzmann. Translated by D. Boyanovitch.
mdp.39015001317158,1964,1960,BK,us,UNLABELED,1,000617010,Eigenfunction expansions associated with non-self-adjoint differential equations / [by] Luna I. Mishoe.
mdp.39015001330664,1966,1960,BK,us,UNLABELED,2,001479374,Introduction to non-equilibrium quantum statistical mechanics.
mdp.39015001415564,1966,1960,BK,us,UNLABELED,1,001884501,The AASA code of ethics / Prepared by the AASA Ethics Committee.
mdp.39015001517666,1962,1960,BK,us,UNLABELED,1,001062809,The World of golf : a panorama of six centuries of the game's history / by Charles Price; foreword by Bobby Jones.
mdp.39015001612145,1968,1960,BK,us,UNLABELED,1,001383091,Contemporary utilitarianism / edited with an introd. by Michael D. Bayles.
mdp.39015001638686,1962,1960,BK,us,UNLABELED,1,000620496,"Fruition of an idea: fifty years of psychoanalysis in New York / Samuel Atkin, Edith L. Atkin, and David Kairys, coedito"
mdp.39015001638744,1967,1960,BK,us,UNLABELED,1,000618343,Psychology and life / [by] Floyd L. Ruch.
mdp.39015001643611,1966,1960,BK,us,UNLABELED,1,000385297,"Self, a measureless sea; counseling theory and practice / [by] Trafford P. Maher."
mdp.39015001645020,1967,1960,BK,us,UNLABELED,1,000425654,Relationships between variation in choice of types of categorization and variation in personality traits.
mdp.39015001657231,1962,1960,BK,us,UNLABELED,1,000978216,"Your teenager's mind and body. / by Flanders Dunbar,"
mdp.39015001831943,1969,1960,BK,us,UNLABELED,1,001862938,The ancient Near East in pictures relating to the Old Testament.
mdp.39015001992802,1966,1960,BK,us,UNLABELED,1,000236786,A History of England / General editor: Lacey Baldwin Smith.
mdp.39015001994949,1966,1960,BK,us,UNLABELED,1,001233116,Stalin / edited by T. H. Rigby.
mdp.39015001997603,1964,1960,BK,us,UNLABELED,2,000466522,Ballots & bandwagons.
mdp.39015002080029,1965,1960,BK,us,UNLABELED,2,001484589,Plasma diagnostics with microwaves / [by] M.A. Heald [and] C.B. Wharton.
mdp.39015002118100,1966,1960,BK,us,UNLABELED,1,001614557,"Combustion engineering; a reference book on fuel burning and steam generation / Glenn R. Fryling, editor."
mdp.39015002155060,1967,1960,BK,us,UNLABELED,1,001263188,"History of Frederick County, Maryland / by T.J.C. Williams and Folger McKinsey. With a biographical record of representa"
mdp.39015002174996,1966,1960,BK,us,UNLABELED,2,001205055,Albert Camus / Translated from the French by John Cumming and J. Hargreaves.
mdp.39015002318890,1968,1960,BK,us,UNLABELED,3,000430480,Conduct and conscience; the socialization of internalized control over behavior / [by] Justin Aronfreed.
mdp.39015002413543,1964,1960,BK,us,UNLABELED,1,001572401,"Acne, and related disorders of complexion and scalp."
mdp.39015002434101,1966,1960,BK,us,UNLABELED,3,001564418,"Psychotherapy and the psychology of behavior change / [by] Arnold P. Goldstein, Kenneth Heller [and] Lee B. Sechrest."
mdp.39015002439878,1968,1960,BK,us,UNLABELED,2,001565167,The traumatic neurosis.
mdp.39015002452251,1966,1960,BK,us,UNLABELED,2,000338889,The strange career of Jim Crow / [by] C. Vann Woodward.
mdp.39015002590613,1967,1960,BK,us,UNLABELED,2,001564451,The goals of psychotherapy / edited by Alvin R. Mahrer.
mdp.39015002611963,1963,1960,BK,us,UNLABELED,2,001129872,The good city.
mdp.39015002652884,1965,1960,BK,us,UNLABELED,2,001143697,Reapportionment / [by] Glendon Schubert.
mdp.39015002675323,1964,1960,BK,us,UNLABELED,1,000469072,"Robert M. La Follette, Jr. and the decline of the Progressive Party in Wisconsin / by Roger T. Johnson."
mdp.39015002919747,1969,1960,BK,us,UNLABELED,1,001479466,Transport phenomena in fluids / Edited by Howard J. M. Hanley.
mdp.39015002932435,1968,1960,BK,us,UNLABELED,1,001518648,Opportunities in ceramic engineering / by Samuel R. Scholes. Edited by J. O. Everhart.
mdp.39015003249185,1969,1960,BK,us,UNLABELED,1,001567789,General anesthesia and the central nervous system : a basic science and clinical consideration / [by] Leonard C. Jenkins
mdp.39015003347039,1965,1960,BK,us,UNLABELED,1,000389584,"The pripet marshes, and other poems."
mdp.39015003407023,1962,1960,BK,us,UNLABELED,1,001619604,Atompower / Illustrated with drawings by John T. Gorsuch.
mdp.39015003459198,1960,1960,BK,us,UNLABELED,3,001603729,Heirs of the Roman Empire.
mdp.39015003462085,1964,1960,BK,us,UNLABELED,3,001595087,The scientific revolution and world politics / by Caryl P. Haskins.
mdp.39015003467555,1967,1960,BK,us,UNLABELED,1,001439790,Prisms; studies in modern literature / by Albert Cook.
mdp.39015003488437,1966,1960,BK,us,UNLABELED,2,000437497,Hemingway in Michigan.
mdp.39015003513291,1960,1960,BK,us,UNLABELED,1,001391954,"God of the scientists, God of the experiment."
mdp.39015003690750,1968,1960,BK,us,UNLABELED,2,000249827,Fort Defiance & the Navajos.
mdp.39015003731638,1967,1960,BK,us,UNLABELED,3,001485842,Viewing weather from space / [by] E. C. Barrett.
mdp.39015003736512,1967,1960,BK,us,UNLABELED,1,001309458,"The making of index numbers: a study of their varieties, tests, and reliability."
mdp.39015003776773,1966,1960,BK,us,UNLABELED,1,001577777,Proceedings / Edited by J. R. Trounce.
mdp.39015003822080,1963,1960,BK,us,UNLABELED,1,001560705,Cancer by the carton !
mdp.39015003832485,1968,1960,BK,us,UNLABELED,1,001434412,The ominous ear / [by] Bernard B. Spindel.
mdp.39015003964536,1963,1960,BK,us,UNLABELED,1,000465827,Anti-democratic attitudes in American schools.
mdp.39015003995845,1967,1960,BK,us,UNLABELED,2,001619787,Radioisotope tracers in industry and geophysics. Proceedings of the symposium ... held by the International Atomic Energ
mdp.39015004532001,1969,1960,BK,us,UNLABELED,2,001513267,Metal fatigue: theory and design / Edited by Angel F. Madayag.
mdp.39015004557248,1967,1960,BK,us,UNLABELED,1,001040191,Chance Vought Corsair / by Edward T. Maloney and Uwe Feist.
mdp.39015004605963,1966,1960,BK,us,UNLABELED,3,000958290,"Mineral resources: geology, engineering, economics, politics, law / by Peter T. Flawn."
mdp.39015004873603,1965,1960,BK,us,UNLABELED,1,000665934,The annotated ancient mariner. The rime of the ancient mariner / with an introd. and notes by Martin Gardner. Illustrate
mdp.39015005013266,1969,1960,BK,us,UNLABELED,2,000952526,Manpower and the city [by] August C. Bolino.
mdp.39015005039907,1967,1960,BK,us,UNLABELED,1,001068475,Junior college student personnel programs; what they are and what they should be / by Charles C. Collins.
mdp.39015005236925,1968,1960,BK,us,UNLABELED,1,001424731,Walt Whitman; a study.
mdp.39015005302263,1968,1960,BK,us,UNLABELED,1,001257843,The Russo-Chinese borderlands: zone of peaceful contact or potential conflict? / By W. A. Douglas Jackson.
mdp.39015005380814,1960,1960,BK,us,UNLABELED,1,000328414,Traditional values in American life. Prepared for the United States National Commission for UNESCO.
mdp.39015005388445,1965,1960,BK,us,UNLABELED,2,000997666,Modern Hindi poetry: an anthology. Edited by Vidya Niwas Misra. [Translated by Leonard Nathan and others]
mdp.39015005430908,1969,1960,BK,us,UNLABELED,1,001974552,Upward Bound : a study of impact on the secondary school and the community. Rev.
mdp.39015005460392,1964,1960,BK,us,UNLABELED,1,001149867,One-party government in the Ivory Coast.
mdp.39015005553600,1969,1960,BK,us,UNLABELED,1,001015738,"Illuminated manuscripts of the Divine comedy / by Peter Brieger, Millard Meiss [and] Charles S. Singleton."
mdp.39015005658029,1966,1960,BK,us,UNLABELED,1,001397749,The poet's defence; the concept of poetry from Sidney to Yeats.
mdp.39015005668390,1969,1960,BK,us,UNLABELED,1,001909881,Emily Dickinson.
mdp.39015005729424,1965,1960,BK,us,UNLABELED,1,001768089,"Writing, man's great invention / by J. Hambleton Ober."
mdp.39015005769743,1965,1960,BK,us,UNLABELED,3,000367245,The revolution of American conservatism; the Federalist party in the era of Jeffersonian democracy.
mdp.39015005964468,1965,1960,BK,us,UNLABELED,4,000450680,"The native Americans; prehistory and ethnology of the North American Indians / [by] Robert F. Spencer, Jesse D. Jennings"
mdp.39015006028610,1960,1960,BK,us,UNLABELED,1,001561643,"The story of X-rays, from Röntgen to isotopes."
mdp.39015006048436,1964,1960,BK,us,UNLABELED,1,001618384,Radar system analysis / by David K. Barton.
mdp.39015006217379,1967,1960,BK,us,UNLABELED,1,001064384,The American legacy of learning : readings in the history of education / edited by John Hardin Best and Robert T. Sidwel
mdp.39015006313541,1965,1960,BK,us,UNLABELED,2,000028210,Presence of the past; a history of the preservation movement in the United States before Williamsburg / by Charles B. Ho
mdp.39015006590627,1968,1960,BK,us,UNLABELED,1,000335669,The responsibilities of world power / by Gale W. McGee.
mdp.39015006774742,1962,1960,BK,us,UNLABELED,1,102825094,The art of Egypt; the time of the Pharaohs / [Translated by Ann E. Keep]
mdp.39015006808136,1968,1960,BK,us,UNLABELED,3,001613224,Construction failure.
mdp.39015007034906,1969,1960,BK,us,UNLABELED,1,001608731,Libya / by John Wright.
mdp.39015007055489,1961,1960,BK,us,UNLABELED,2,001287444,Programmed learning; evolving principles and industrial applications ...
mdp.39015007091153,1966,1960,BK,us,UNLABELED,1,001563669,Psychiatric nursing; a basic manual.
mdp.39015007894226,1965,1960,BK,us,UNLABELED,1,001978756,The secular cantatas of Mario Savioni (1608-1685).
mdp.39015008258934,1966,1960,BK,us,UNLABELED,1,001149723,The Syrian Social Nationalist Party; an ideological analysis.
mdp.39015008267646,1964,1960,BK,us,UNLABELED,4,000959996,"International communism in Latin America; a history of the movement, 1917-1963 [by] Rollie E. Poppino."
mdp.39015008372156,1968,1960,BK,us,UNLABELED,1,002028399,National security management; management of defense intelligence.
mdp.39015008416052,1967,1960,BK,us,UNLABELED,3,001511996,"Biomechanical and human factors symposium, 1967; [proceedings] / edited by Howard Gage, chairman."
mdp.39015008607239,1969,1960,BK,us,UNLABELED,1,001609668,The Qemant; a pagan-Hebraic peasantry of Ethiopia / by Frederick C. Gamst.
mdp.39015008671375,1968,1960,BK,us,UNLABELED,1,001284956,"Housing for early childhood education; centers for growing and learning / Sylvia Sunderlin, associate editor; Nan Gray, "
mdp.39015008703491,1969,1960,BK,us,UNLABELED,1,000011544,"Religion, philosophy, and psychical research; selected essays / By C. D. Broad."
mdp.39015008805742,1965,1960,BK,us,UNLABELED,3,001350750,Contemporary cultures and societies of Latin America;
mdp.39015008850359,1967,1960,BK,us,UNLABELED,3,000972712,Comparative sociology; a codification of cross-societal analysis / [by] Robert M. Marsh. Under the general editorship of
mdp.39015008915145,1966,1960,BK,us,UNLABELED,1,000094205,Despair : a novel / by Vladimir Nabokov.
mdp.39015008967211,1968,1960,BK,us,UNLABELED,2,001410792,Soli Deo gloria; New Testament studies in honor of William Childs Robinson / Edited by J. McDowell Richards.
mdp.39015009230114,1962,1960,BK,us,UNLABELED,1,001471851,A history of 1000 years of Greek vase painting / Text and notes by P. E. Arias ; Photos. by Max Hirmer ; [Translated and
mdp.39015009441596,1969,1960,BK,us,UNLABELED,1,001460004,Development of a music curriculum for young children / by Americole Biasini and Lee Pogonowski. CAREL Arts and Humanitie
mdp.39015009516710,1964,1960,BK,us,UNLABELED,1,001133002,Abstract functioning in the blind / by Edmund Joseph Rubin.
mdp.39015009534762,1968,1960,BK,us,UNLABELED,1,001570228,Baby and child care / [by] Benjamin Spock.
mdp.39015009631238,1965,1960,BK,us,UNLABELED,1,001461142,The string double bass / by David H. Stanton ; edited by Merle J. Isaac.
mdp.39015009762850,1964,1960,BK,us,UNLABELED,1,001461191,Guide to teaching percussion.
mdp.39015009859169,1967,1960,BK,us,UNLABELED,1,001736125,A manual on writing research.
mdp.39015009864458,1966,1960,BK,us,UNLABELED,2,000424337,Civil War medicine / by Stewart Brooks.
mdp.39015010381708,1968,1960,BK,us,UNLABELED,1,001316900,Comparisons of the United States and Soviet economies / papers submitted by panelists appearing before the Subcommittee 
mdp.39015010382458,1965,1960,BK,us,UNLABELED,2,000558035,Dickens: the dreamer's stance.
mdp.39015010753161,1968,1960,BK,us,UNLABELED,1,000578129,"The idol and the octopus; political writings, on the Kennedy and Johnson administrations."
mdp.39015010877556,1967,1960,BK,us,UNLABELED,2,000618667,"Analysis of discrete physical systems [by] Herman E. Koenig, Yılmaz Tokad [and] Hiremaglur K. Kesavan with the collabora"
mdp.39015010988999,1964,1960,BK,us,UNLABELED,3,000319215,The eternal present. A contribution on constancy and change.
mdp.39015011284216,1966,1960,BK,us,UNLABELED,1,000491573,A study of warfare in three dimensions; the Norwegian campaign of 1940 / by J. L. Moulton.
mdp.39015011367342,1964,1960,BK,us,UNLABELED,2,001325850,Scandinavian lands.
mdp.39015011378802,1969,1960,BK,us,UNLABELED,3,001061169,"Dostoevsky, Tolstoy, and Nietzsche. With an introd. by Bernard Martin."
mdp.39015011485474,1963,1960,BK,us,UNLABELED,1,000408428,"Turbulent partnership: Missouri and the Union, 1861-1865 / With an introd. by Robert L. D. Davidson."
mdp.39015011537472,1967,1960,BK,us,UNLABELED,4,001399750,Religion in a free society.
mdp.39015011635946,1968,1960,BK,us,UNLABELED,1,001736052,A description of the subject examinations.
mdp.39015012178060,1967,1960,BK,us,UNLABELED,4,000274785,Politics in the metropolis; a reader in conflict and cooperation / edited by Thomas R. Dye [and] Brett W. Hawkins.
mdp.39015012258623,1966,1960,BK,us,UNLABELED,1,001637704,The ritual theory of myth / Joseph Fontenrose.
mdp.39015012533629,1968,1960,BK,us,UNLABELED,1,000737219,Conceptual approaches to research related to recreation for older Americans : selected papers.
mdp.39015012594530,1963,1960,BK,us,UNLABELED,1,001502682,World of the bobcat.
mdp.39015013066397,1967,1960,BK,us,UNLABELED,1,001514089,Determination of stress in rock; a state-of-the-art report.
mdp.39015013127454,1969,1960,BK,us,UNLABELED,1,000649003,"France and Munich, before and after the surrender."
mdp.39015013195568,1969,1960,BK,us,UNLABELED,1,000322047,Zen in the art of photography.
mdp.39015013291920,1965,1960,BK,us,UNLABELED,1,000204684,The star fox / Poul Anderson.
mdp.39015013883999,1969,1960,BK,us,UNLABELED,1,001884704,"Comments on professor Messick's paper entitled ""The criterion problem in the evaluation of instruction; assessing possib"
mdp.39015013916971,1967,1960,BK,us,UNLABELED,1,001611907,Grading of paving asphalts by viscosity at 140 F versus penetration at 77 F: a symposium.
mdp.39015013950855,1962,1960,BK,us,UNLABELED,1,002003932,When the earth shook.
mdp.39015014136470,1963,1960,BK,us,UNLABELED,1,001022728,Richardson's characters.
mdp.39015014152188,1961,1960,BK,us,UNLABELED,1,001142494,History of the House of Representatives.
mdp.39015014425683,1968,1960,BK,us,UNLABELED,1,000369794,Wayne Thiebaud.
mdp.39015014566536,1966,1960,BK,us,UNLABELED,1,001134512,The golden fleecers. -
mdp.39015014606597,1967,1960,BK,us,UNLABELED,1,001318179,Economic reform in Yugoslavia / Translation: Marko Pavičić. Editor: Branko Kostić. Lay out by: Svetozar Petrović.
mdp.39015014863495,1968,1960,BK,us,UNLABELED,1,001185633,Blessed McGill.
mdp.39015014990678,1963,1960,BK,us,UNLABELED,1,002859667,First part of the Royal commentaries of the Yncas / by the Ynca Garcilasso de la Vega. Translated and edited with notes 
mdp.39015015195947,1964,1960,BK,us,UNLABELED,2,001962225,What happened in history / With a new foreword by Grahame Clark.
mdp.39015015619664,1968,1960,BK,us,UNLABELED,1,000661133,Elements of the theory of algebraic curves / [by] A. Seidenberg.
mdp.39015016008289,1964,1960,BK,us,UNLABELED,1,001035118,"Colloid chemistry; the science of large molecules, small particles, and surfaces / [by] Marjorie J. Vold and Robert D. V"
mdp.39015016155742,1965,1960,BK,us,UNLABELED,2,001577195,The doctor and his patient.
mdp.39015016284328,1961,1960,BK,us,UNLABELED,1,001737995,"Careers in world affairs, with a salute to the Peace Corps."
mdp.39015016414909,1964,1960,BK,us,UNLABELED,1,000633400,The last savage / drawings by Beni Montresor.
mdp.39015016450028,1968,1960,BK,us,UNLABELED,2,000623813,Watch us pass.
mdp.39015016487723,1965,1960,BK,us,UNLABELED,1,000096358,"Speeches, reports, articles, 1942-1959 / Todor Zhivkov."
mdp.39015016750807,1964,1960,BK,us,UNLABELED,1,000600633,"The Coronado expedition, 1540-1542."
mdp.39015016753363,1962,1960,BK,us,UNLABELED,1,000760513,America's contributions to India's freedom.
mdp.39015016900568,1964,1960,BK,us,UNLABELED,3,001013187,"Scofield Thayer and The Dial, an illustrated history."
mdp.39015017271126,1965,1960,BK,us,UNLABELED,1,001421123,Organic chemistry / [by] B. Pavlov and A. Terentyev. Translated from the Russian by Boris Belitzky.
mdp.39015017581656,1966,1960,BK,us,UNLABELED,1,001987397,"Elementary particle theories; proceedings / Sponsored by Bundesministerium für Unterricht, Steiermärkische Landesregieru"
mdp.39015017661755,1968,1960,BK,us,UNLABELED,1,001208489,Eugène Ionesco and Edward Albee; a critical essay.
mdp.39015017693584,1968,1960,BK,us,UNLABELED,1,001175858,The development and pilot operation of a system to reclassify older books under the Library of Congress classification s
mdp.39015018100639,1964,1960,BK,us,UNLABELED,1,001178103,Free and inexpensive teaching aids for music education.
mdp.39015018304595,1969,1960,BK,us,UNLABELED,1,002141298,International politics and international science : a study of scientists' attitudes / Albert H. Teich.
mdp.39015018353659,1962,1960,BK,us,UNLABELED,2,000291692,The John and Dominique deMenil collection.
mdp.39015018365174,1968,1960,BK,us,UNLABELED,2,001100272,"Traditional Igbo art, 1966; an exhibition of wood sculpture carved in 1965-66 / from the Frank Starkweather Collection, "
mdp.39015019348567,1965,1960,BK,us,UNLABELED,1,002139524,"Politics in New York State, 1800-1830."
mdp.39015020404615,1960,1960,BK,us,UNLABELED,1,000369366,Lyonel Feininger.
mdp.39015020679000,1967,1960,BK,us,UNLABELED,1,001185147,The book of poetry / Chinese text with English translation by James Legge.
mdp.39015020839471,1966,1960,BK,us,UNLABELED,1,001115259,Spacecraft structures / [by] Carl C. Osgood.
mdp.39015020930841,1963,1960,BK,us,UNLABELED,1,000970723,"The story of the Buffalo, Lockport, and Rochester Railway, 1908-1919 : the Rochester, Lockport and Buffalo Railroad Corp"
mdp.39015021956373,1962,1960,BK,us,UNLABELED,1,001901236,World tales for creative dramatics and storytelling.
mdp.39015021963197,1960,1960,BK,us,UNLABELED,1,001028977,A boy is a boy : the fun of being a boy / by Ogden Nash ; pictures by Arthur Shilstone.
mdp.39015022084548,1966,1960,BK,us,UNLABELED,2,001407011,The future of religions / Edited by Jerald C. Brauer.
mdp.39015022099314,1967,1960,BK,us,UNLABELED,1,001743630,Senior Americans speak out; an action research study of 100 persons 65 years of age and over living in the Capitol Hill 
mdp.39015023463436,1969,1960,BK,us,UNLABELED,3,004426265,The world as teacher / Harold Taylor.
mdp.39015023487039,1967,1960,BK,us,UNLABELED,2,000369430,Echoes of Chinese history / transcribed in the words and paintings of Hope Willis Rathbun.
mdp.39015023535845,1968,1960,BK,us,UNLABELED,1,001156624,Strengthening the Rhode Island legislature.
mdp.39015023758728,1966,1960,BK,us,UNLABELED,1,001279473,Programed instruction / [by] W. Lee Garner.
mdp.39015023877650,1967,1960,BK,us,UNLABELED,1,001619816,Antique automobiles.
mdp.39015024073085,1968,1960,BK,us,UNLABELED,1,001063007,Champions in the making; quality training for track and field / [by] Payton Jordan [and] Bud Spencer.
mdp.39015024083811,1969,1960,BK,us,UNLABELED,1,001031230,Love is / Designed and illustrated by Paul Bacon.
mdp.39015024085741,1960,1960,BK,us,UNLABELED,1,001031326,Out of the mines : the story of a pit boy / Frederick Grice ; illustrated by Brian Wildsmith.
mdp.39015024826748,1969,1960,BK,us,UNLABELED,1,000460546,Early New England schools.
mdp.39015025056667,1961,1960,BK,us,UNLABELED,3,001130759,Lord and peasant in Russia : from the ninth to the nineteenth century / by Jerome Blum.
mdp.39015025860365,1964,1960,BK,us,UNLABELED,1,001465851,The training and supervision of teachers for emotionally disturbed children.
mdp.39015026601917,1963,1960,BK,us,UNLABELED,1,000464132,The Reichstag fire / [Translated from the German by Arnold Pomerans] With an introduction by A. J. P. Taylor.
mdp.39015026744501,1963,1960,BK,us,UNLABELED,1,001627702,Automatic speech recognition; an intensive course for engineers and scientists.
mdp.39015026945082,1965,1960,BK,us,UNLABELED,1,001310779,"Factbook on man, from birth to death / [by] Louis I. Dublin."
mdp.39015027228595,1962,1960,BK,us,UNLABELED,1,001031810,Frédou / Pictures by Tomi Ungerer.
mdp.39015027821464,1960,1960,BK,us,UNLABELED,1,001691735,Measurements of double stars.
mdp.39015028752536,1966,1960,BK,us,UNLABELED,2,001606100,Imperial agent; the Goleniewski-Romanov case.
mdp.39015029749507,1966,1960,BK,us,UNLABELED,1,002699694,Americans in America / [by] Minnie T. Shores.
mdp.39015031013892,1960,1960,BK,us,UNLABELED,1,001900365,Stage-setting for amateurs and professionals.
mdp.39015031506630,1968,1960,BK,us,UNLABELED,1,001453629,The Grub-Street opera / [by] Henry Fielding. Edited by Edgar V. Roberts.
mdp.39015031569323,1964,1960,BK,us,UNLABELED,1,000654639,Korean painting / Translated by Margaret Shenfield.
mdp.39015031570016,1968,1960,BK,us,UNLABELED,1,000416607,Turner's sketches and drawings.
mdp.39015031571303,1960,1960,BK,us,UNLABELED,1,000347197,Painting in the twentieth century / Werner Haftmann ; [translated by Ralph Manheim].
mdp.39015031617353,1965,1960,BK,us,UNLABELED,2,001151405,"Portuguese society in the tropics; the municipal councils of Goa, Macao, Bahia, and Luanda, 1510-1800 / [by] C.R. Boxer."
mdp.39015031721189,1968,1960,BK,us,UNLABELED,1,001326287,Management glossary / Compiled by H. Johannsen and Andrew Robertson. Edited by E. P. L. Brech.
mdp.39015033178149,1964,1960,BK,us,UNLABELED,1,001557596,Hong Kong surgeon / Pref. by Morris Fishbein. Foreword by Félix Martí-Ibáñez.
mdp.39015033450613,1965,1960,BK,us,UNLABELED,2,001215948,The hunt.
mdp.39015034095003,1961,1960,BK,us,UNLABELED,1,000563708,The American Civil War.
mdp.39015034594393,1964,1960,BK,us,UNLABELED,1,001760563,Urdu language collections in American libraries.
mdp.39015034748650,1964,1960,BK,us,UNLABELED,1,001179325,"The Soviet Union: its labor force, employment processes, and trade unions; selected references from 1950 to date."
mdp.39015034750458,1966,1960,BK,us,UNLABELED,1,001192906,Profile of a library in transition.
mdp.39015035078693,1965,1960,BK,us,UNLABELED,1,001122977,The economic role of Williamsburg / by James H. Soltow.
mdp.39015036766742,1960,1960,BK,us,UNLABELED,1,002145095,PORFIRIO DIAZ AND THE ARMY OF THE EAST.
mdp.39015038888486,1969,1960,BK,us,UNLABELED,1,000577272,Theodore Roosevelt and the politics of power / [by] G. Wallace Chessman. Edited by Oscar Handlin.
mdp.39015039567121,1968,1960,BK,us,UNLABELED,1,001355601,"Mobilization for youth, the crisis; a documentary record."
mdp.39015041532816,1966,1960,BK,us,UNLABELED,1,003198516,A guide to development : West Bloomfield Township planning in action.
mdp.39015042062219,1966,1960,BK,us,UNLABELED,1,000424868,Algebraic extensions of fields / [by] Paul J. McCarthy.
mdp.39015046804426,1965,1960,BK,us,UNLABELED,1,000374855,"Four ways of politics: state and nation in Italy, Somalia, Israel, Iran; the dynamics of political participation as exhi"
mdp.39015046951672,1963,1960,BK,us,UNLABELED,1,001133094,"Family and mental health problems in a deaf population / Edited by John D. Rainer, Kenneth Z. Altshuler and Franz J. Kal"
mdp.39015047893824,1968,1960,BK,us,UNLABELED,1,003831305,"Uffizi, Florence / [Texts by Gigetta Dalli Regoli, and others]"
mdp.39015048442910,1961,1960,BK,us,UNLABELED,1,001911863,"The Danforth lectures, 1957-1960."
mdp.39015048709219,1962,1960,BK,us,UNLABELED,1,002145606,"THE RELATIONSHIP BETWEEN NEGRO INVASION AND PROPERTY PRICES IN GRAND RAPIDS, MICHIGAN.."
mdp.39015049892642,1961,1960,BK,us,UNLABELED,1,001599550,The rascal and the road.
mdp.39015050188898,1969,1960,BK,us,UNLABELED,1,000332235,The United States to 1865.
mdp.39015051129172,1965,1960,BK,us,UNLABELED,1,001999058,Rainfall in Burma.
mdp.39015051140096,1967,1960,BK,us,UNLABELED,1,000249603,The Philadelphia Anthropological Society: papers presented on its golden anniversary / edited by Jacob W. Gruber.
mdp.39015051250127,1962,1960,BK,us,UNLABELED,1,000346137,Study guide for the mainstream of physics / Arthur Beiser and Germaine Beiser.
mdp.39015051272238,1966,1960,BK,us,UNLABELED,1,001479834,Acoustics.
mdp.39015052400044,1962,1960,BK,us,UNLABELED,1,003517776,King Rat / James Clavell.
mdp.39015053661032,1960,1960,BK,us,UNLABELED,1,001537911,A horse play / by Ralph Moreno.
mdp.39015054033694,1967,1960,BK,us,UNLABELED,1,001620712,"The Chinese People's Liberation Army / [by] Samuel B. Griffith, II."
mdp.39015056026126,1967,1960,BK,us,UNLABELED,1,001345438,The Post Office challenge to industry. Office of the Post Office.
mdp.39015059061500,1969,1960,BK,us,UNLABELED,1,000652569,"1968 summer study. [Reports presented at Aspen Center for Physics, Aspen, Colo., June 15-Aug. 15, 1968.] / [Edited by Ar"
mdp.39015059890239,1965,1960,BK,us,UNLABELED,1,001390472,Freedom of the individual / Stuart Hampshire.
mdp.39015061398890,1969,1960,BK,us,UNLABELED,1,001491836,Evolutionary anthropology; a reader in human biology / [compiled by] Hermann K. Bleibtreu.
mdp.39015063984697,1960,1960,BK,us,UNLABELED,2,001504495,Nubbin Ridge / ill. by John Alan Maxwell.
mdp.39015065302245,1964,1960,BK,us,UNLABELED,1,102832240,"M.I͡U. Lermontov : zhiznʹ i tvorchestvo / S.V. Ivanov.,М.Ю. Лермонтов : жизнь и творчество / С.В. Иванов."
mdp.39015066033864,1965,1960,BK,us,UNLABELED,1,000347684,Imperial Rome / by Moses Hadas and the Editors of Time-Life Books.
mdp.39015066035828,1963,1960,BK,us,UNLABELED,1,000361334,"Up from slavery, an autobiography."
mdp.39015066060370,1960,1960,BK,us,UNLABELED,1,001775863,The foxglove saga.
mdp.39015066076210,1968,1960,BK,us,UNLABELED,1,001307894,Marxist economic theory / Translated by Brian Pearce.
mdp.39015066337505,1965,1960,BK,us,UNLABELED,1,000816183,Local taxation in Tanganyika / by Eugene C. Lee.
mdp.39015066582795,1964,1960,BK,us,UNLABELED,1,001362354,Proscenium and sight-lines; a complete system of scenery planning and a guide to the laying out of stages for scene-desi
mdp.39015067151582,1967,1960,BK,us,UNLABELED,1,001606959,Asian and African studies in Czechoslovakia.
mdp.39015067885304,1969,1960,BK,us,UNLABELED,3,001617068,Electric motors and their applications / [by] Tom C. Lloyd.
mdp.39015068289696,1967,1960,BK,us,UNLABELED,1,000575156,Matrix methods in economics.
mdp.39015068596165,1968,1960,BK,us,UNLABELED,1,001524682,Principles of metallogeny.
mdp.39015068646945,1963,1960,BK,us,UNLABELED,1,001120765,"Socialism and communism; selected passages, 1956-63."
mdp.39015070367373,1969,1960,BK,us,UNLABELED,1,001116461,"Designing education for the future / [papers] edited by Edgar L. Morphet, director, and Charles O. Ryan, associate direc"
mdp.39015070543692,1964,1960,BK,us,UNLABELED,1,001450257,Industrial arts education / [by] John L. Feirer [and] John R. Lindbeck.
mdp.39015071148293,1969,1960,BK,us,UNLABELED,1,003200556,"Peter Hurst, 1910-1969."
mdp.39015071209053,1963,1960,BK,us,UNLABELED,1,003243929,Some 18th century clay pipes found at Mackinac.
mdp.39015072116950,1966,1960,BK,us,UNLABELED,1,000978004,Most of us are mainly mothers.
mdp.39015072133294,1968,1960,BK,us,UNLABELED,1,001281685,Curriculum theory / [by] George A. Beauchamp.
mdp.39015072142584,1965,1960,BK,us,UNLABELED,1,001554295,Ciba Foundation Symposium: Preimplantation Stages of Pregnancy; [proceedings] / Edited by G.E.W. Wolstenholme and Maeve 
mdp.39015074084388,1968,1960,BK,us,UNLABELED,1,002071846,Minimum standards and educational criteria for practical nursing programs in Michigan.
mdp.39015074088454,1967,1960,BK,us,UNLABELED,1,001574578,Proceedings.
mdp.39015074093736,1964,1960,BK,us,UNLABELED,1,001579497,Cost and payment patterns for public health nursing services in New Jersey : a report / prepared for the New Jersey Depa
mdp.39015074200828,1967,1960,BK,us,UNLABELED,2,001446720,Revolution in the revolution? Armed struggle and political struggle in Latin America / Translated from the author's Fren
mdp.39015077987355,1969,1960,BK,us,UNLABELED,1,001896125,Maximum grant rates for public works grants in qualified areas under the Public works and economic development act of 19
mdp.39015078930826,1966,1960,BK,us,UNLABELED,1,001454171,"Great composers, 1300-1900 : a biographical and critical guide / comp. and edited by David Ewen."
mdp.39015080391256,1961,1960,BK,us,UNLABELED,1,001306543,Experiments in statistical sampling in the Indian Statistical Institute.
mdp.39015082053417,1962,1960,BK,us,UNLABELED,1,002145813,A COMPARATIVE STUDY OF THE TRACHEARY ELEMENTS OF THE FERNS.
mdp.39015082056543,1960,1960,BK,us,UNLABELED,1,002144988,THE SOUTH GERMAN LAENDERRAT: THE ORIGINS OF POSTWAR GERMAN FEDERALISM.
mdp.39015082072144,1963,1960,BK,us,UNLABELED,1,002146087,THE DEMAND FOR DURABLE HOME FURNITURE.
mdp.39015082072672,1963,1960,BK,us,UNLABELED,1,002146227,SYSTEMATIC STUDIES IN THE GENUS CUPHEA (LYTHRACEAE)..
mdp.39015084419194,1966,1960,BK,us,UNLABELED,2,000248649,Ancient hunters of the Far West / edited by Richard F. Pourade. Sponsored by James S. Copley. Produced in cooperation wi
mdp.39015085463589,1968,1960,BK,us,UNLABELED,1,000537154,An introduction to physics.
mdp.39015086562702,1965,1960,BK,us,UNLABELED,1,009489175,A stress cracking study of a gamma extruded U-8 w / o Mo-0.50 w / o Ti alloy / C. A. W. Peterson.
mdp.39015095007905,1960,1960,BK,us,UNLABELED,1,102765020,The radiochemistry of cadmium / by James R. DeVoe.
mdp.39076000289681,1961,1960,BK,us,UNLABELED,1,009921933,Radio engineering and electronic physics.
mdp.39076000611157,1965,1960,BK,us,UNLABELED,1,009913280,"Early English poetry, ballads, and popular literature of the Middle Ages. Edited from original manuscripts and scarce pu"
mdp.39076000799838,1969,1960,BK,us,UNLABELED,1,001512218,"Modern methods of engineering computation / [by] Robert L. Ketter [and] Sherwood P. Prawel, Jr."
mdp.39076002193816,1960,1960,BK,us,UNLABELED,1,009926643,Deck the stable : a Christmas Eve story in rhyme / by Ivy O. Eastwick ; pictures by Nora S. Unwin.
mdp.39076002242357,1965,1960,BK,us,UNLABELED,1,001272148,"The Vinland map and the Tartar relation / by R. A. Skelton, Thomas E. Marston, and George D. Painter for the Yale Univer"
mdp.39076005302059,1969,1960,BK,us,UNLABELED,1,002699564,"The logike of the moste excellent philosopher. P. Ramus, martyr. Translated by Roland MacIlmaine (1574). Edited by Cathe"
mdp.39076005310995,1964,1960,BK,us,UNLABELED,1,000601475,The arts of ancient Iran from its origins to the time of Alexander the Great / Translated by Stuart Gilbert and James Em
mdp.39076005447839,1969,1960,BK,us,UNLABELED,1,009907512,"The women of the salons, and other French portraits / by Evelyn Beatrice Hall (S. G. Tallentyre, pseud.)"
mdp.39076005824417,1966,1960,BK,us,UNLABELED,1,009910440,"Tested collection methods and procedures / [by] Eugene F. Tyson, with Delmer Klein and Elmer Novak."
mdp.39076005839837,1967,1960,BK,us,UNLABELED,1,009910665,Guides to modern financial planning.
mdp.39076006018282,1963,1960,BK,us,UNLABELED,1,009911945,Reading and the language arts. Compiled and edited by H. Alan Robinson.
mdp.39076006028133,1969,1960,BK,us,UNLABELED,1,009912033,Reading: what can be measured? / [By] Roger Farr.
mdp.39076006037993,1968,1960,BK,us,UNLABELED,1,009912136,Introduction to secondary education; a foundations approach / [by] Wayne Dumas [and] Weldon Beckner.
mdp.39076006042688,1965,1960,BK,us,UNLABELED,1,001117638,Philanthropy in the shaping of American higher education / [by] Merle Curti and Roderick Nash.
mdp.39076006043678,1965,1960,BK,us,UNLABELED,1,001068088,Teaching in a modern secondary school / [by] Peter F. Oliva [and] Ralph A. Scrafford.
mdp.39076006325604,1966,1960,BK,us,UNLABELED,1,001282440,Understanding and teaching elementary school mathematics.
mdp.39076006529551,1966,1960,BK,us,UNLABELED,1,009915848,Discretionary spending; a research report from the Conference Board.
mdp.39076006842632,1961,1960,BK,us,UNLABELED,1,009917591,Creative dramatics.
mdp.39076006854553,1967,1960,BK,us,UNLABELED,1,009917705,"French men, women, and books; a series of nineteenth-century studies."
mdp.39076007033512,1969,1960,BK,us,UNLABELED,2,009909552,The University of Cambridge / by James Bass Mullinger.
mdp.49015000071101,1969,1960,BK,us,UNLABELED,1,004388839,The life and letters of John Brown : liberator of Kansas and martyr of Virginia.
mdp.49015000415001,1967,1960,BK,us,UNLABELED,1,004423464,Inventing education for the future / [by] Werner Z. Hirsch and colleagues.
mdp.49015000626839,1964,1960,BK,us,UNLABELED,2,000383021,Abstract and concrete behavior; an experimental study with special tests / by Kurt Goldstein and Martin Scheerer.
mdp.49015001012922,1969,1960,BK,us,UNLABELED,1,004483972,Poems of humor & protest / by Kenneth Patchen.
mdp.49015001146852,1969,1960,BK,us,UNLABELED,1,001106926,Bread and roses too; studies of the Wobblies.
mdp.49015001196931,1968,1960,BK,us,UNLABELED,1,004502623,A treatise on theatres.
mdp.49015002182732,1968,1960,BK,us,UNLABELED,1,001362720,The London stage; a critical introduction / by Emmett L. Avery [and others]
msu.31293102778945,1966,1960,BK,us,UNLABELED,1,102530293,"An analysis of the success and acceptability of the Dutch Elm Disease Control Program in Lansing, Michigan, 1956-1965 / "
nnc2.ark:/13960/s2tfz1st0qj,1960,1960,BK,us,UNLABELED,1,102978032,The way ahead / A. Russell Stevenson.
nyp.33433008137204,1963,1960,BK,us,UNLABELED,1,103265114,"Specimen questions & answers for master, mate, pilot, and certificated tankerman on the central western rivers."
nyp.33433044982399,1962,1960,BK,us,UNLABELED,1,102785295,Ernest Hemingway; remaking modern fiction. Illustrated by Robert Boehmer.
nyp.33433048058980,1963,1960,BK,us,UNLABELED,1,100947089,"O. Debré [Exhibition] M. Knoedler, New York, Apr. 23-May 11, 1963."
nyp.33433048092401,1960,1960,BK,us,UNLABELED,1,103035469,A retrospective show of paintings and drawings by Biel.
nyp.33433086673419,1960,1960,BK,us,UNLABELED,1,103046230,Huntington tap roots.
nyp.33433100816598,1961,1960,BK,us,UNLABELED,1,100947536,"The Amherst County story; a Virginia saga. Cover by Charles L. Vail, Jr.  Sponsored by the Amherst County Chamber of Com"
nyp.33433101927212,1960,1960,BK,us,UNLABELED,1,103222944,The Oklee community story.
osu.32435000251892,1969,1960,BK,us,UNLABELED,1,102895858,The Educational philosophy of Ernest E. Bayles.
osu.32435001416460,1962,1960,BK,us,UNLABELED,1,101664837,How to study / Thomas F. Staton.
osu.32435006312474,1966,1960,BK,us,UNLABELED,1,100875632,An enquiry concerning the principles of morals / by David Hume ; with an introductory note by John B. Stewart.
osu.32435011626538,1967,1960,BK,us,UNLABELED,1,100819443,"An analysis of change in public education, by James B. Heck."
osu.32435013746888,1961,1960,BK,us,UNLABELED,1,100823139,"Materials for a revision of Serranus and related fish genera / by C. Richard Robins and Walter A. Starck, II."
osu.32435020405536,1969,1960,BK,us,UNLABELED,1,100823959,Systems analysis and optimization of reverse osmosis processes / L.T. Fan [and others]
osu.32435022235949,1962,1960,BK,us,UNLABELED,1,100822150,"Verification and response in disarmament agreements, Woods Hole Summer Study : annex / A report prepared for the United "
osu.32435022645071,1960,1960,BK,us,UNLABELED,1,100822202,"White House Conference on Aging, January 9-12, 1961; background paper on rehabilitation of disabled and middle-aged olde"
osu.32435026623512,1960,1960,BK,us,UNLABELED,1,101670241,Pasture and range plants.
osu.32435031016058,1967,1960,BK,us,UNLABELED,1,101671911,Applications of demography; the population situation in the U. S. in 1975.
osu.32435056117054,1963,1960,BK,us,UNLABELED,1,101672572,"Abstract contemporary paintings, collages, sculptures, drawings."
osu.32435075571836,1969,1960,BK,us,UNLABELED,1,100713925,"Documents relative to the colonial history of the State of New York; procured in Holland, England, and France, by John R"
ppt.ssfcbz201710000356,1964,1960,BK,us,UNLABELED,1,006832619,The simulacra / Philip K. Dick.
pst.000004774440,1969,1960,BK,us,UNLABELED,1,009811638,"The American democracy / [by] C. Peter Magrath, Elmer E. Cornwell, Jr. [and] Jay S. Goodman."
pst.000005366255,1969,1960,BK,us,UNLABELED,1,102374302,How to get what you want.
pst.000006078645,1968,1960,BK,us,UNLABELED,1,102374459,Crowns of France: Louis XVI-De Gaulle / by Norm. H. Kirby.
pst.000009740570,1966,1960,BK,us,UNLABELED,1,007505378,Borderline oddities for the millions.
pst.000017075589,1964,1960,BK,us,UNLABELED,1,008385933,Your guide to foot health.
pst.000018111101,1969,1960,BK,us,UNLABELED,1,007050487,How did you think of that? : An introduction to the scientific method / [by] David H. Killeffer.
pst.000026674506,1961,1960,BK,us,UNLABELED,1,007069229,"Williston Basin Symposium : Bismarck, North Dakota, October 9, 10, 11, 12, 1956 / North Dakota Geological Society, Saska"
pst.000033172835,1963,1960,BK,us,UNLABELED,1,007052086,The lost prince : Louis XVII of France / Written and illustrated by Lucille Wallower.
pst.000033931159,1968,1960,BK,us,UNLABELED,1,009817671,"Guardian of our Maryland heritage : the Maryland Room, Talbot County Free Library."
pst.000054627390,1968,1960,BK,us,UNLABELED,1,000731162,Red star over China / Edgar Snow.
rul.39030018062002,1968,1960,BK,us,UNLABELED,1,103204517,Public hearing before Commission to Study Advisability and Practicability of Formulating and Implementing a Comprehensiv
txu.059172012240926,1967,1960,BK,us,UNLABELED,1,004383528,Three American empires / edited by John J. TePaske.
txu.059172132830817,1968,1960,BK,us,UNLABELED,1,101052670,"History, American Benevolent Society, 1868-1968 / by Bennie Mayes."
txu.059173017823840,1965,1960,BK,us,UNLABELED,1,101507891,"A successful failure, 1519-1810, by Odie B. Faulk. Illustrated by Carol Rogers."
txu.059173023505419,1967,1960,BK,us,UNLABELED,2,000465601,Public opinion and the Spanish-American war; a study in war propaganda.
txu.059173023665856,1967,1960,BK,us,UNLABELED,1,002930704,Land or death : Hugo Blanco and the peasant struggle in Peru.
txu.059173023859820,1967,1960,BK,us,UNLABELED,2,000584312,Jesus of the spirits [by] Pedro McGregor in association with T. Stratton Smith.
txu.059173025354223,1967,1960,BK,us,UNLABELED,2,001314148,The second sowing; power and secondary development in Latin America.
txu.059173028045837,1969,1960,BK,us,UNLABELED,1,101544459,Mexico: her daily & festive breads. Illus. arranged by the author and photographed by Merle G. Wachter. Edited by Ruth S
uc1.$b114015,1964,1960,BK,us,UNLABELED,2,001187496,"The Old Boys, a novel."
uc1.$b115708,1962,1960,BK,us,UNLABELED,1,006609093,At the hunter's horn.
uc1.$b121230,1961,1960,BK,us,UNLABELED,3,001383287,"Proprieties and vagaries; a philosophical thesis from science, horse racing, sexual customs, religion, and politics."
uc1.$b193,1962,1960,BK,us,UNLABELED,3,001255655,North Vietnam today; profile of a communist satellite.
uc1.$b232531,1965,1960,BK,us,UNLABELED,3,001375335,The ginger man.
uc1.$b252026,1964,1960,BK,us,UNLABELED,1,006503503,"Legacy, by Willie Sowell Robertson and Buena Sowell."
uc1.$b384932,1966,1960,BK,us,UNLABELED,3,001374633,Robert Morley; a reluctant autobiography / by Robert Morley & Sewell Stokes.
uc1.$b397568,1965,1960,BK,us,UNLABELED,1,009384132,The prisoner of love. Translated from the French by Richard Howard.
uc1.$b404097,1968,1960,BK,us,UNLABELED,1,009381934,The insurrection of Hippolytus Brandenberg.
uc1.$b439852,1962,1960,BK,us,UNLABELED,1,009241125,Selected poetry and prose / Matthew Arnold ; introduction by Frederick L. Mulhauser.
uc1.$b466178,1969,1960,BK,us,UNLABELED,1,009052088,"The rise and development of Western civilization; the emergence of man to the present [by] John L. Stipp, C. Warren Holl"
uc1.$b474862,1966,1960,BK,us,UNLABELED,1,001313197,The management of prosperity [by] Arthur F. Burns.
uc1.$b538627,1960,1960,BK,us,UNLABELED,2,000405298,The Governor and his lady; the story of William Henry Seward and his wife Frances.
uc1.$b552184,1963,1960,BK,us,UNLABELED,1,006088455,Trogir; [guide] Editor: Ivo Frol. Text by Ivanka Stojković-Nikolajević. Photos: Tošo Dabac. Translated from the Serbo
uc1.$b552245,1965,1960,BK,us,UNLABELED,1,006088476,Mostar. [Text by Salih Rajković. Translated from Serbo-Croat by Vida Marković]
uc1.$b565252,1961,1960,BK,us,UNLABELED,1,008854291,Ogg and Ray's essentials of American Government [by] William H. Young.
uc1.$b582508,1960,1960,BK,us,UNLABELED,2,000976242,The state and the citizen.
uc1.$b689923,1968,1960,BK,us,UNLABELED,1,009974587,Forming the faith of adolescents. Pref. by Gabriel Moran.
uc1.$c206902,1962,1960,BK,us,UNLABELED,1,103108236,Retraining : one possible solution to technological displacement.
uc1.31175038029487,1962,1960,BK,us,UNLABELED,1,103182120,Polar notes: Stefansson memorial issue.
uc1.31210002479002,1961,1960,BK,us,UNLABELED,1,100894989,"An essay on morals : a science of philosophy and a philosophy of the sciences ... / Philip Wylie, with a new preface by "
uc1.31210011790605,1961,1960,BK,us,UNLABELED,1,100899694,Arizona's golden road / by Charles H. Dunning ; illustrated by Larry Toschik.
uc1.31210012526180,1963,1960,BK,us,UNLABELED,1,003797238,Schaum's outline of theory and problems of advanced calculus / by Murray R. Spiegel.
uc1.31210012903322,1964,1960,BK,us,UNLABELED,2,102644907,Phylogeny and form in the plant kingdom. With principal drawings by Carolyn Dalbey Findley.
uc1.31210019869674,1963,1960,BK,us,UNLABELED,9,000628818,Medieval history; the life and death of a civilization.
uc1.31210025058346,1962,1960,BK,us,UNLABELED,1,102423070,The report of the U. S. Study Commission--Texas.
uc1.31822000784439,1965,1960,BK,us,UNLABELED,1,008945785,Modern harmonic technique; a comprehensive survey of basic harmonic and melodic materials for the present-day composer a
uc1.31822003509254,1969,1960,BK,us,UNLABELED,3,001343590,The development of the Brazilian steel industry
uc1.31822003866365,1962,1960,BK,us,UNLABELED,4,001555058,The eye / edited by Hugh Davson
uc1.31822013378328,1963,1960,BK,us,UNLABELED,3,001488431,Progress in isotope geology
uc1.31822014412597,1969,1960,BK,us,UNLABELED,1,005716603,Landforms of cold climates [by] J. L. Davies
uc1.31822026752113,1960,1960,BK,us,UNLABELED,2,009518730,From immigrant to inventor.
uc1.31822027020908,1966,1960,BK,us,UNLABELED,1,102157916,Two tactics of social-democracy in the democratic revolution / V.I.  Lenin
uc1.31822031026453,1966,1960,BK,us,UNLABELED,1,010748047,"Española valley cookbook : cookery recipes from three cultures, Anglo-Spanish-Indian / cookbook committee, Mrs. Charles"
uc1.31822041529041,1961,1960,BK,us,UNLABELED,1,102701856,Fever & chills / [by] George P. Elliott
uc1.32106001397477,1966,1960,BK,us,UNLABELED,1,004477063,The philosophy of art.
uc1.32106002209531,1964,1960,BK,us,UNLABELED,1,001782259,"Courage, the adventuress & The false messiah."
uc1.32106002353941,1962,1960,BK,us,UNLABELED,1,008442282,The search for Planet X.
uc1.32106006965690,1969,1960,BK,us,UNLABELED,1,006965626,"Hero or fool? A study of Milton's satan, by G. Rostrevor Hamilton."
uc1.32106011346712,1964,1960,BK,us,UNLABELED,1,007132502,"The merry wives of Windsor / by William Shakespeare ; [general editor, Louis B. Wright ; assistant editor, Virginia A. L"
uc1.32106012661242,1969,1960,BK,us,UNLABELED,1,007139731,"Sacred poetry of the seventeenth century; including the whole of Giles Fletcher's Christ's victory and triumph, with cop"
uc1.32106012870173,1968,1960,BK,us,UNLABELED,1,008307395,IBM system 360 principles of operation.
uc1.32106015696906,1964,1960,BK,us,UNLABELED,1,007146861,Political systems of highland Burma : a study of Kachin social structures. With a foreword by Raymond Firth; with a new 
uc1.b2822525,1964,1960,BK,us,UNLABELED,1,007309159,"Population trends in Idaho, 1950-1960 / by Harry C. Harmsworth."
uc1.b2856261,1969,1960,BK,us,UNLABELED,1,007327387,1001 ways to make love / by Tuli Kupferberg.
uc1.b3151061,1960,1960,BK,us,UNLABELED,2,000448089,The Creative arts in American education : The interrelation of the arts in secondary education / [by] Thomas Munro. The 
uc1.b3261069,1968,1960,BK,us,UNLABELED,1,006102217,Custom and reason; an examination of modern politics.
uc1.b3375809,1968,1960,BK,us,UNLABELED,1,001627901,"Fast reactor physics. Proceedings of a symposium ... held by the International Atomic Energy Agency in Karlsruhe, 30 Oct"
uc1.b3406972,1962,1960,BK,us,UNLABELED,1,001031853,Silence over Dunkerque.
uc1.b3473033,1969,1960,BK,us,UNLABELED,1,006662083,"The hireling and the slave, Chicora, and other poems."
uc1.b3528508,1969,1960,BK,us,UNLABELED,3,001313237,The corporate oligarch.
uc1.b3594152,1966,1960,BK,us,UNLABELED,2,001450447,Education and the development of nations / edited by John W. Hanson and Cole S. Brembeck.
uc1.b3634196,1962,1960,BK,us,UNLABELED,2,001912480,The Great ages of western philosophy.
uc1.b3710913,1968,1960,BK,us,UNLABELED,1,010147127,"Tillie, a Mennonite maid; a story of the Pennsylvania Dutch. With illus. by Florence Scovel Shinn."
uc1.b3717351,1964,1960,BK,us,UNLABELED,1,002070116,Modern ophthalmology
uc1.b3752193,1962,1960,BK,us,UNLABELED,2,001203473,The conscience of love. / Marcel Aymé.
uc1.b3763794,1968,1960,BK,us,UNLABELED,3,001485557,The radiation belt and magnetosphere / [by] Wilmot N. Hess.
uc1.b3776896,1963,1960,BK,us,UNLABELED,1,006713538,The affable hangman.
uc1.b3813400,1967,1960,BK,us,UNLABELED,3,001476643,Hautes énergies en astrophysique. High energy astrophysics. Lectures delivered at Les Houches during the 1966 session of
uc1.b3820035,1967,1960,BK,us,UNLABELED,1,006726043,A Selection of nineteenth and twentieth century works from the Hunt Foods and Industries Museum of Art collection.
uc1.b3827042,1969,1960,BK,us,UNLABELED,2,001911088,"The Richardson-Stinstra correspondence, and Stinstra's prefaces to Clarissa. Edited by William C. Slattery."
uc1.b3843995,1966,1960,BK,us,UNLABELED,2,006732393,Proceedings. Editor: Gerald Gordon.
uc1.b3849353,1966,1960,BK,us,UNLABELED,2,007880209,English education and the origins of Indian nationalism.
uc1.b3849408,1965,1960,BK,us,UNLABELED,1,007880218,Russia in revolution;
uc1.b3861579,1967,1960,BK,us,UNLABELED,2,002452466,"Language today; a survey of current linguistic thought. Mario Pei, editor and chief contributor. Other contributors: Wil"
uc1.b3874520,1968,1960,BK,us,UNLABELED,2,007882017,"The revolutionary movement in Pennsylvania, 1760-1776, by Charles H. Lincoln."
uc1.b3916440,1969,1960,BK,us,UNLABELED,3,000965805,"Kids, cops, and kilos; a study of contemporary suburban youth, by G. Thomas Gitchoff. With a foreword by Robert M. Carte"
uc1.b3918391,1962,1960,BK,us,UNLABELED,1,001379400,"Sociologism and existentialism, two perspectives on the individual and society."
uc1.b3918797,1969,1960,BK,us,UNLABELED,1,006751149,"Laboratory simulation of a police communications system under stress, by Thomas E. Drabek."
uc1.b3921721,1966,1960,BK,us,UNLABELED,1,006751958,The Harry S. Truman library. Narrations and decorations by Betty Jean Mueller and Edward Miller. With a foreword by Harr
uc1.b3923447,1965,1960,BK,us,UNLABELED,1,001380490,Zoroaster's influence on Greek thought.
uc1.b3929559,1969,1960,BK,us,UNLABELED,1,006755006,"The police enterprise; its organization and management, by V. A. Leonard."
uc1.b3939157,1964,1960,BK,us,UNLABELED,1,000223259,American library laws.
uc1.b3959938,1961,1960,BK,us,UNLABELED,1,010176266,The slaves of Timbuktu.
uc1.b3960219,1966,1960,BK,us,UNLABELED,1,001993910,General chemistry.
uc1.b3967856,1966,1960,BK,us,UNLABELED,2,001109372,Human development in Western culture / [by] Harold W. Bernard.
uc1.b3983690,1961,1960,BK,us,UNLABELED,1,009753710,The shadow of the dam.
uc1.b4005249,1962,1960,BK,us,UNLABELED,1,009669965,[By-laws of various locals in California and Washington State]
uc1.b4099147,1966,1960,BK,us,UNLABELED,1,010058029,"After-conduct of discharged offenders, a report to the Department, by Sheldon Glueck ... and Eleanor T. Glueck ... Forew"
uc1.b4127723,1967,1960,BK,us,UNLABELED,2,005784209,"Sealants, edited by Adolfas Damusis."
uc1.b4147384,1965,1960,BK,us,UNLABELED,1,001067621,An introduction to the study of education.
uc1.b4160138,1969,1960,BK,us,UNLABELED,1,010064050,"Land acquisition and assembly. Jim McCord, editor. Barbara Ellen Burgdorf, editorial administrator."
uc1.b4160549,1966,1960,BK,us,UNLABELED,2,000957479,"Cases and materials on food and drug law; a study in consumer legislation, by Thomas W. Christopher."
uc1.b4199949,1963,1960,BK,us,UNLABELED,1,001626950,Theories and practices of industrial waste treatment.
uc1.b4238519,1965,1960,BK,us,UNLABELED,2,000662907,A primer of experimental psychology.
uc1.b4245554,1967,1960,BK,us,UNLABELED,2,001322405,"Command versus demand; systems for economic growth. Edited, with introductions, by Shanti S. Tangri."
uc1.b4260207,1965,1960,BK,us,UNLABELED,1,000368371,American painting in the twentieth century.
uc1.b4264966,1968,1960,BK,us,UNLABELED,1,006206143,"Colorado's mountain railroads, by R.A. LeMassena, assisted by R.A. Ronzio [and others]."
uc1.b4310350,1962,1960,BK,us,UNLABELED,3,001108096,"Individual in society; a textbook of social psychology / by David Krech, Richard S. Crutchfield, and Egerton L. Ballache"
uc1.b4316300,1966,1960,BK,us,UNLABELED,1,006217213,Federal taxation of life insurance [by] Sherwin P. Simmons.
uc1.b4319894,1969,1960,BK,us,UNLABELED,1,010075751,"Special education; a curriculum guide, compiled and edited by Edward S. Stark. With a foreword by Leon Charney."
uc1.b4339291,1966,1960,BK,us,UNLABELED,2,001565989,"The heart, its function in health and disease."
uc1.b4347312,1968,1960,BK,us,UNLABELED,1,001459093,"Country music U.S.A.; a fifty-year history, by Bill C. Malone."
uc1.b4348173,1969,1960,BK,us,UNLABELED,3,004422521,Radiation dosimetry.
uc1.b4360640,1960,1960,BK,us,UNLABELED,2,001131781,Welfare in America. -
uc1.b4368705,1967,1960,BK,us,UNLABELED,1,008321282,"The origin and growth of Plato's logic; with an account of Plato's style and of the chronology of his writings, by Wince"
uc1.b4372248,1963,1960,BK,us,UNLABELED,3,001026547,The faraway country; writers of the modern South.
uc1.b4372425,1965,1960,BK,us,UNLABELED,2,000486398,"The reckoning; the memoirs of Anthony Eden, Earl of Avon."
uc1.b4373803,1965,1960,BK,us,UNLABELED,4,000980920,"Silence : a novel. / by Yuri Bondaryev,"
uc1.b4380063,1962,1960,BK,us,UNLABELED,2,000334517,The fourth floor; an account of the Castro Communist revolution.
uc1.b4382076,1966,1960,BK,us,UNLABELED,1,006230116,Contemporary philosophy; phenomenological and existential currents
uc1.b4407135,1966,1960,BK,us,UNLABELED,1,009514712,"Congruence and motion in geometry,"
uc1.b4415194,1962,1960,BK,us,UNLABELED,1,001321768,The rate and direction of inventive activity: economic and social factors; a conference of the Universities-National Bur
uc1.b4415296,1963,1960,BK,us,UNLABELED,2,001314187,Journeys toward progress; studies of economic policy-making in Latin America
uc1.b4437327,1965,1960,BK,us,UNLABELED,1,009517287,"Democratic-Republican societies, 1790-1800."
uc1.b4450020,1969,1960,BK,us,UNLABELED,1,003509881,"The biography of G. Wash Carter, white; life story of a Mississippi peckerwood, whose short circuit logic kept him fanta"
uc1.b4450745,1966,1960,BK,us,UNLABELED,1,006242148,The northern Bantu; an account of some central African tribes of the Uganda Protectorate
uc1.b4460708,1964,1960,BK,us,UNLABELED,1,010085967,Trial by jury : a complete guide to the jury system / Samuel W. McCart.
uc1.b4462723,1968,1960,BK,us,UNLABELED,1,010086347,"An historical inquiry into the production, and consumption of the precious metals."
uc1.b4477536,1969,1960,BK,us,UNLABELED,1,001033661,"Structure and mechanism in vinyl polymerization, edited by Teiji Tsuruta and Kenneth F. O'Driscoll."
uc1.b4488240,1963,1960,BK,us,UNLABELED,1,006247547,Secondary education [by] Clarence D. Samford [and others]
uc1.b4531548,1967,1960,BK,us,UNLABELED,2,006157993,Report of an international and interprofessional study group convened by the World Federation for Mental Health. Edited 
uc1.b4538379,1969,1960,BK,us,UNLABELED,1,010094918,Effects of sonic boom / by John H. Wiggins.
uc1.b4579644,1964,1960,BK,us,UNLABELED,1,006275729,"Combined book exhibit, ALA, 1964."
uc1.b4592029,1963,1960,BK,us,UNLABELED,1,006280656,"Proceedings : meeting of Section 41, Forest Products, September 11-13, 1963."
uc1.b4843129,1968,1960,BK,us,UNLABELED,2,009495189,Some modern Belgian writers : a critical study / by G. Turquet-Milnes ; with a prefatory note by Edmund Gosse.
uc1.b4903356,1967,1960,BK,us,UNLABELED,1,001268920,Soldiers on the Santa Fe Trail
uc1.c037433146,1965,1960,BK,us,UNLABELED,1,102613917,"A folklore reader, edited by Kenneth and Mary Clarke."
uc1.c101979161,1968,1960,BK,us,UNLABELED,1,102614611,Report on physical effects of the sonic boom.
uc1.c2787852,1962,1960,BK,us,UNLABELED,1,100636428,"The influence of chamise, Adenostema fasciculatum, on vegetation and soil along chamise-grassland boundaries."
uc1.c2787944,1960,1960,BK,us,UNLABELED,1,100636465,"The ""third eye"" in locomotor activity and the thermal ecology of night lizards, Xantusia / by Horst Stephen Robert Glase"
uc1.c2787945,1960,1960,BK,us,UNLABELED,1,100636466,A histological study of the accessory optic tracts in the rabbit / by Roalnd Andrew Giolli.
uc1.c2883936,1968,1960,BK,us,UNLABELED,1,102473820,Combating malnutrition in preschool children [reports.
uc1.c2943518,1966,1960,BK,us,UNLABELED,1,100756756,Stability of nonlinear time-varying networks / by Yen-Long Kuo.
uc1.c2943558,1966,1960,BK,us,UNLABELED,1,100756793,Progressivism and the anti-Japanese agitation in California / by Madelon Helfer Berkowitz.
uc1.c2944374,1963,1960,BK,us,UNLABELED,1,100756970,Tunnel diode network synthesis / by Verse Wen-Hsing Chang.
uc1.c2944447,1963,1960,BK,us,UNLABELED,1,100757042,The social ecology of a small warship / by Philip David Roos.
uc1.c2944621,1962,1960,BK,us,UNLABELED,1,100757207,Disarmament as a weapon in the Soviet strategic concept / by John Charles Bock.
uc1.c2945977,1960,1960,BK,us,UNLABELED,1,100758040,James Anthony Froude's protestantism and the History of England / by Margaret Cruden Nygard.
uc1.c2946354,1960,1960,BK,us,UNLABELED,2,100758348,Studies on the metabolism of apomorphine / by Pushkar Nath Kaul.
uc1.c2946424,1960,1960,BK,us,UNLABELED,1,100758411,Optimizing of flow parameters for the expansion of very low-quality steam / by Kenneth Fred Neusen.
uc1.c2947065,1961,1960,BK,us,UNLABELED,1,100758508,Some critical issues in the demand-pull-cost-push inflation controversy / by Yvonne Leah Simons.
uc1.c2958629,1966,1960,BK,us,UNLABELED,1,100776168,Lead dioxide : the heat capacity and entropy from 15⁰ to 305 ⁰K / by Jack Arnold Duisman.
uc1.c2972975,1969,1960,BK,us,UNLABELED,1,100777809,Phonology and morphophonemics of Yapese.
uc1.c3480829,1960,1960,BK,us,UNLABELED,1,100849820,The differential timing of discrete eye movements of readers differing in levels of comprehension / by Joy Barbara Richa
uc1.c3510462,1965,1960,BK,us,UNLABELED,1,100930749,Bomarzo and the grotesque in the later cinquecento.
uc1.l0064936297,1966,1960,BK,us,UNLABELED,1,009694723,"Answers for the second set of problems in Physical chemistry, third edition, Farrington Daniels, Robert A. Alberty."
uc1.l0097657787,1967,1960,BK,us,UNLABELED,1,011983217,Miscellaneous works of George Wither.
uc1.x28264,1961,1960,BK,us,UNLABELED,1,101840175,The relation of nitrogen level and crop size to fruit characteristics in the peach.
uc1.x28749,1966,1960,BK,us,UNLABELED,1,101840655,Inviscid rotational flow with a free surface and gravity.
uc1.x28896,1963,1960,BK,us,UNLABELED,1,101840802,The role of progesterone in the regulation of the production and release of anterior pituitary hormones in the gonadecto
uc1.x29792,1968,1960,BK,us,UNLABELED,1,101855759,Volatile constituents of caraway.
ucbk.ark:/28722/h2j474,1969,1960,BK,us,UNLABELED,1,102336184,"Descriptive petrography of three large granitic bodies in the Inyo Mountains, California, by Donald C. Ross."
ufl.31262088776199,1963,1960,BK,us,UNLABELED,1,103216418,Jerome S. Meyer's Handwriting analyzer.
ufl.31262098033540,1962,1960,BK,us,UNLABELED,1,103067021,Content and method in the teaching of advertising in American colleges and universities [by] William A. Doremus [and oth
uga1.32108022152378,1963,1960,BK,us,UNLABELED,1,102970699,The taming of the shrew / by William Shakespeare ; [edited by Louis B. Wright and Virginia A. LaMar].
uiug.30112004596349,1965,1960,BK,us,UNLABELED,1,102290667,The Jews in Russia : the struggle for emancipation / Louis Greenberg ; with a new foreword by Alfred Levin.
uiug.30112005264384,1962,1960,BK,us,UNLABELED,2,001599735,"Metternich's diplomacy at its zenith, 1820-1823 / by Paul W. Schroeder."
uiug.30112016737808,1967,1960,BK,us,UNLABELED,2,001688001,"Tables relating to Mathieu functions; characteristic values, coefficients, and joining factors."
uiug.30112019607131,1965,1960,BK,us,UNLABELED,1,102946422,Attitudes of Aroostook potato growers toward marketing and processing / Alvah L. Perry.
uiug.30112025442036,1961,1960,BK,us,UNLABELED,1,103038558,Temperature field for turbulent heat transfer in a pipe.
uiug.30112048456401,1964,1960,BK,us,UNLABELED,2,011450554,Introduction to human ecology / University Commitee on Human Ecology.
uiug.30112048816646,1964,1960,BK,us,UNLABELED,1,011455615,Non-planar array thinning study / [Charles E. Clarke and Dr. Thomas J.B. Shanley].
uiug.30112049874255,1963,1960,BK,us,UNLABELED,4,001884915,Multiple-choice questions: a close look.
uiug.30112057495696,1960,1960,BK,us,UNLABELED,2,102435851,"Egon Schiele, 1890-1918."
uiug.30112062664286,1960,1960,BK,us,UNLABELED,1,101763158,The negative hypergeometric distribution with practical application to mental test scores.
uiug.30112070430324,1960,1960,BK,us,UNLABELED,1,102184177,"Forum on the abstracting and indexing of petroleum exploration and production literature. Friday, February 19, 1960. Dal"
uiug.30112073421452,1961,1960,BK,us,UNLABELED,1,103249166,A microwave technique for the study of deviations from Ohm's law in high resistivity semiconductors.
uiug.30112074989648,1962,1960,BK,us,UNLABELED,1,102915551,Conference on Teaching Health Centers.
uiug.30112082015659,1967,1960,BK,us,UNLABELED,1,002924516,The Turkmen Soviet Socialist Republic.
uiug.30112097493529,1961,1960,BK,us,UNLABELED,1,102641826,Bobbs-Merrill health for young America series / by Charles C. Wilson and Elizabeth Avery Wilson.
uiug.30112103646110,1961,1960,BK,us,UNLABELED,1,102425760,Avoiding regression effects in panel studies of communication impact? / Donald T. Campbell and Keith N. Clayton.
uiug.30112106593830,1966,1960,BK,us,UNLABELED,1,011445551,Theoretical elastic mismatch stresses / Robert H. Johns.
uiug.30112106633974,1966,1960,BK,us,UNLABELED,1,011433797,The Relay I radiation effects experiment / Ramond C. Waddel.
uiug.30112106690909,1965,1960,BK,us,UNLABELED,1,011444056,"Thrust coefficients of low-thrust nozzles / Ernie W. Spisz, Paul F. Brinich, and John R. Jack."
uiug.30112106734038,1966,1960,BK,us,UNLABELED,1,011430275,A contribution to the micromechanics of composite materials : stresses and failure mechanisms induced by inclusions / by
uiug.30112106772525,1963,1960,BK,us,UNLABELED,1,000702613,Checklist of the birds of Thailand / Herbert G. Deignan.
uiug.30112106776732,1968,1960,BK,us,UNLABELED,1,011444272,Effect of radius on bulging and fracture of through-cracked cylindrical pressure vessels at cryogenic temperatures / Tim
uiug.30112106869347,1967,1960,BK,us,UNLABELED,1,011447684,Effects of shock-wave impingement on the heat transfer on a cylindrical leading edge / Robert S. Hiers and William J. Lo
uiug.30112106886226,1963,1960,BK,us,UNLABELED,1,011447107,A wind-tunnel investigation of ground-wind loads on axisymmetric launch vehicles / by Donald A. Buell and ... [et al.].
uiug.30112113095936,1965,1960,BK,us,UNLABELED,1,103107024,"""Promises to keep."""
uiug.30112119394630,1963,1960,BK,us,UNLABELED,2,004391991,"The look of the West, 1860; across the plains to California. Forward by Robert G. Athearn."
uiug.30112122604843,1967,1960,BK,us,UNLABELED,1,102165662,"Illinois interregional trade, 1963: trading patterns of manufacturing and wholesale industries, by John W. Allen."
uiuo.ark:/13960/t8mc8w51w,1967,1960,BK,us,UNLABELED,1,100701362,"Systematic status of three scincid lizards (genus Sphenomorphus) from Borneo [by] James P. Bacon, Jr."
uiuo.ark:/13960/t9086701p,1969,1960,BK,us,UNLABELED,1,100701654,"Veronicellid land slugs from the New Hebrides, with description of Semperula solemi, new species."
umn.31951000015280e,1965,1960,BK,us,UNLABELED,1,004395167,"Hybrids, by David C. Rife."
umn.319510000167986,1965,1960,BK,us,UNLABELED,1,000784810,"Ionic aliphatic reactions [by] William H. Saunders, Jr."
umn.31951000041234n,1964,1960,BK,us,UNLABELED,1,001497915,The life of the green plant [by] Arthur W. Galston.
umn.319510000703524,1969,1960,BK,us,UNLABELED,1,100655028,Community action guide for public officials : outdoor recreation / National Association of Counties Research Foundation.
umn.31951000070511a,1961,1960,BK,us,UNLABELED,1,100959565,Community treatment of mental illness ; a world survey.
umn.31951000071446q,1963,1960,BK,us,UNLABELED,1,001508582,Comprehensive tree-volume tarif tables.
umn.31951000105678k,1963,1960,BK,us,UNLABELED,1,007471902,"""Hunger; disease of millions"": symposium, Tulane University Center, New Orleans, 1963."
umn.31951000152632t,1966,1960,BK,us,UNLABELED,1,100721868,The Rx legend; and FDA manual for pharmacists.
umn.31951000353966h,1964,1960,BK,us,UNLABELED,3,001506565,National parks; a guide to the national parks and monuments of the United States.
umn.319510004782297,1968,1960,BK,us,UNLABELED,1,001479533,Principles of solid state physics [by] Robert A. Levy.
umn.31951000781093e,1963,1960,BK,us,UNLABELED,1,101847768,The true book of ships and seaports / Pictures by Arthur Warheit.
umn.319510009315015,1962,1960,BK,us,UNLABELED,1,101847012,The monkey in the rocket / Pictures by Sergio Leone. Editorial consultant : Lilian Moore.
umn.31951001278469t,1969,1960,BK,us,UNLABELED,1,100029348,Travels through the interior parts of America.
umn.319510015345311,1965,1960,BK,us,UNLABELED,1,001668468,"The Chilean presidential election of September 4, 1964."
umn.31951001581249f,1965,1960,BK,us,UNLABELED,1,007473838,Readings in international business.
umn.31951001581997c,1963,1960,BK,us,UNLABELED,1,008559187,Traffic management.
umn.31951001738643s,1960,1960,BK,us,UNLABELED,1,007480505,Tiffany table settings.
umn.319510019252558,1969,1960,BK,us,UNLABELED,1,010689483,Capillary hydrodynamics; interfacial instability and the solid/liquid/fluid contact line.
umn.31951002186312t,1963,1960,BK,us,UNLABELED,2,001738534,Accounting in small business decisions.
umn.31951d00177991e,1965,1960,BK,us,UNLABELED,1,102124986,Ammonium fixation and release on some Minnesota soils.
umn.31951d00474836k,1965,1960,BK,us,UNLABELED,1,009892264,Restatement of the law second : conflict of laws : tentative draft[s] / submitted by the council.
umn.31951d00908565c,1960,1960,BK,us,UNLABELED,1,101848141,Woman's day collector's cook book / with introductions by James Beard ; illustrated by Joseph Low.
umn.31951d015429054,1960,1960,BK,us,UNLABELED,1,010835026,"Fighting forest fires with air tankers; [report] Part one: 1958, by H. P. Reinecker. Part two: 1959, by C. B. Phillips."
umn.31951p000828348,1965,1960,BK,us,UNLABELED,1,004474755,The story of King Arthur and his knights / written and illustrated by Howard Pyle.
umn.31951p00442988d,1967,1960,BK,us,UNLABELED,1,007813600,The travel industry in Minnesota : a comparative census study of commercial accommodations / prepared by the Research Di
uva.x000149297,1966,1960,BK,us,UNLABELED,2,009519479,"Thomas Cartwright and Elizabethan puritanism, 1535-1603, by A. F. Scott Pearson."
uva.x000306121,1965,1960,BK,us,UNLABELED,1,102092722,Five families; Mexican case studies in the culture of poverty. With a foreword by Oliver La Farge.
uva.x000364578,1960,1960,BK,us,UNLABELED,2,000537119,"Prince Caspian, the return to Narnia. Illus. by Pauline Baynes."
uva.x000376096,1965,1960,BK,us,UNLABELED,2,000610273,The Corfu incident of 1923; Mussolini and the League of Nations.
uva.x000429766,1963,1960,BK,us,UNLABELED,1,101863548,Love's labor's lost / Edited by Alfred Harbage.
uva.x000495350,1963,1960,BK,us,UNLABELED,2,000207689,"The necessity of art, a Marxist approach / Translated by Anna Bostock."
uva.x000503878,1962,1960,BK,us,UNLABELED,2,001855216,A history of Soviet Russia.
uva.x000599610,1963,1960,BK,us,UNLABELED,1,102015242,The Red Rover / Edited with an introd. by Warren S. Walker.
uva.x000608264,1966,1960,BK,us,UNLABELED,1,001264397,"Sketches of early Texas and Louisiana. Translated with an introd. and notes by James L. Shepherd, III."
uva.x000621295,1968,1960,BK,us,UNLABELED,1,101883884,"A revitalization plan for Waynesboro CBD : phase I, CBD analysis / prepared by : University of Virginia, School of Archi"
uva.x000704858,1969,1960,BK,us,UNLABELED,1,102068209,"Political, economic, and social problems of the Latin-American nations of southern South America; papers read in a lectu"
uva.x000896296,1968,1960,BK,us,UNLABELED,2,001651852,The new Federal budget concept; an explanation and evaluation.
uva.x000916260,1967,1960,BK,us,UNLABELED,1,012240895,"History of the United States of America, from the discovery of the continent."
uva.x001280644,1967,1960,BK,us,UNLABELED,1,102097955,"Bootstraps; a history of Commerce Union Bank, 1916-1966, by James R. Kellam, Jr."
uva.x001336323,1964,1960,BK,us,UNLABELED,1,101875950,"Analysis, mathematics G 4161-2."
uva.x001339374,1965,1960,BK,us,UNLABELED,1,101880956,The Lord's dealings with Francis C. Anscombe.
uva.x001650404,1967,1960,BK,us,UNLABELED,1,001971805,The opening of the Canadian West; where strong men gathered.
uva.x001676698,1963,1960,BK,us,UNLABELED,1,101882160,"Fundamentals of radar. Translation prepared by Translation Services Branch, Foreign Technology Division."
uva.x001697903,1967,1960,BK,us,UNLABELED,1,102106060,How to repair small appliances.
uva.x001700331,1965,1960,BK,us,UNLABELED,1,102075639,"The treasury of hunting, by Larry Koller. [Picture editor: Peter Lacey]"
uva.x002058046,1968,1960,BK,us,UNLABELED,1,102023592,"The man made world, laboratory manual / Engineering Concepts Curriculum Project."
uva.x002306747,1963,1960,BK,us,UNLABELED,1,101948120,Famous Mozart operas; an analytical guide for the opera-goer and armchair listener.
uva.x004339288,1968,1960,BK,us,UNLABELED,1,101994937,"Built in USA: 1932-1944, edited by Elizabeth Mock, foreword by Philip L. Goodwin; Post-war architecture, edited by Henry"
uva.x030167876,1968,1960,BK,us,UNLABELED,1,102049324,"The fundamentals of the Thai language / by Stuart Campbell, Chuan Shaweevongse."
uva.x030765229,1961,1960,BK,us,UNLABELED,1,101864240,The inheritor.
wu.89010830172,1968,1960,BK,us,UNLABELED,1,005818900,"Politics and banking in Republican Kentucky, 1805-1824 by Tom K. Barton."
wu.89033912254,1968,1960,BK,us,UNLABELED,4,000816227,"The American challenge [by] J. J. Servan-Schreiber. With a foreword by Arthur Schlesinger, Jr. Translated from the Frenc"
wu.89042678185,1960,1960,BK,us,UNLABELED,1,005717647,March of the iron men; a social history of union through invention.
wu.89054838289,1966,1960,BK,us,UNLABELED,1,005723384,"To win the hunt : a Virginia foxhunter in Ireland / by Jane McIlvaine, illustrated by Nelson McClary."
wu.89058334830,1968,1960,BK,us,UNLABELED,1,007967032,With T-shirts and beer mugs for all; the unlikely odyssey of four innocents at home and a patriotic guide to seeing Amer
wu.89062920905,1963,1960,BK,us,UNLABELED,1,001915182,Orestes A. Brownson; a pilgrim's progress.
wu.89066236670,1969,1960,BK,us,UNLABELED,1,005706891,"Michael Reasor and Anna Herbert descendants, and related families of Brown, Pectol, Galloway, Scott, Razor, and McCutche"
wu.89085050417,1962,1960,BK,us,UNLABELED,1,005763051,[Bachelor's theses]
wu.89085093896,1962,1960,BK,us,UNLABELED,1,005763051,[Bachelor's theses]
coo.31924061318972,1967,1960,SE,uk,AGRICULTURAL,1,000047643,Gardeners chronicle & new horticulturist.
coo.31924065423596,1966,1960,SE,uk,AGRICULTURAL,1,007863481,"Report - Farm Economics Branch, School of Agriculture, Cambridge University."
inu.30000092328636,1961,1960,SE,uk,CATALOG,1,008867458,General catalogue of printed books / British Museum.
mdp.39015079755909,1964,1960,SE,uk,CATALOG,1,000503175,The British national bibliography cumulated subject catalogue.
uc1.b2901715,1966,1960,SE,uk,CATALOG,1,006097510,"Catalogue[s of engravings, etchings, lithographs, prints, woodcuts, etc.]"
coo.31924069533580,1967,1960,SE,uk,GENERAL_PERIODICAL,1,009115166,Meat & dairy produce bulletin.
coo.31924070962711,1968,1960,SE,uk,GENERAL_PERIODICAL,1,009175227,Quarterly poultry bulletin.
cub.u183015658397,1961,1960,SE,uk,GENERAL_PERIODICAL,1,103147678,Instrument review.
iau.31858034208060,1961,1960,SE,uk,GENERAL_PERIODICAL,1,102879413,Record review.
mdp.39015011394148,1969,1960,SE,uk,GENERAL_PERIODICAL,1,000523855,Bulletin of the International Seismological Centre = Bulletin du Centre séismologique international.
mdp.39015018261076,1966,1960,SE,uk,GENERAL_PERIODICAL,1,000494616,Journal of molecular biology.
mdp.39015018261621,1967,1960,SE,uk,GENERAL_PERIODICAL,1,000494616,Journal of molecular biology.
mdp.39015018261647,1967,1960,SE,uk,GENERAL_PERIODICAL,1,000494616,Journal of molecular biology.
mdp.39015019270548,1969,1960,SE,uk,GENERAL_PERIODICAL,1,000494508,Journal of neurochemistry.
mdp.39015019893240,1963,1960,SE,uk,GENERAL_PERIODICAL,1,000528134,Civil engineering and public works review.
mdp.39015020139609,1964,1960,SE,uk,GENERAL_PERIODICAL,1,000676597,"Summary of world broadcasts. Pt. 3, The Far East. Weekly supplement."
mdp.39015024357777,1967,1960,SE,uk,GENERAL_PERIODICAL,1,000061779,The Islamic review.
mdp.39015029608612,1960,1960,SE,uk,GENERAL_PERIODICAL,2,000060140,Russian engineering journal.
mdp.39015065273552,1969,1960,SE,uk,GENERAL_PERIODICAL,1,000681643,The Police journal.
mdp.39015081327168,1960,1960,SE,uk,GENERAL_PERIODICAL,1,000534903,Bulletin / Inter-African Labour Institute.
uc1.31822009498569,1964,1960,SE,uk,GENERAL_PERIODICAL,1,004529446,Journal of the Chemical Society.
uc1.31822009514936,1967,1960,SE,uk,GENERAL_PERIODICAL,1,004527513,"Journal of the Chemical Society. C, Organic"
uc1.32106020669369,1968,1960,SE,uk,GENERAL_PERIODICAL,1,000527433,Annals of the Cape Observatory
uc1.b2939352,1961,1960,SE,uk,GENERAL_PERIODICAL,1,000064375,The orchid review.
uc1.b3045138,1969,1960,SE,uk,GENERAL_PERIODICAL,1,000522805,The Dublin review.
uc1.b3796719,1964,1960,SE,uk,GENERAL_PERIODICAL,1,000494621,Journal of psychosomatic research.
uc1.b3975482,1969,1960,SE,uk,GENERAL_PERIODICAL,1,000501077,The British journal of educational psychology.
uc1.b4416457,1961,1960,SE,uk,GENERAL_PERIODICAL,1,006237022,Journal of the Television Society.
uc1.b4554687,1965,1960,SE,uk,GENERAL_PERIODICAL,1,000497210,British journal of pharmacology and chemotherapy
uc1.c027224535,1960,1960,SE,uk,GENERAL_PERIODICAL,1,000523522,The Veterinary record : journal of the British Veterinary Association.
uc1.d0000543298,1964,1960,SE,uk,GENERAL_PERIODICAL,1,101730195,Advertisers weekly; organ of British advertising.
uc1.d0000890657,1963,1960,SE,uk,GENERAL_PERIODICAL,1,000638102,Municipal journal.
ufl.31262043346815,1963,1960,SE,uk,GENERAL_PERIODICAL,1,103067674,The Journal of the Institution of Heating and Ventilating Engineers.
uga1.32108058399638,1963,1960,SE,uk,GENERAL_PERIODICAL,1,000525388,Lloyds Bank review.
uiug.30112106524520,1964,1960,SE,uk,GENERAL_PERIODICAL,2,000059070,NLL translations bulletin.
umn.319510004310713,1968,1960,SE,uk,GENERAL_PERIODICAL,1,101778924,Design bulletin.
umn.31951002149029x,1967,1960,SE,uk,GENERAL_PERIODICAL,1,009663414,Fairplay international shipping journal.
uva.x030604530,1960,1960,SE,uk,GENERAL_PERIODICAL,1,000051049,Journal of African administration.
uva.x030718059,1968,1960,SE,uk,GENERAL_PERIODICAL,1,000637748,London magazine.
iau.31858034772321,1960,1960,SE,uk,MEDICAL,1,101746380,Medical press.
mdp.39015007753638,1969,1960,SE,uk,MEDICAL,1,000676625,Journal of tropical medicine and hygiene.
mdp.39015072159984,1968,1960,SE,uk,MEDICAL,1,000055313,Medical directory.
mdp.39015036887761,1968,1960,SE,uk,REFERENCE,1,000057661,Directory of short courses in librarianship and information work.
mdp.39015070373496,1962,1960,SE,uk,REFERENCE,1,000550393,The Middle East; a survey and directory of the countries of the Middle East.
nyp.33433109916118,1961,1960,SE,uk,REFERENCE,1,000863445,Heat bibliography.
nyp.33433109965362,1966,1960,SE,uk,REFERENCE,1,102215178,BBC handbook.
uc1.b3408989,1968,1960,SE,uk,REFERENCE,1,000542940,Deep-sea research. Oceanographic abstracts and oceanographic bibliography section.
mdp.39015024213152,1968,1960,SE,uk,TRADE,1,003919142,The foundry trade journal.
uiug.30112075997517,1967,1960,SE,uk,TRADE,1,009368271,Board of Trade journal.
coo.31924054102557,1964,1960,SE,uk,UNLABELED,1,010691040,Problems of progress in industry.
coo.31924055082832,1964,1960,SE,uk,UNLABELED,1,009195198,Home economics.
coo.31924055171379,1960,1960,SE,uk,UNLABELED,1,009152173,Farm mechanization and buildings.
coo.31924056487303,1961,1960,SE,uk,UNLABELED,1,000501846,Proceedings.
coo.31924058244405,1969,1960,SE,uk,UNLABELED,1,000552650,Fuel abstracts and current titles.
cub.u183018910073,1960,1960,SE,uk,UNLABELED,1,009754011,Federation news.
iau.31858028268732,1960,1960,SE,uk,UNLABELED,1,008572075,Country life
ien.35556031475411,1962,1960,SE,uk,UNLABELED,1,010641431,Proceedings of the world meeting.
inu.30000088322791,1967,1960,SE,uk,UNLABELED,1,000046507,Parliamentary debates (Hansard). House of Commons official report.
mdp.35112103236479,1963,1960,SE,uk,UNLABELED,1,010426528,"The international library of criminology, delinquency and deviant social behaviour."
mdp.39015004549179,1961,1960,SE,uk,UNLABELED,1,000551640,International Congress on Metallic Corrosion; [proceedings]
mdp.39015011992776,1964,1960,SE,uk,UNLABELED,1,000676204,Atom.
mdp.39015020213925,1967,1960,SE,uk,UNLABELED,1,000526827,Control.
mdp.39015021301703,1967,1960,SE,uk,UNLABELED,1,000639319,Management services.
mdp.39015024366935,1964,1960,SE,uk,UNLABELED,1,000635919,Road research technical paper.
mdp.39015026791387,1964,1960,SE,uk,UNLABELED,1,000070587,Paris.
mdp.39015035712481,1969,1960,SE,uk,UNLABELED,1,000641861,Transactions of the Faculty of Actuaries.
mdp.39015036836529,1966,1960,SE,uk,UNLABELED,1,000535325,Report.
mdp.39015039492742,1964,1960,SE,uk,UNLABELED,1,000636971,East Africa and Rhodesia.
mdp.39015047834075,1964,1960,SE,uk,UNLABELED,1,002134014,Science abstracts.
mdp.39015055321171,1969,1960,SE,uk,UNLABELED,1,000681638,Polar record.
mdp.39015056733887,1963,1960,SE,uk,UNLABELED,1,000597552,Vacher's parliamentary companion.
mdp.39015060422998,1960,1960,SE,uk,UNLABELED,1,000521290,Race.
mdp.39015061289305,1961,1960,SE,uk,UNLABELED,1,000599004,Archives.
mdp.39015080018750,1962,1960,SE,uk,UNLABELED,1,000638596,The Shipbuilder and marine engine-builder.
mdp.39015086371260,1960,1960,SE,uk,UNLABELED,1,000496188,Faith and thought.
mdp.39076000276092,1964,1960,SE,uk,UNLABELED,2,008334088,Proceedings of the Physical Society
nyp.33433084088040,1963,1960,SE,uk,UNLABELED,1,103136854,Industrial architecture.
nyp.33433110088956,1963,1960,SE,uk,UNLABELED,1,103067664,The physics exhibition.
osu.32435021110598,1960,1960,SE,uk,UNLABELED,1,000553856,The Year's work in English studies.
osu.32435062449442,1963,1960,SE,uk,UNLABELED,1,100103114,Parliamentary papers [1909-1982]
pur1.32754070662279,1961,1960,SE,uk,UNLABELED,1,007137158,Soviet survey.
uc1.$b357882,1962,1960,SE,uk,UNLABELED,1,009996822,News letter
uc1.$b758386,1967,1960,SE,uk,UNLABELED,1,002058681,Scottish History Society.
uc1.$c118505,1968,1960,SE,uk,UNLABELED,1,000541291,Farm incomes in England and Wales.
uc1.$c176509,1963,1960,SE,uk,UNLABELED,1,103062139,Motor.
uc1.$c204613,1962,1960,SE,uk,UNLABELED,1,101946514,Gardeners chronicle & gardening illustrated.
uc1.31158005118939,1961,1960,SE,uk,UNLABELED,1,102489707,"Examination papers. Honour school of philosophy, politics, and economics. Second public examination."
uc1.31158006532807,1964,1960,SE,uk,UNLABELED,1,000062455,Cambridge university reporter.
uc1.32106017058428,1964,1960,SE,uk,UNLABELED,1,000496122,The economist
uc1.32106017058501,1965,1960,SE,uk,UNLABELED,1,000496122,The economist
uc1.32106017061976,1969,1960,SE,uk,UNLABELED,1,007150380,World banking survey
uc1.32106021029472,1960,1960,SE,uk,UNLABELED,1,008866269,Subject index of modern books acquired.
uc1.32106021029480,1960,1960,SE,uk,UNLABELED,1,008866269,Subject index of modern books acquired.
uc1.a0002542959,1965,1960,SE,uk,UNLABELED,1,011594799,Proceedings of the Cambridge Antiquarian Society.
uc1.b2864019,1960,1960,SE,uk,UNLABELED,1,000597568,Wireless world.
uc1.b3063215,1969,1960,SE,uk,UNLABELED,1,007909514,Display.
uc1.b3344371,1967,1960,SE,uk,UNLABELED,1,007916253,Annual report / British Empire Cancer Campaign for Research.
uc1.b3567166,1965,1960,SE,uk,UNLABELED,1,007860526,Encore.
uc1.b3603807,1966,1960,SE,uk,UNLABELED,1,000057548,Publications and titles of theses.
uc1.b3604087,1969,1960,SE,uk,UNLABELED,1,006684563,Essays and studies : being volume ... of the new series of essays and studies collected for the English Association.
uc1.b3841573,1961,1960,SE,uk,UNLABELED,2,007119510,Deep-sea research
uc1.b3852473,1969,1960,SE,uk,UNLABELED,1,000642854,Population studies.
uc1.b4134313,1966,1960,SE,uk,UNLABELED,1,010009869,Report
uc1.b4161747,1964,1960,SE,uk,UNLABELED,1,000499806,Library Association record.
uc1.b4321457,1966,1960,SE,uk,UNLABELED,1,006218663,The Gardens of England and Wales.
uc1.b4713696,1968,1960,SE,uk,UNLABELED,1,011256600,Byron Foundation lecture.
uc1.b4945383,1960,1960,SE,uk,UNLABELED,1,000641506,Economica
uc1.c2573587,1962,1960,SE,uk,UNLABELED,1,103062139,Motor.
uc1.ee0000021873,1966,1960,SE,uk,UNLABELED,1,000520935,The illustrated London news.
uc1.l0062981097,1963,1960,SE,uk,UNLABELED,1,102480645,"Summary record of meetings = Procès-verbaux des séances / First Committee, Political and Security Questions, Including"
uc1.l0064329857,1968,1960,SE,uk,UNLABELED,1,000888892,Index veterinarius.
ufl.31262070322366,1960,1960,SE,uk,UNLABELED,1,000639397,Medium aevum.
ufl.31262081994161,1961,1960,SE,uk,UNLABELED,1,103077681,Cmnd.
ufl.31262083571785,1962,1960,SE,uk,UNLABELED,1,000046507,Parliamentary debates (Hansard). House of Commons official report.
ufl.35051105985420,1960,1960,SE,uk,UNLABELED,1,009646041,Chemistry and industry
uga1.32108057802095,1962,1960,SE,uk,UNLABELED,1,000639061,The spectator
uiug.30112001368882,1969,1960,SE,uk,UNLABELED,1,000047444,"International series of monographs on pure and applied biology. Division, Zoology."
uiug.30112007933267,1960,1960,SE,uk,UNLABELED,1,003600701,Machinery and production engineering.
uiug.30112008758465,1967,1960,SE,uk,UNLABELED,1,011454319,Glass.
uiug.30112105282211,1963,1960,SE,uk,UNLABELED,1,006294228,Annual report - Scottish Council for Research in Education.
uiug.30112120083222,1968,1960,SE,uk,UNLABELED,1,101851840,Report for the year.
umn.31951000420195w,1961,1960,SE,uk,UNLABELED,1,101723383,Assay of strontium-90 in human bone in the United Kingdom.
umn.31951000849146w,1961,1960,SE,uk,UNLABELED,1,008881313,The Welder.
umn.31951002801211n,1960,1960,SE,uk,UNLABELED,1,101652890,Radio times.
umn.31951d025433453,1964,1960,SE,uk,UNLABELED,1,000531032,Sessional papers.
umn.31951t00252177i,1966,1960,SE,uk,UNLABELED,1,000506849,Statistics of education.
uva.x002010604,1964,1960,SE,uk,UNLABELED,1,000503468,Annual report / the Tennyson Society.
uva.x002164481,1966,1960,SE,uk,UNLABELED,1,000497363,Recorded sound.
uva.x004018640,1963,1960,SE,uk,UNLABELED,1,000498637,"Current papers / Ministry of Supply, Aeronautical Research Council."
uva.x004018654,1963,1960,SE,uk,UNLABELED,1,000498637,"Current papers / Ministry of Supply, Aeronautical Research Council."
uva.x030560369,1966,1960,SE,uk,UNLABELED,1,000497766,AGARD conference proceedings.
wu.89042030734,1960,1960,SE,uk,UNLABELED,1,000527592,Decorative art.
wu.89098115512,1965,1960,SE,uk,UNLABELED,1,000503862,Record Society for the Publication of Original Documents relating to Lancashire and Cheshire : [publications]
coo.31924055999217,1968,1960,SE,us,AGRICULTURAL,1,009882405,"Estimates of employment, hours, and earnings in nonagricultural establishments; Chicago standard metropolitan statistica"
nc01.ark:/13960/t1gj83d4h,1961,1960,SE,us,AGRICULTURAL,1,102829123,The Carolina farmer.
uc1.31175000375108,1965,1960,SE,us,AGRICULTURAL,1,000681743,Journal of the Association of Official Agricultural Chemists.
uc1.31175027980054,1965,1960,SE,us,AGRICULTURAL,1,000681743,Journal of the Association of Official Agricultural Chemists.
uc1.31210014013054,1966,1960,SE,us,AGRICULTURAL,1,006131924,Technical bulletin / North Carolina Agricultural Experiment Station.
uc1.31210014013062,1968,1960,SE,us,AGRICULTURAL,1,006131924,Technical bulletin / North Carolina Agricultural Experiment Station.
uc1.b2897504,1965,1960,SE,us,AGRICULTURAL,2,000549015,Proceedings of the ... International Conference of Agricultural Economists.
uiug.30112043862264,1965,1960,SE,us,AGRICULTURAL,1,000506962,Bulletin / Agricultural Experiment Station of the University of Illinois.
mdp.39015075989601,1960,1960,SE,us,CATALOG,1,005810724,Catalogue / Lake Erie College.
mdp.39015076399883,1961,1960,SE,us,CATALOG,1,000063762,Catalogue of Oberlin College for the year ...
nyp.33433022589711,1965,1960,SE,us,CATALOG,1,103141299,The Harrison catalog of stereophonic tapes.
rul.39030037326586,1962,1960,SE,us,CATALOG,1,102913407,The National union catalog. Motion pictures and filmstrips : a cumulative author list representing Library of Congress p
uiug.30112110877120,1964,1960,SE,us,CATALOG,1,100698966,General catalog.
uiug.30112112286957,1960,1960,SE,us,CATALOG,1,100177827,Annual catalog - Southwest Texas State College.
coo.31924053160556,1969,1960,SE,us,GENERAL_PERIODICAL,1,009882630,Florida veterinary bulletin.
coo.31924055545853,1961,1960,SE,us,GENERAL_PERIODICAL,1,009188691,Borden's review of nutrition research.
coo.31924058158209,1962,1960,SE,us,GENERAL_PERIODICAL,1,003923845,Journal of the Power Division
coo.31924062300938,1969,1960,SE,us,GENERAL_PERIODICAL,1,009218404,Bulletin.
coo.31924062307677,1969,1960,SE,us,GENERAL_PERIODICAL,1,000548884,Bulletin - Office of Research and Engineering Services.
cub.u183018959726,1962,1960,SE,us,GENERAL_PERIODICAL,1,102090590,Bulletin.
cub.u183019754925,1963,1960,SE,us,GENERAL_PERIODICAL,1,000501121,International journal of American linguistics.
cub.u183021701310,1963,1960,SE,us,GENERAL_PERIODICAL,1,006059300,Journal of retailing.
hvd.32044010523181,1967,1960,SE,us,GENERAL_PERIODICAL,1,004565311,The African repository and colonial journal
iau.31858002752743,1961,1960,SE,us,GENERAL_PERIODICAL,1,000681452,Journal of general chemistry of the USSR in English translation
iau.31858018220594,1963,1960,SE,us,GENERAL_PERIODICAL,1,003909500,"The American journal of roentgenology, radium therapy and nuclear medicine."
iau.31858046290163,1960,1960,SE,us,GENERAL_PERIODICAL,1,102880547,NAHB journal of homebuilding.
ien.35558003724719,1969,1960,SE,us,GENERAL_PERIODICAL,1,010604913,Journal of practical orthodontics : JPO.
inu.30000108150024,1968,1960,SE,us,GENERAL_PERIODICAL,1,008567756,The journal : official publication of the Cleveland Bar Association.
mdp.35128000517415,1963,1960,SE,us,GENERAL_PERIODICAL,1,005330429,Bulletin.
mdp.35128000580785,1964,1960,SE,us,GENERAL_PERIODICAL,1,005337055,The Bankers monthly.
mdp.35128001774783,1960,1960,SE,us,GENERAL_PERIODICAL,1,100405768,The weekly underwriter.
mdp.39015001930414,1965,1960,SE,us,GENERAL_PERIODICAL,1,000532382,Bulletin of the Geological Society of America.
mdp.39015004717156,1968,1960,SE,us,GENERAL_PERIODICAL,1,000054887,World economic review and forecast.
mdp.39015008279799,1967,1960,SE,us,GENERAL_PERIODICAL,1,000640559,The Psychoanalytic quarterly.
mdp.39015017807507,1966,1960,SE,us,GENERAL_PERIODICAL,1,000635649,"Quarterly progress report / Solid-State and Molecular Theory Group, Massachusetts Institute of Technology."
mdp.39015017847545,1967,1960,SE,us,GENERAL_PERIODICAL,1,000505352,Physical review letters
mdp.39015021244093,1967,1960,SE,us,GENERAL_PERIODICAL,1,000500791,The journal of physical chemistry
mdp.39015021274314,1969,1960,SE,us,GENERAL_PERIODICAL,1,000674499,Journal of the American Chemical Society
mdp.39015022695285,1968,1960,SE,us,GENERAL_PERIODICAL,1,000551404,Journal of chemical documentation
mdp.39015029605022,1964,1960,SE,us,GENERAL_PERIODICAL,1,000677624,Asphalt Institute quarterly.
mdp.39015029648287,1969,1960,SE,us,GENERAL_PERIODICAL,1,000523523,Cast metals research journal.
mdp.39015031930061,1968,1960,SE,us,GENERAL_PERIODICAL,1,000497028,The Journal of Negro history
mdp.39015033684013,1960,1960,SE,us,GENERAL_PERIODICAL,1,000536176,"Library bulletin - University of Southern California, Library."
mdp.39015036912221,1966,1960,SE,us,GENERAL_PERIODICAL,1,000494488,Library journal.
mdp.39015037065995,1968,1960,SE,us,GENERAL_PERIODICAL,1,000525121,Bulletin.
mdp.39015037670497,1964,1960,SE,us,GENERAL_PERIODICAL,1,000061022,Bulletin.
mdp.39015038826221,1963,1960,SE,us,GENERAL_PERIODICAL,1,000498372,Journal of the Mississippi Academy of Sciences.
mdp.39015039498301,1964,1960,SE,us,GENERAL_PERIODICAL,1,000636514,The American school board journal.
mdp.39015052503029,1960,1960,SE,us,GENERAL_PERIODICAL,1,000530645,Bulletin.
mdp.39015063916483,1966,1960,SE,us,GENERAL_PERIODICAL,1,000495097,Abstract bulletin of the Institute of Paper Chemistry.
mdp.39015068934903,1968,1960,SE,us,GENERAL_PERIODICAL,1,000497551,Shakespeare quarterly.
mdp.39015073097001,1968,1960,SE,us,GENERAL_PERIODICAL,1,000637853,Social science quarterly
mdp.39015074806913,1966,1960,SE,us,GENERAL_PERIODICAL,1,000533334,The Jewish quarterly review.
mdp.39015076434748,1962,1960,SE,us,GENERAL_PERIODICAL,1,000060319,The Baylor bulletin.
mdp.39015084457848,1965,1960,SE,us,GENERAL_PERIODICAL,1,000637929,Georgia local government journal.
mdp.39015084539686,1962,1960,SE,us,GENERAL_PERIODICAL,1,000677768,The New York times book review.
mdp.39076000007158,1963,1960,SE,us,GENERAL_PERIODICAL,1,000677620,The Annals of the American Academy of Political and Social Science.
nyp.33433036421885,1962,1960,SE,us,GENERAL_PERIODICAL,1,103140544,Jack Cortez' fabulous Las Vegas magazine.
nyp.33433063828051,1960,1960,SE,us,GENERAL_PERIODICAL,1,103036431,IBM technical disclosure bulletin.
nyp.33433110014390,1965,1960,SE,us,GENERAL_PERIODICAL,1,000551516,"Bulletin / State of California, Department of Water Resources."
nyp.33433110015496,1966,1960,SE,us,GENERAL_PERIODICAL,1,000551516,"Bulletin / State of California, Department of Water Resources."
osu.32435020440756,1965,1960,SE,us,GENERAL_PERIODICAL,1,009054825,Bulletin.
osu.32435027461714,1962,1960,SE,us,GENERAL_PERIODICAL,1,000522705,Virginia journal of science.
osu.32435027513019,1961,1960,SE,us,GENERAL_PERIODICAL,1,000521919,Journal of the Washington Academy of Sciences.
osu.32435055047088,1960,1960,SE,us,GENERAL_PERIODICAL,1,000057112,Bulletin.
osu.32435061928917,1965,1960,SE,us,GENERAL_PERIODICAL,1,100713290,Monthly index of conditions affecting water supply.
osu.32435066377722,1960,1960,SE,us,GENERAL_PERIODICAL,1,003856413,Kansas Engineering Experiment Station bulletin.
pst.000009628342,1969,1960,SE,us,GENERAL_PERIODICAL,1,000504261,National journal.
pst.000052229527,1963,1960,SE,us,GENERAL_PERIODICAL,1,000503743,Michigan education journal.
pst.000056647938,1964,1960,SE,us,GENERAL_PERIODICAL,1,009047223,Illinois business review.
rul.39030032066963,1960,1960,SE,us,GENERAL_PERIODICAL,1,000052170,The Journal of biological chemistry  [v.1-v.260]
rul.39030039649035,1967,1960,SE,us,GENERAL_PERIODICAL,1,010847919,Connecticut health bulletin / State Department of Health.
rul.44008000082520,1962,1960,SE,us,GENERAL_PERIODICAL,2,000530829,The journal of clinical investigation
uc1.$b224846,1969,1960,SE,us,GENERAL_PERIODICAL,1,000551653,ALA bulletin
uc1.$b231445,1966,1960,SE,us,GENERAL_PERIODICAL,1,000679085,Wilson library bulletin.
uc1.$b234049,1967,1960,SE,us,GENERAL_PERIODICAL,1,000518852,The New Hungarian quarterly
uc1.31175012364447,1962,1960,SE,us,GENERAL_PERIODICAL,1,103132453,California magazine of the Pacific.
uc1.31210001024882,1969,1960,SE,us,GENERAL_PERIODICAL,1,000637225,Natural resources journal.
uc1.31210018245124,1960,1960,SE,us,GENERAL_PERIODICAL,1,000679357,Monthly chart book.
uc1.b2898407,1962,1960,SE,us,GENERAL_PERIODICAL,1,001718904,"Bulletin / Highway Research Board, National Research Council."
uc1.b2898571,1962,1960,SE,us,GENERAL_PERIODICAL,1,001718904,"Bulletin / Highway Research Board, National Research Council."
uc1.b3037473,1964,1960,SE,us,GENERAL_PERIODICAL,1,000496227,Quarterly of the National Fire Protection Association.
uc1.b3366935,1963,1960,SE,us,GENERAL_PERIODICAL,1,000520640,New York state dental journal
uc1.b3510871,1962,1960,SE,us,GENERAL_PERIODICAL,1,000495651,The Annals of mathematical statistics.
uc1.b3512170,1967,1960,SE,us,GENERAL_PERIODICAL,1,011475849,CQ : the radio amateurs' journal.
uc1.b3593974,1963,1960,SE,us,GENERAL_PERIODICAL,1,004529106,The horn book magazine.
uc1.b3851372,1966,1960,SE,us,GENERAL_PERIODICAL,1,000636628,Journal of colloid and interface science
uc1.b3868452,1968,1960,SE,us,GENERAL_PERIODICAL,1,004528871,The Milbank Memorial Fund quarterly.
uc1.b4029846,1961,1960,SE,us,GENERAL_PERIODICAL,1,004528823,The bulletin of the National Association of Secondary School Principals.
uc1.b4031643,1961,1960,SE,us,GENERAL_PERIODICAL,1,000681258,The Journal of education.
uc1.b4236511,1965,1960,SE,us,GENERAL_PERIODICAL,1,000681895,Journal of morphology.
uc1.b4236522,1969,1960,SE,us,GENERAL_PERIODICAL,1,000681895,Journal of morphology.
uc1.b4341175,1964,1960,SE,us,GENERAL_PERIODICAL,1,000520640,New York state dental journal
uc1.b4400265,1962,1960,SE,us,GENERAL_PERIODICAL,1,006230303,New England journal of optometry.
uc1.b4461281,1967,1960,SE,us,GENERAL_PERIODICAL,1,000497408,Journal; proceedings of the American Society of Civil Engineers.
uc1.b4928281,1963,1960,SE,us,GENERAL_PERIODICAL,1,000520523,The Musical quarterly.
uc1.b4928284,1965,1960,SE,us,GENERAL_PERIODICAL,1,000520523,The Musical quarterly.
uc1.c118499329,1960,1960,SE,us,GENERAL_PERIODICAL,1,103065587,Bulletin / California Fig Institute.
uc1.l0061016465,1961,1960,SE,us,GENERAL_PERIODICAL,1,000520708,"Bulletin of the Academy of Sciences of the USSR, Division of Chemical Science"
ucbk.ark:/28722/h2wm14d2s,1966,1960,SE,us,GENERAL_PERIODICAL,1,000523567,Circulation research : a journal of the American Heart Association.
ufl.31262098717951,1962,1960,SE,us,GENERAL_PERIODICAL,1,005895374,Brotherhood of Maintenance of Way Employes journal.
uga1.32108048705738,1969,1960,SE,us,GENERAL_PERIODICAL,1,007392316,Curriculum bulletin.
uga1.32108048705795,1969,1960,SE,us,GENERAL_PERIODICAL,1,007392316,Curriculum bulletin.
uga1.32108048706660,1969,1960,SE,us,GENERAL_PERIODICAL,1,007392316,Curriculum bulletin.
uiug.30112018079738,1962,1960,SE,us,GENERAL_PERIODICAL,1,000518949,Microwave journal
uiug.30112085183009,1961,1960,SE,us,GENERAL_PERIODICAL,1,000522717,Virginia municipal review.
uiug.30112089446790,1964,1960,SE,us,GENERAL_PERIODICAL,1,000520976,Illinois municipal review.
uiug.30112098213439,1960,1960,SE,us,GENERAL_PERIODICAL,1,002885351,Annual bulletin of gas statistics for Europe. Bulletin annuel de statistiques du gaz pour l'Europe.  Ezhegodnyĭ bi︠u︡ll
uiug.30112109701679,1964,1960,SE,us,GENERAL_PERIODICAL,1,000550007,Bulletin.
umn.319510008672979,1963,1960,SE,us,GENERAL_PERIODICAL,1,008880526,Mechanization; the magazine of modern coal.
uva.x001660979,1968,1960,SE,us,GENERAL_PERIODICAL,1,000498717,Bulletin of the American Association of Petroleum Geologists.
uva.x004374835,1960,1960,SE,us,GENERAL_PERIODICAL,2,001718904,"Bulletin / Highway Research Board, National Research Council."
uva.x004374905,1961,1960,SE,us,GENERAL_PERIODICAL,1,001718904,"Bulletin / Highway Research Board, National Research Council."
uva.x030596737,1964,1960,SE,us,GENERAL_PERIODICAL,1,008163935,Bulletin - University of Arizona. Ethnic Research Bureau.
wu.89062464292,1969,1960,SE,us,GENERAL_PERIODICAL,1,005781456,The Williams' family bulletin.
mdp.39015074983472,1968,1960,SE,us,JUVENILE,1,002134743,Michigan children's camp directory.
mdp.35112104886447,1964,1960,SE,us,LEGAL,1,000053901,Legal series.
osu.32437011909781,1961,1960,SE,us,LEGAL,1,008440950,Reports of cases decided in the Court of Appeals of the State of Georgia at the ...
uc1.b4001474,1965,1960,SE,us,LEGAL,1,010001199,New York continuing legal education
uc1.b4001863,1965,1960,SE,us,LEGAL,1,008563024,Reports of cases determined in the District Courts of Appeal of the state of California ...
uc1.b5038485,1966,1960,SE,us,LEGAL,1,008606752,Reports of cases decided in the Supreme Court of the State of Oregon.
uc1.b5038844,1968,1960,SE,us,LEGAL,1,008440943,Reports of selected cases decided in courts of the State of New York other than the Court of Appeals and the Appellate D
umn.31951t00142207c,1962,1960,SE,us,LEGAL,1,010588912,Reports of cases determined in the District Courts of Appeal of the state of California 2nd.
uc1.$b339658,1968,1960,SE,us,MEDICAL,1,000507424,"Bulletin of the Sloane Hospital for Women in the Columbia-Presbyterian Medical Center, New York."
uc1.31822006980874,1969,1960,SE,us,MEDICAL,1,010657367,Handbook of surgery
uc1.b3521828,1967,1960,SE,us,MEDICAL,1,000551989,The Medical clinics of North America
uc1.b4112986,1969,1960,SE,us,MEDICAL,1,000639411,Bulletin of the Medical Library Association
uc1.b4248309,1964,1960,SE,us,MEDICAL,1,006198794,Bulletin / National Medical and Dental Association of America
uc1.b4560119,1967,1960,SE,us,MEDICAL,1,009047750,The Journal of medical education
uc1.l0064647118,1960,1960,SE,us,MEDICAL,1,000639414,The medical letter on drugs and therapeutics.
coo.31924054282045,1962,1960,SE,us,REFERENCE,1,010007726,"Directory and guide - Building Construction Employers' Association of Chicago, Inc."
coo.31924055803583,1967,1960,SE,us,REFERENCE,1,009922313,Current biography yearbook.
coo.31924061840736,1967,1960,SE,us,REFERENCE,1,000532968,Statistical year book of the electric utility industry for ... .
ien.35556029071594,1960,1960,SE,us,REFERENCE,1,010602949,"COWA surveys and bibliographies. Area 18, Northern Asia."
inu.30000116452792,1965,1960,SE,us,REFERENCE,1,007445473,"COWA surveys and bibliographies. Area 3, Western Europe. Part I."
mdp.39015000976657,1963,1960,SE,us,REFERENCE,1,000544137,Fluid power handbook and directory.
mdp.39015013918720,1963,1960,SE,us,REFERENCE,1,000543178,"Directory of the helicopter operators, commercial, executive, government, and the helicopter flight schools in the Unite"
mdp.39015036814534,1967,1960,SE,us,REFERENCE,1,000503968,Pennsylvania public libraries directory.
nc01.ark:/13960/s2j0f4563fh,1961,1960,SE,us,REFERENCE,1,103008160,Yearbook / Hall Fletcher Junior High School.
nyp.33433014367035,1961,1960,SE,us,REFERENCE,1,103031104,Academy players directory.
nyp.33433014369106,1967,1960,SE,us,REFERENCE,1,103031104,Academy players directory.
nyp.33433109984215,1960,1960,SE,us,REFERENCE,1,103051468,Hi-fi directory & buyers' guide.
txu.059173023699712,1960,1960,SE,us,REFERENCE,1,101525859,"Directory of hotels. Central America, Panama, and the West Indies."
uc1.$b737990,1964,1960,SE,us,REFERENCE,1,009963862,Directory of Professional Interests in Foreign Areas
uc1.b3107626,1963,1960,SE,us,REFERENCE,1,007356332,Handbook.
uc1.b3329427,1969,1960,SE,us,REFERENCE,1,000060832,Directory of intergroup relations agencies / prepared by Broterhood-In-Action in cooperation with National Association o
uc1.b3867669,1967,1960,SE,us,REFERENCE,1,000551151,Maine register or state year-book and legislative manual from April 1 ... to April 1 ...
uc1.l0052359940,1960,1960,SE,us,REFERENCE,1,009918756,Dictionary of American biography. Supplement.
uc1.l0073684904,1961,1960,SE,us,REFERENCE,1,010753435,Directory.
ufl.31262040544602,1962,1960,SE,us,REFERENCE,1,000049303,Yearbook of the John Dewey Society.
dul1.ark:/13960/t7rn3t817,1964,1960,SE,us,RELIGIOUS,1,010944652,"Official journal of the North Carolina Annual Conference, Methodist Church, Central Jurisdiction, ... session"
ia.ark:/13960/t5x654r7d,1967,1960,SE,us,RELIGIOUS,1,100968885,Proceedings of the ... annual session of the French Broad Baptist Association.
mdp.39015012897495,1969,1960,SE,us,RELIGIOUS,1,000498877,Religious theatre.
mdp.39015084574907,1965,1960,SE,us,RELIGIOUS,1,000523489,The Chicago Theological Seminary register.
nc01.ark:/13960/t3dz1rr86,1965,1960,SE,us,RELIGIOUS,1,100968873,Minutes of the ... annual session of the Alexander County Baptist Association.
wu.89069654499,1963,1960,SE,us,RELIGIOUS,1,007465602,United Church herald.
mdp.35128001668357,1967,1960,SE,us,TRADE,1,005338821,Hardware age.
uiug.30112058872257,1962,1960,SE,us,TRADE,1,100753682,Directory of Maryland manufacturers.
coo.31924053121228,1963,1960,SE,us,UNLABELED,1,009881344,Veterinary scope.
coo.31924054287663,1961,1960,SE,us,UNLABELED,1,010852142,UE news.
coo.31924055449965,1964,1960,SE,us,UNLABELED,1,009195187,Feed and farm supplier.
coo.31924056052214,1969,1960,SE,us,UNLABELED,1,009218544,Transactions of the Metallurgical Society of AIME.
coo.31924058318563,1963,1960,SE,us,UNLABELED,1,000536085,Roads and streets.
coo.31924058362892,1966,1960,SE,us,UNLABELED,1,000532899,"Information circular - Department of Mines, Mining and Geology."
coo.31924061255125,1966,1960,SE,us,UNLABELED,1,009161615,Annual proceedings of the Board of Supervisors of Steuben County.
coo.31924062315860,1965,1960,SE,us,UNLABELED,1,009218571,Technical paper series.
coo.31924066914940,1968,1960,SE,us,UNLABELED,1,009199132,Iowa turkey talk.
coo.31924069198525,1965,1960,SE,us,UNLABELED,1,009178710,Produce marketing.
coo.31924070876457,1968,1960,SE,us,UNLABELED,1,009189846,Outdoor Oklahoma.
coo.31924101409542,1961,1960,SE,us,UNLABELED,1,000521250,Research memorandum.
cub.u183016425543,1963,1960,SE,us,UNLABELED,1,103152865,Food distributors news.
cub.u183022636518,1960,1960,SE,us,UNLABELED,1,004527919,Proceedings of the National Academy of Sciences of the United States of America.
cub.u183044755639,1961,1960,SE,us,UNLABELED,1,000062266,The National micro news.
hvd.hl2k8b,1969,1960,SE,us,UNLABELED,1,006257540,Annual report of the Police Commissioner for the City of Boston.
iau.31858003459074,1962,1960,SE,us,UNLABELED,1,004076106,Purchasing.
iau.31858020238055,1962,1960,SE,us,UNLABELED,1,000642804,QST.
iau.31858033577721,1960,1960,SE,us,UNLABELED,1,009921676,"Transactions of the American Institute of Electrical Engineers. Part 1, Communication and electronics."
iau.31858045960071,1960,1960,SE,us,UNLABELED,1,000541656,Hobbies.
iau.31858060496746,1960,1960,SE,us,UNLABELED,1,100753577,Salary book.
ien.35556002867240,1968,1960,SE,us,UNLABELED,1,000529229,Proceedings of New York University Annual National Conference on Labor
ien.35556031465602,1969,1960,SE,us,UNLABELED,2,000495332,Proceedings of the ... annual Road School held at Purdue University.
ien.35556034517839,1964,1960,SE,us,UNLABELED,1,011242540,Annual report / the Delaware River and Bay Authority.
ien.35558002373385,1960,1960,SE,us,UNLABELED,1,008857258,Cancer chemotherapy abstracts.
inu.30000056045820,1960,1960,SE,us,UNLABELED,1,006785135,"By-laws, historical notes and roster of active members."
inu.30000093648164,1968,1960,SE,us,UNLABELED,1,000541656,Hobbies.
inu.30000105568897,1962,1960,SE,us,UNLABELED,1,000502339,Popular government
inu.30000108495478,1965,1960,SE,us,UNLABELED,1,000677371,Newsletter / Tennessee Archaeological Society.
inu.30000108699913,1964,1960,SE,us,UNLABELED,1,000505518,Sing out.
inu.30000116550033,1969,1960,SE,us,UNLABELED,1,006938600,Bluegrass unlimited
inu.30000117843619,1968,1960,SE,us,UNLABELED,1,008567763,Spotlight on Africa.
inu.30000117907786,1967,1960,SE,us,UNLABELED,1,000046581,Maryland history notes.
inu.30000120181742,1967,1960,SE,us,UNLABELED,1,009047511,Standard & Poor's earnings and ratings bond guide.
inu.30000121895191,1965,1960,SE,us,UNLABELED,1,004510521,Security owner's stock guide.
mdp.35112101294975,1961,1960,SE,us,UNLABELED,1,010422791,Loan regulations.
mdp.35112103415065,1964,1960,SE,us,UNLABELED,1,010426458,Best's fire and casualty aggregates & averages.
mdp.35112103415081,1966,1960,SE,us,UNLABELED,1,010426458,Best's fire and casualty aggregates & averages.
mdp.35128000377984,1964,1960,SE,us,UNLABELED,1,007135358,Administrative management.
mdp.35128001514635,1965,1960,SE,us,UNLABELED,1,006551589,The Federal accountant.
mdp.39015000712755,1968,1960,SE,us,UNLABELED,1,000502550,Gems & gemology.
mdp.39015005326643,1964,1960,SE,us,UNLABELED,1,000500627,Literature East & West.
mdp.39015006080595,1963,1960,SE,us,UNLABELED,1,102837577,Report to the National Aeronautics and Space Administration.
mdp.39015008581756,1967,1960,SE,us,UNLABELED,2,000046187,The Detroit area economic fact book.
mdp.39015009114771,1967,1960,SE,us,UNLABELED,1,000496064,American record guide
mdp.39015009347363,1967,1960,SE,us,UNLABELED,1,000520823,American imago
mdp.39015009489504,1960,1960,SE,us,UNLABELED,1,000675662,Nursing research
mdp.39015009679443,1968,1960,SE,us,UNLABELED,1,000600206,Social work
mdp.39015009686042,1960,1960,SE,us,UNLABELED,1,000598109,Proceedings of the Society for Experimental Biology and Medicine
mdp.39015009704274,1965,1960,SE,us,UNLABELED,1,000519476,The Second line.
mdp.39015009772347,1964,1960,SE,us,UNLABELED,2,000548050,A Manual on certification requirements for school personnel in the United States.
mdp.39015010874413,1969,1960,SE,us,UNLABELED,1,000517782,Oceans.
mdp.39015012371061,1962,1960,SE,us,UNLABELED,1,000532288,Facts and figures relating to the operation of the city.
mdp.39015012410281,1964,1960,SE,us,UNLABELED,1,000494794,World politics
mdp.39015013063170,1960,1960,SE,us,UNLABELED,1,000680371,Official digest - Federation of Societies for Paint Technology.
mdp.39015013159218,1969,1960,SE,us,UNLABELED,1,000500180,Contributions to geology. Special paper.
mdp.39015015416442,1961,1960,SE,us,UNLABELED,1,000675122,Railroad model craftsman.
mdp.39015016726542,1969,1960,SE,us,UNLABELED,1,000553420,Corporate mergers.
mdp.39015016786249,1961,1960,SE,us,UNLABELED,1,000526056,Solid state abstracts.
mdp.39015017287619,1969,1960,SE,us,UNLABELED,1,003816491,Logic Colloquium : proceedings of the Summer School and Colloquium in Mathematical Logic.
mdp.39015018270911,1962,1960,SE,us,UNLABELED,1,000529401,Carbon-14.
mdp.39015019104275,1960,1960,SE,us,UNLABELED,1,000636018,Treaty series / United Nations = Recueil des traités / Nations Unies.
mdp.39015019248346,1968,1960,SE,us,UNLABELED,1,000520169,Advances in astronomy and astrophysics
mdp.39015019466070,1968,1960,SE,us,UNLABELED,1,000676344,Radiation research.
mdp.39015020135193,1960,1960,SE,us,UNLABELED,1,000518960,Pure water.
mdp.39015020382670,1968,1960,SE,us,UNLABELED,1,000497481,Architectural record
mdp.39015021061042,1968,1960,SE,us,UNLABELED,1,000599407,Fleet owner.
mdp.39015023110250,1969,1960,SE,us,UNLABELED,1,000061538,Annual report.
mdp.39015023493839,1967,1960,SE,us,UNLABELED,1,000521186,Chemical abstracts.
mdp.39015023566089,1965,1960,SE,us,UNLABELED,1,000548124,The International blue printer.
mdp.39015023749701,1963,1960,SE,us,UNLABELED,1,000530575,Dance observer.
mdp.39015023851853,1967,1960,SE,us,UNLABELED,2,002468930,IEEE conference record of [the] annual meeting; papers presented.
mdp.39015024187380,1968,1960,SE,us,UNLABELED,1,000642071,The Stereophile.
mdp.39015024253646,1968,1960,SE,us,UNLABELED,1,000056362,Research in materials science and engineering.
mdp.39015024552856,1966,1960,SE,us,UNLABELED,1,003920031,Handling & shipping.
mdp.39015030136058,1964,1960,SE,us,UNLABELED,1,000521203,Annual Schoolmen's Week proceedings.
mdp.39015031696225,1960,1960,SE,us,UNLABELED,1,000074653,Design forecast.
mdp.39015033364541,1965,1960,SE,us,UNLABELED,1,000682209,"Annual report / Department of Public Works, City and County of San Francisco."
mdp.39015035857591,1964,1960,SE,us,UNLABELED,1,002132702,Occasional papers in education and development.
mdp.39015035924805,1969,1960,SE,us,UNLABELED,1,000548317,Report.
mdp.39015035942203,1963,1960,SE,us,UNLABELED,1,000051106,Current psychiatric therapies.
mdp.39015036630641,1960,1960,SE,us,UNLABELED,1,000047534,Permanent missions to the United Nations.
mdp.39015036638503,1963,1960,SE,us,UNLABELED,1,000518659,Broadcasting.
mdp.39015036678343,1960,1960,SE,us,UNLABELED,1,000525368,"Annual report / Mental Health Research Institute, University of Michigan."
mdp.39015036691965,1969,1960,SE,us,UNLABELED,1,000497721,Midstream.
mdp.39015036792219,1965,1960,SE,us,UNLABELED,1,000048466,"Annual report - The University of Maryland Libraries, College Park Campus."
mdp.39015036945452,1969,1960,SE,us,UNLABELED,1,000055347,Branch library book news ...
mdp.39015038642255,1966,1960,SE,us,UNLABELED,1,000518659,Broadcasting.
mdp.39015038652353,1964,1960,SE,us,UNLABELED,1,000505402,Philosophy of science.
mdp.39015038784388,1967,1960,SE,us,UNLABELED,1,000519404,The Sugar Club annual.
mdp.39015039381069,1968,1960,SE,us,UNLABELED,1,000049282,The Johns Hopkins University studies in historical and political science.
mdp.39015039389583,1967,1960,SE,us,UNLABELED,1,000675848,Record.
mdp.39015039409282,1965,1960,SE,us,UNLABELED,1,000543562,University of Florida monographs. Social sciences.
mdp.39015039710929,1962,1960,SE,us,UNLABELED,1,000551868,Child welfare
mdp.39015042193790,1967,1960,SE,us,UNLABELED,1,000500293,Special publication - American Fisheries Society.
mdp.39015047400539,1964,1960,SE,us,UNLABELED,1,000531778,Proceedings.
mdp.39015047404424,1969,1960,SE,us,UNLABELED,1,003860038,Instrument maintenance management : proceedings of the ... National ISA Instrumentation Maintenance Management Symposium
mdp.39015050579294,1969,1960,SE,us,UNLABELED,1,000066136,What they said.
mdp.39015055230992,1966,1960,SE,us,UNLABELED,1,000640389,Psychology in the schools.
mdp.39015057834858,1965,1960,SE,us,UNLABELED,1,000519163,SIECUS study guide.
mdp.39015059741119,1961,1960,SE,us,UNLABELED,1,000532252,Proceedings.
mdp.39015065398615,1964,1960,SE,us,UNLABELED,3,000638984,New and nonofficial drugs.
mdp.39015066316186,1967,1960,SE,us,UNLABELED,1,000069112,Uralic and Altaic series.
mdp.39015067334865,1965,1960,SE,us,UNLABELED,1,000535580,Annual report.
mdp.39015067399280,1961,1960,SE,us,UNLABELED,1,000636526,Acta litteraria Academiae Scientiarum Hungaricae.
mdp.39015068405375,1962,1960,SE,us,UNLABELED,1,001718852,Abstracts of dissertations for the degree of doctor of philosophy.
mdp.39015068907156,1961,1960,SE,us,UNLABELED,1,000677306,Socialist thought and practice.
mdp.39015068939100,1969,1960,SE,us,UNLABELED,1,000505906,The Shakespeare newsletter.
mdp.39015069542093,1967,1960,SE,us,UNLABELED,1,000052736,Report on activities / National Planning Association.
mdp.39015072175766,1967,1960,SE,us,UNLABELED,1,000547349,Preprint.
mdp.39015072178679,1967,1960,SE,us,UNLABELED,1,000547349,Preprint.
mdp.39015073060587,1966,1960,SE,us,UNLABELED,1,000522295,United States news & world report.
mdp.39015073511142,1968,1960,SE,us,UNLABELED,1,000502421,Orbis
mdp.39015073702337,1965,1960,SE,us,UNLABELED,1,000505415,Pacific philosophy forum.
mdp.39015073825401,1961,1960,SE,us,UNLABELED,1,000501416,Museum notes.
mdp.39015074859797,1961,1960,SE,us,UNLABELED,1,000060002,Educational research monographs.
mdp.39015075038367,1966,1960,SE,us,UNLABELED,1,000502108,Auditor general's report of audits.
mdp.39015076518722,1968,1960,SE,us,UNLABELED,1,000531134,"Master contract between Board of Education, Hartland Consolidated School District and Hartland Education Association."
mdp.39015076596231,1966,1960,SE,us,UNLABELED,1,000676769,Statistical report.
mdp.39015076688814,1965,1960,SE,us,UNLABELED,1,000051529,Norwegian-American studies.
mdp.39015080206645,1969,1960,SE,us,UNLABELED,1,000494182,Annual report.
mdp.39015081471057,1965,1960,SE,us,UNLABELED,1,000636018,Treaty series / United Nations = Recueil des traités / Nations Unies.
mdp.39015082561229,1966,1960,SE,us,UNLABELED,1,000504477,Proceedings of the Biological Society of Washington.
mdp.39015083153323,1961,1960,SE,us,UNLABELED,1,000676703,Abstracts of theses.
mdp.39015084386252,1964,1960,SE,us,UNLABELED,1,000057609,Michigan Challenge.
mdp.39015084409062,1967,1960,SE,us,UNLABELED,1,000535731,Chemistry
mdp.39015084416315,1968,1960,SE,us,UNLABELED,1,000051513,Report.
mdp.39015084425571,1960,1960,SE,us,UNLABELED,1,000056437,Brazil project. Report.
mdp.39015084461337,1968,1960,SE,us,UNLABELED,1,000528429,Annual report - Committee for Economic Development.
mdp.39015086358754,1961,1960,SE,us,UNLABELED,1,000502013,New times.
mdp.39015089763216,1963,1960,SE,us,UNLABELED,1,000531744,Printers' ink.
mdp.39076006010511,1960,1960,SE,us,UNLABELED,1,009911894,Education in the Nation's service; a series of essays on American education today.
mdp.39076007025005,1967,1960,SE,us,UNLABELED,1,009909610,Report of the research and other activities
msu.31293002343584,1961,1960,SE,us,UNLABELED,1,100884279,Special technical publication.
nyp.33433003039850,1963,1960,SE,us,UNLABELED,1,103218215,The Insurance index.
nyp.33433018796239,1962,1960,SE,us,UNLABELED,1,009378736,Annual report / Buffalo Sewer Authority.
nyp.33433061644021,1963,1960,SE,us,UNLABELED,1,103095346,The complete library of American phonograph recordings / by Jerry Osborne.
nyp.33433071507705,1960,1960,SE,us,UNLABELED,1,103136866,The Photo-lithographer.
nyp.33433084089253,1960,1960,SE,us,UNLABELED,1,103092995,Jewelers' buyers guide.
nyp.33433085609844,1962,1960,SE,us,UNLABELED,1,103061385,Pan pipes of Sigma Alpha Iota.
nyp.33433093302408,1963,1960,SE,us,UNLABELED,1,012306047,List of enrolled voters. Borough of the Bronx.
nyp.33433094915166,1962,1960,SE,us,UNLABELED,1,000045431,Motion picture.
nyp.33433109950083,1962,1960,SE,us,UNLABELED,1,000681506,Industrial heating.
osu.32435020062535,1962,1960,SE,us,UNLABELED,1,000531609,Report.
osu.32435020253688,1963,1960,SE,us,UNLABELED,1,000534895,Special report / Kansas Engineering Experiment Station.
osu.32435020529681,1963,1960,SE,us,UNLABELED,1,102993865,Underwriters' hand-book of Ohio.
osu.32435023969207,1962,1960,SE,us,UNLABELED,1,102634710,D M I C memorandum.
osu.32435024884660,1961,1960,SE,us,UNLABELED,1,102874384,Industrial construction file.
osu.32435026890244,1963,1960,SE,us,UNLABELED,1,000552037,Symposia studies series.
osu.32435027539451,1962,1960,SE,us,UNLABELED,1,000526323,The aquarium
osu.32435028431476,1967,1960,SE,us,UNLABELED,1,000531744,Printers' ink.
osu.32435028954154,1963,1960,SE,us,UNLABELED,1,102650625,Rostrum.
osu.32435065461006,1965,1960,SE,us,UNLABELED,1,000521254,Memorandum.
osu.32435065463978,1969,1960,SE,us,UNLABELED,1,000521254,Memorandum.
osu.32435065921272,1967,1960,SE,us,UNLABELED,1,100112077,Books added to the libraries: a selective list.
osu.32435066389198,1960,1960,SE,us,UNLABELED,1,000058864,Schedule of par values.
osu.32436001344454,1960,1960,SE,us,UNLABELED,1,102769823,Night visibility.
osu.32437011931678,1967,1960,SE,us,UNLABELED,1,008563030,Illinois Appellate Court reports.
osu.32437011931769,1966,1960,SE,us,UNLABELED,1,008563030,Illinois Appellate Court reports.
ppt.ssfcbz201808000077,1968,1960,SE,us,UNLABELED,1,102699476,Great science fiction.
pst.000002558257,1966,1960,SE,us,UNLABELED,1,007600788,"Research in space science, SAO special report."
pst.000003502204,1968,1960,SE,us,UNLABELED,1,000054603,"Proceedings of the National Aerospace Electronics Conference, NAECON."
pst.000055576086,1965,1960,SE,us,UNLABELED,1,000066617,Open space.
pst.000063833805,1966,1960,SE,us,UNLABELED,1,008574642,Annual reports of the National Collegiate Athletic Association.
pst.000065824757,1969,1960,SE,us,UNLABELED,1,007513200,General fund : balance sheet and related financial statements.
pst.000067702190,1961,1960,SE,us,UNLABELED,1,007823326,Abbott New York digest.
pst.000068516611,1961,1960,SE,us,UNLABELED,1,008000511,University of Washington publications in biology.
pst.000069855863,1962,1960,SE,us,UNLABELED,1,000547904,Annual conference on taxation proceedings.
pst.000070102772,1968,1960,SE,us,UNLABELED,1,000502911,Annual report.
pur1.32754071716439,1966,1960,SE,us,UNLABELED,1,000061421,Report of investigations.
pur1.32754079949859,1963,1960,SE,us,UNLABELED,1,000640474,Drug topics.
rul.39030038595791,1963,1960,SE,us,UNLABELED,1,009922654,Federal supplement.
rul.39030039203445,1963,1960,SE,us,UNLABELED,1,010645700,Current municipal problems.
rul.43008000543621,1963,1960,SE,us,UNLABELED,1,000679324,"Cancer research : the official organ of the American Association for Cancer Research, Inc."
txu.059173024016848,1964,1960,SE,us,UNLABELED,1,008374920,Social Progress Trust Fund; annual report.
uc1.$b576981,1964,1960,SE,us,UNLABELED,1,009992801,Proceedings of the Annual Meeting
uc1.$b634145,1960,1960,SE,us,UNLABELED,1,008521942,Working with the Revenue code in
uc1.$b637373,1960,1960,SE,us,UNLABELED,1,010010900,Proceedings
uc1.$b641226,1962,1960,SE,us,UNLABELED,1,009990768,Circular ...
uc1.$b811364,1960,1960,SE,us,UNLABELED,1,010378797,The Orchid digest.
uc1.$c124378,1961,1960,SE,us,UNLABELED,1,000640136,House beautiful.
uc1.$c198063,1963,1960,SE,us,UNLABELED,1,103062127,Mimeograph series; n.s.
uc1.$c200948,1960,1960,SE,us,UNLABELED,1,009065664,A.E.
uc1.$c213982,1963,1960,SE,us,UNLABELED,1,000500466,Aloha-dontia.
uc1.31158003723748,1967,1960,SE,us,UNLABELED,1,010378629,Experimental neurology. Supplement.
uc1.31158008878232,1961,1960,SE,us,UNLABELED,1,102645636,Report [of] Board of International Trustees and International Secretary-Treasurer to the constitutional convention.
uc1.31158008973967,1967,1960,SE,us,UNLABELED,1,000528305,Dental clinics of North America
uc1.31158010257862,1963,1960,SE,us,UNLABELED,1,000531410,Fielding's travel guide to Europe.
uc1.31175001637894,1962,1960,SE,us,UNLABELED,1,008573196,The Saturday evening post.
uc1.31175022541786,1960,1960,SE,us,UNLABELED,1,008573196,The Saturday evening post.
uc1.31175030685302,1962,1960,SE,us,UNLABELED,1,009386212,Moody's municipal & government manual.
uc1.31822004064853,1964,1960,SE,us,UNLABELED,1,000505738,Science
uc1.31822008945388,1962,1960,SE,us,UNLABELED,1,000056134,Proceedings of ... Conference on Coastal Engineering
uc1.31822009665324,1961,1960,SE,us,UNLABELED,1,000638800,Pacific fisherman
uc1.31822017706359,1968,1960,SE,us,UNLABELED,1,000055092,Technical session proceedings
uc1.31822017790171,1968,1960,SE,us,UNLABELED,1,009218362,I & EC product research and development
uc1.31822042741454,1961,1960,SE,us,UNLABELED,1,000520675,Sunset.
uc1.31822042950196,1964,1960,SE,us,UNLABELED,1,102432647,Deck log book of the M/V Horizon
uc1.32106012291040,1964,1960,SE,us,UNLABELED,1,007119380,Summit
uc1.32106017170355,1967,1960,SE,us,UNLABELED,1,007150298,Business automation
uc1.32106019244265,1965,1960,SE,us,UNLABELED,1,000636022,Commodity trade statistics
uc1.32106019310538,1960,1960,SE,us,UNLABELED,2,000521905,Anthropological linguistics
uc1.32106020245954,1968,1960,SE,us,UNLABELED,1,000500023,Business week
uc1.32106020346315,1964,1960,SE,us,UNLABELED,1,000635522,Africa today
uc1.a0005561865,1968,1960,SE,us,UNLABELED,1,000070143,Contributions from the United States National Herbarium.
uc1.b2897856,1969,1960,SE,us,UNLABELED,1,007930129,Architecture Utah AIA.
uc1.b2932239,1967,1960,SE,us,UNLABELED,1,009993043,Proceedings
uc1.b2971742,1966,1960,SE,us,UNLABELED,1,007881626,The state of corrections.
uc1.b3046630,1964,1960,SE,us,UNLABELED,1,010185361,Final Volume Assembly History Showing History Actions on All Measures
uc1.b3246703,1960,1960,SE,us,UNLABELED,1,000523767,Acta technica.
uc1.b3414657,1967,1960,SE,us,UNLABELED,1,006291719,Thomas food industry register.
uc1.b3505725,1966,1960,SE,us,UNLABELED,1,007855201,Publications of the Pennsylvania German Society.
uc1.b3542291,1966,1960,SE,us,UNLABELED,2,000522000,Engineering cybernetics.
uc1.b3545814,1962,1960,SE,us,UNLABELED,1,000525093,Clinical chemistry.
uc1.b3614332,1964,1960,SE,us,UNLABELED,1,009150719,Miscellaneous publication.
uc1.b3627478,1969,1960,SE,us,UNLABELED,1,000639308,Mathematics of computation
uc1.b3638532,1964,1960,SE,us,UNLABELED,1,010120961,Proceedings.
uc1.b3668224,1960,1960,SE,us,UNLABELED,1,001086246,"Growth, development, and aging : GDA."
uc1.b3676980,1965,1960,SE,us,UNLABELED,1,010394976,American law reports annotated. Second series.
uc1.b3676995,1965,1960,SE,us,UNLABELED,1,010394976,American law reports annotated. Second series.
uc1.b3677523,1965,1960,SE,us,UNLABELED,1,008902092,American law reports annotated.
uc1.b3677555,1965,1960,SE,us,UNLABELED,1,008902092,American law reports annotated.
uc1.b3720964,1965,1960,SE,us,UNLABELED,2,000546385,National formulary.
uc1.b3764012,1968,1960,SE,us,UNLABELED,1,000053109,Rarefied gas dynamics.
uc1.b3773092,1960,1960,SE,us,UNLABELED,1,010156674,Annual exhibition.
uc1.b3851521,1960,1960,SE,us,UNLABELED,1,000059233,Collected papers of the Mayo Clinic and the Mayo Foundation.
uc1.b3886317,1967,1960,SE,us,UNLABELED,1,010171696,Maritime
uc1.b3902578,1967,1960,SE,us,UNLABELED,1,007884625,Proceedings of the national convention.
uc1.b3937775,1969,1960,SE,us,UNLABELED,1,000504045,Conservative Judaism.
uc1.b3969835,1968,1960,SE,us,UNLABELED,1,100575839,Annual report of Pasadena Water Department.
uc1.b3971502,1966,1960,SE,us,UNLABELED,1,010177589,Scholarly printer.
uc1.b3974457,1968,1960,SE,us,UNLABELED,1,006765678,Proceedings of the ... convention of the United mine workers of America ...
uc1.b3975381,1966,1960,SE,us,UNLABELED,1,006765858,Proceedings ... annual meeting / National Council on Schoolhouse Construction.
uc1.b4165295,1961,1960,SE,us,UNLABELED,1,006172961,Organic sulfur compounds.
uc1.b4287932,1961,1960,SE,us,UNLABELED,1,010071696,The government contractor.
uc1.b4307127,1965,1960,SE,us,UNLABELED,1,010394408,Annual Institute on Mineral Law. [Proceedings].
uc1.b4425979,1969,1960,SE,us,UNLABELED,1,009921158,Cumulative book index.
uc1.b4525525,1960,1960,SE,us,UNLABELED,1,002131569,Summary of proceedings.
uc1.b5096756,1966,1960,SE,us,UNLABELED,1,000046280,Allan Hancock Pacific expeditions. [Reports]
uc1.b5110825,1969,1960,SE,us,UNLABELED,1,000502800,Population monograph series
uc1.c033807838,1969,1960,SE,us,UNLABELED,1,000554063,Reforestation studies
uc1.c2570921,1962,1960,SE,us,UNLABELED,1,000048493,Measurement techniques.
uc1.c2600554,1961,1960,SE,us,UNLABELED,1,103220126,United States investor.
uc1.c2656811,1961,1960,SE,us,UNLABELED,1,103278011,"A delinquency profile of Syracuse and Onondaga County, N.Y."
uc1.l0053363453,1960,1960,SE,us,UNLABELED,1,102692467,Class size in kindergartens and elementary schools.
uc1.l0063459192,1965,1960,SE,us,UNLABELED,1,000679451,California statistical abstract.
uc1.l0064723356,1965,1960,SE,us,UNLABELED,1,000681508,International pharmaceutical abstracts.
uc2.ark:/13960/t9p279w63,1968,1960,SE,us,UNLABELED,1,007709824,"Results of the official canvass of general election ... state measures, county questions, special elections."
ufl.31262041774547,1963,1960,SE,us,UNLABELED,1,103078997,Information guide for doing business in India.
ufl.31262098764003,1962,1960,SE,us,UNLABELED,1,008016012,Österreichische Zeitschrift für Aussenpolitik.
ufl.31262099791286,1962,1960,SE,us,UNLABELED,1,008376672,Biennial report of the State Auditor of Minnesota to the Legislature of Minnesota for the fiscal years ending ...
ufl.31262101729332,1961,1960,SE,us,UNLABELED,1,010559957,The Proceedings of the ... annual West Virginia Fire School.
ufl.35051104424496,1963,1960,SE,us,UNLABELED,1,103067261,American Judaism.
uga1.32108009696488,1962,1960,SE,us,UNLABELED,1,102920712,Business report.
uga1.32108042788748,1961,1960,SE,us,UNLABELED,1,000498362,Annual report - The Mount Vernon Ladies' Association of the Union.
uga1.32108057582242,1960,1960,SE,us,UNLABELED,1,000641502,Human organization.
uiug.30112005956690,1960,1960,SE,us,UNLABELED,1,103100006,Transcript of proceedings / Midwest Veterinary Nutrition Conference.
uiug.30112007275313,1966,1960,SE,us,UNLABELED,1,102271971,Mathematics in science and engineering.
uiug.30112007715631,1964,1960,SE,us,UNLABELED,1,011456849,Soviet progress in applied ultrasonics.
uiug.30112008081066,1960,1960,SE,us,UNLABELED,1,011454476,"IEEE conference record, papers presented."
uiug.30112008458751,1963,1960,SE,us,UNLABELED,1,000493858,Water works engineering.
uiug.30112008571827,1968,1960,SE,us,UNLABELED,1,000047451,"Technical note, BN-"
uiug.30112008759745,1960,1960,SE,us,UNLABELED,1,000068194,The Glass industry.
uiug.30112026881760,1964,1960,SE,us,UNLABELED,1,000639464,Report of investigations - Florida Geological Survey.
uiug.30112026965092,1969,1960,SE,us,UNLABELED,1,100223358,"Guide book, ... spring field trip / Shreveport Geological Society."
uiug.30112028212154,1961,1960,SE,us,UNLABELED,1,101819113,"Collective bargaining settlements in New York State / New York State Department of Labor, Division of Research and Stati"
uiug.30112033793032,1961,1960,SE,us,UNLABELED,1,103037505,Finance report.
uiug.30112045312847,1965,1960,SE,us,UNLABELED,1,100753555,Institute in personnel administration.
uiug.30112045901821,1960,1960,SE,us,UNLABELED,1,000598855,Time.
uiug.30112048411240,1966,1960,SE,us,UNLABELED,1,000599273,Gallup opinion index.
uiug.30112074674083,1964,1960,SE,us,UNLABELED,1,004316107,Legislative document.
uiug.30112077665583,1962,1960,SE,us,UNLABELED,1,100565397,Annual report of the State Treasurer of North Dakota.
uiug.30112083787397,1963,1960,SE,us,UNLABELED,1,002130737,Annual report. Informe anual.
uiug.30112098452441,1967,1960,SE,us,UNLABELED,1,011454060,Annual report.
uiug.30112099959733,1961,1960,SE,us,UNLABELED,1,103173384,Guide issue.
uiug.30112105027087,1960,1960,SE,us,UNLABELED,1,102952028,The Rubber age.
uiug.30112105879255,1969,1960,SE,us,UNLABELED,1,100557162,Announcements for ...
uiug.30112108062180,1961,1960,SE,us,UNLABELED,1,011475648,Annual report.
uiug.30112108121754,1967,1960,SE,us,UNLABELED,1,001128939,Proceedings of the National Association of Insurance Commissioners.
uiug.30112110862767,1962,1960,SE,us,UNLABELED,1,102296317,Report and proceedings of ... convention of the International Ladies' Garment Workers' Union.
uiug.30112112234528,1962,1960,SE,us,UNLABELED,1,103037814,Parks College of Aeronautical Technology.
uiug.30112112278905,1965,1960,SE,us,UNLABELED,1,012370205,Report.
uiug.30112114063099,1966,1960,SE,us,UNLABELED,1,102940649,Report from the President to the faculty.
umn.319510005228339,1960,1960,SE,us,UNLABELED,1,101695498,Kansas oil and gas pools.
umn.319510006119339,1969,1960,SE,us,UNLABELED,1,009800136,Publications.
umn.319510008688611,1962,1960,SE,us,UNLABELED,1,008881191,Illuminating engineering.
umn.31951000874707p,1967,1960,SE,us,UNLABELED,1,000500488,Research series / Engineering Experiment Station.
umn.31951001889665c,1960,1960,SE,us,UNLABELED,1,000057815,Reports.
umn.319510022720912,1960,1960,SE,us,UNLABELED,1,101653183,Typophile chap books.
umn.319510025345020,1968,1960,SE,us,UNLABELED,1,000680563,Public utilities reports.
umn.31951d00129164x,1967,1960,SE,us,UNLABELED,1,010626571,Western resources papers.
umn.31951d00141010g,1961,1960,SE,us,UNLABELED,1,000500966,Studies in linguistics.
umn.31951d00150537b,1964,1960,SE,us,UNLABELED,1,009000199,Constitution and By-laws.
umn.31951d01043305m,1964,1960,SE,us,UNLABELED,1,010367156,Tax management memorandum.
umn.31951d030059882,1963,1960,SE,us,UNLABELED,1,000677035,Smithsonian miscellaneous collections.
umn.31951d03613214l,1960,1960,SE,us,UNLABELED,1,010422400,Official records of the General Assembly = Documents officiels de l'Assemblée générale.
umn.31951t00082659w,1968,1960,SE,us,UNLABELED,1,000534552,Report / Institute of Polar Studies
umn.31951t002257476,1966,1960,SE,us,UNLABELED,1,010157508,The Tennessee conservationist.
uva.x001023594,1966,1960,SE,us,UNLABELED,1,000679401,Inter-American economic affairs.
uva.x001697021,1961,1960,SE,us,UNLABELED,1,000674533,Electronics
uva.x001697030,1962,1960,SE,us,UNLABELED,1,000674533,Electronics
uva.x001866219,1963,1960,SE,us,UNLABELED,1,000499157,"Contributions in oceanography and meteorology / Department of Oceanography and Meteorology, A & M College of Texas."
uva.x002009505,1965,1960,SE,us,UNLABELED,1,101995241,High fidelity.
uva.x002009507,1964,1960,SE,us,UNLABELED,1,101995241,High fidelity.
uva.x002142564,1966,1960,SE,us,UNLABELED,1,000501416,Museum notes.
uva.x002155616,1963,1960,SE,us,UNLABELED,1,000067041,Annual exhibition / National Academy of Design.
uva.x004061085,1963,1960,SE,us,UNLABELED,1,000532667,University of California publications in linguistics.
uva.x004332975,1963,1960,SE,us,UNLABELED,1,000056955,The Guide to summer camps and summer schools.
uva.x004508750,1968,1960,SE,us,UNLABELED,1,007119240,Essays today.
uva.x004918112,1965,1960,SE,us,UNLABELED,1,001295774,"Technical report - Massachusetts Institute of Technology, Research Laboratory of Electronics."
uva.x004965085,1965,1960,SE,us,UNLABELED,1,009794389,Annual report - Mount Vernon Ladies' Association of the Union.
uva.x030219571,1962,1960,SE,us,UNLABELED,1,000675149,Horizon.
uva.x030226791,1968,1960,SE,us,UNLABELED,1,000681575,The East Tennessee Historical Society's publications.
uva.x030312771,1965,1960,SE,us,UNLABELED,1,101977082,American men of science: Physical and biological sciences.
uva.x030599851,1963,1960,SE,us,UNLABELED,1,102086557,The Spur.
uva.x030605748,1965,1960,SE,us,UNLABELED,2,006207472,"Comparative guide to American colleges for students, parents, and counselors."
uva.x030752307,1968,1960,SE,us,UNLABELED,1,003917071,American organist.
uva.x030775093,1960,1960,SE,us,UNLABELED,1,008300294,Leaflet.
uva.x030783032,1961,1960,SE,us,UNLABELED,1,012504749,Gas age.
wu.89043737311,1967,1960,SE,us,UNLABELED,1,005693480,Guide to reference books.
wu.89058382490,1969,1960,SE,us,UNLABELED,1,005852987,Stones & bones newsletter.
wu.89062205943,1962,1960,SE,us,UNLABELED,1,005876909,The Postal supervisor.
wu.89066002007,1968,1960,SE,us,UNLABELED,1,003927075,Chases' calendar of annual events.
wu.89041973736,1975,1970,BK,uk,AGRICULTURAL,1,007464238,Size and efficiency in farming / [by] D. K. Britton and Berkeley Hill.
mdp.39015050606717,1972,1970,BK,uk,CATALOG,2,000288859,The treasures of the Foundling Hospital / With a catalogue raisonné based on a draft catalogue by John Kerslake.
uc1.b3258407,1973,1970,BK,uk,CATALOG,1,006126846,"Sheffield silver 1773-1973 : an exhibition to mark the bicentenary of the Sheffield Assay Office, Sheffield City Museum,"
coo.31924003119298,1978,1970,BK,uk,GENERAL_PERIODICAL,1,010007296,Shift work and health : a critical review of the literature / [by] J.M. Harrington.
ien.35556021536636,1979,1970,BK,uk,GENERAL_PERIODICAL,1,010625795,A review of the role of clubs and voluntary associations based on a study of two areas in Swansea / Susan Hutson.
mdp.39015003774810,1978,1970,BK,uk,MEDICAL,3,000131610,An introduction to medical genetics / J. A. Fraser Roberts and Marcus E. Pembrey.
mdp.39015074088587,1974,1970,BK,uk,MEDICAL,1,000127429,The teaching and practice of surgical dressings in three hospitals / Jennifer M. Hunt.
mdp.39015016051495,1979,1970,BK,uk,REFERENCE,1,000815032,Manual of symbols and terminology for physicochemical quantities and units.
uc1.b4199857,1979,1970,BK,uk,REFERENCE,2,009109066,Small scale irrigation : a manual of low-cost water technology / Peter H. Stern
uc1.b4970597,1976,1970,BK,uk,REFERENCE,1,010677596,"Credit management handbook / editor, Herbert Edwards."
umn.31951000008476o,1977,1970,BK,uk,REFERENCE,1,007469813,A dictionary of the environment / Michael Allaby.
umn.31951000989642p,1977,1970,BK,uk,REFERENCE,1,000253930,The works of Charles Darwin : an annotated bibliographical handlist / by R. B. Freeman.
mdp.39015009335798,1973,1970,BK,uk,RELIGIOUS,1,000110939,Churchill as warlord.
mdp.39015014638863,1978,1970,BK,uk,RELIGIOUS,1,000297539,Catholic education : the unobtrusive partner : sociological studies of the Catholic school system in England and Wales /
uc1.$b158757,1972,1970,BK,uk,RELIGIOUS,1,006636340,The expectation of the poor: the Church and the Third World [by] B. N. Y. Vaughan.
coo.31924000517940,1975,1970,BK,uk,UNLABELED,1,009370545,Projection / prepared by Graham Flegg for the course team.
coo.31924001240914,1974,1970,BK,uk,UNLABELED,1,009082622,Comfrey report : the story of the world's fastest protein builder / Lawrence D. Hills.
coo.31924001303019,1977,1970,BK,uk,UNLABELED,1,009056453,The construction and use of comb in a honeybee colony / John B. Free.
coo.31924003026535,1973,1970,BK,uk,UNLABELED,1,009110379,"Identification of British fishes, by T. B. Bagenal."
coo.31924004277228,1975,1970,BK,uk,UNLABELED,1,009205203,Petroleum and the Continental Shelf of north-west Europe / edited by Austin W. Woodland.
coo.31924013737139,1971,1970,BK,uk,UNLABELED,1,009076019,On our conscience: the plight of the elderly.
coo.31924018237838,1973,1970,BK,uk,UNLABELED,1,009190093,How to begin the study of entomology.
ien.35556001861673,1973,1970,BK,uk,UNLABELED,1,010619641,Communications media [by] Martin Carter.
ien.35556001949585,1975,1970,BK,uk,UNLABELED,2,001323083,The English peasantry in the later Middle Ages : the Ford lectures for 1973 and related studies / by R. H. Hilton.
ien.35556009590753,1977,1970,BK,uk,UNLABELED,1,011227971,A cage of shadows / [by] Archie Hill.
ien.35556021317235,1975,1970,BK,uk,UNLABELED,1,010624348,Relations between travel-time and traffic flow for the links of road networks controlled by fixed-time signals / J.A. Ch
ien.35556023805138,1974,1970,BK,uk,UNLABELED,1,010602257,"Urban renewal / compiled by Anne Harrington [for the Headquarters Library, Department of the Environment]."
ien.35556026577221,1977,1970,BK,uk,UNLABELED,1,010639937,Crete / [by] Stuart Rossiter.
inu.30000007211554,1970,1970,BK,uk,UNLABELED,1,000976764,The cradle of erotica: a study of Afro-Asian sexual expression and an analysis of erotic freedom in social relationships
inu.30000111988063,1971,1970,BK,uk,UNLABELED,2,005716966,Human nutrition and dietetics / Sir Stanley Davidson [and] R. Passmore ; foreword by Lord Boyd Orr.
inu.30000115855003,1979,1970,BK,uk,UNLABELED,1,010573823,"Morbidity statistics from general practice, 1971-2 : second national study."
inu.39000004585795,1972,1970,BK,uk,UNLABELED,1,007588057,The trial : a play for women / by Anthony Booth.
inu.39000005885137,1974,1970,BK,uk,UNLABELED,1,006928772,"""The Countryman"" cottage life book / edited by Fred Archer."
mdp.39015000043615,1979,1970,BK,uk,UNLABELED,1,000742705,When enemies dare to talk : an Israeli-Palestinian debate (5/6 September 1978) / organised by New Outlook ; edited by Si
mdp.39015000306137,1979,1970,BK,uk,UNLABELED,1,000303051,A short textbook of haematology / R. B. Thompson.
mdp.39015000782139,1978,1970,BK,uk,UNLABELED,1,000219693,Pharmacology of the eye / Pauline Thomas.
mdp.39015000803323,1973,1970,BK,uk,UNLABELED,1,000220311,Aptitude or environment : a study of the group teaching activities of health visitors / Patricia Hobbs.
mdp.39015001545931,1978,1970,BK,uk,UNLABELED,1,000093038,"Callimachus : Hymn to Apollo, a commentary / by Frederick Williams."
mdp.39015001780348,1979,1970,BK,uk,UNLABELED,1,000754999,"Rousseau and the problem of tolerance in the eighteenth century : a lecture delivered in the Taylor Institute, Oxford on"
mdp.39015001803116,1970,1970,BK,uk,UNLABELED,1,001112086,Shakespeare's lives / [by] S. Schoenbaum.
mdp.39015001856460,1972,1970,BK,uk,UNLABELED,1,002477710,The machinery of justice in England / by R. M. Jackson.
mdp.39015002058421,1971,1970,BK,uk,UNLABELED,2,001321466,Data processing for purchasing and stock control / [by] Walter R. Trux.
mdp.39015002088881,1974,1970,BK,uk,UNLABELED,1,000026036,Differential equations for engineers and applied scientists / W. D. Morris.
mdp.39015002742537,1977,1970,BK,uk,UNLABELED,1,000212294,"Frederick Rolfe, Baron Corvo : a biography / [by] Miriam J. Benkovitz."
mdp.39015002785544,1978,1970,BK,uk,UNLABELED,1,000217825,A short history of Western music / Arthur Jacobs.
mdp.39015002864638,1970,1970,BK,uk,UNLABELED,2,000008401,The Ngoni of Nyasaland / With a new preface by the author.
mdp.39015003469130,1972,1970,BK,uk,UNLABELED,1,001048005,Tried and valiant; the history of the Border Regiment (the 34th and 55th Regiments of Foot) 1702-1959. -
mdp.39015003685230,1974,1970,BK,uk,UNLABELED,1,001610110,Mauritius.
mdp.39015004015965,1976,1970,BK,uk,UNLABELED,1,000244714,"From strategic planning to strategic management / edited by H. Igor Ansoff, Roger P. Declerck, Robert L. Hayes."
mdp.39015004034818,1972,1970,BK,uk,UNLABELED,2,001064208,Medieval regions and their cities.
mdp.39015004125616,1971,1970,BK,uk,UNLABELED,1,000972601,The good society: a book of readings / edited with an introduction by Anthony Arblaster and Steven Lukes.
mdp.39015004247998,1973,1970,BK,uk,UNLABELED,1,001277313,The book of symbols.
mdp.39015005289775,1978,1970,BK,uk,UNLABELED,1,000302514,The Hospice movement : a better way of caring for the dying / Sandol Stoddard.
mdp.39015005463974,1975,1970,BK,uk,UNLABELED,1,000030026,"Iraq, the search for stability / Abbas Kelidar."
mdp.39015005541795,1977,1970,BK,uk,UNLABELED,1,000126608,The external role of the European Community / Gunnar Sjöstedt.
mdp.39015005655157,1977,1970,BK,uk,UNLABELED,2,000253277,Love's gravity /
mdp.39015005898021,1973,1970,BK,uk,UNLABELED,1,000977105,Homosexuality: a changing picture / edited by Hendrik M. Ruitenbeek. -
mdp.39015006304359,1977,1970,BK,uk,UNLABELED,5,000090621,Palladio / by James S. Ackerman.
mdp.39015007875365,1975,1970,BK,uk,UNLABELED,1,000686282,"Delius, the Paris years / [by] Lionel Carley."
mdp.39015007943437,1973,1970,BK,uk,UNLABELED,1,001457446,The music of William Walton / Frank Howes.
mdp.39015008310743,1972,1970,BK,uk,UNLABELED,1,001204034,"Since ""How it is"": a study of Samuel Beckett's later fiction."
mdp.39015008314661,1970,1970,BK,uk,UNLABELED,1,001248108,Armenia: cradle of civilization.
mdp.39015008408844,1970,1970,BK,uk,UNLABELED,1,001203494,Poems / selected and edited by Malcolm Quainton.
mdp.39015008679329,1974,1970,BK,uk,UNLABELED,1,001275788,Neolithic cultures of western Asia / Purushottam Singh.
mdp.39015009050009,1973,1970,BK,uk,UNLABELED,1,001600836,The blue Danube: the Vienna of Franz Josef and its aftermath.
mdp.39015009151138,1974,1970,BK,uk,UNLABELED,1,000582012,"Waiting for the party : the life of Frances Hodgson Burnett, 1849-1924 / Ann Thwaite."
mdp.39015009877419,1974,1970,BK,uk,UNLABELED,1,000722616,Oral medicine for the dental practitioner / W. R. Tyldesley.
mdp.39015010727819,1973,1970,BK,uk,UNLABELED,1,000804418,The last escape ; the launching of the largest secret rescue movement of all time / by Ruth Aliav and Peggy Mann.
mdp.39015011263657,1970,1970,BK,uk,UNLABELED,1,000482362,Gerard Manley Hopkins; a critical essay towards the understanding of his poetry / by W. A. M. Peters.
mdp.39015012195205,1973,1970,BK,uk,UNLABELED,2,004418006,Bentham's political thought / edited by Bhikhu Parekh.
mdp.39015012427368,1974,1970,BK,uk,UNLABELED,1,000031289,"One hundred years of science fiction illustration, 1840-1940 / [compiled by] Anthony Frewin."
mdp.39015012668193,1973,1970,BK,uk,UNLABELED,1,000010478,The Great Ouse; the history of a river navigation.
mdp.39015012940816,1977,1970,BK,uk,UNLABELED,1,000179925,Men homeward / A. A. Cleary.
mdp.39015013971554,1976,1970,BK,uk,UNLABELED,1,000211007,Freud and modern society : an outline and analysis of Freud's sociology / [by] Robert Bocock.
mdp.39015014096559,1978,1970,BK,uk,UNLABELED,1,000176307,Still life painting techniques / Adrian Ryan.
mdp.39015015834651,1979,1970,BK,uk,UNLABELED,1,000645029,Dorothea Tanning / [text by Gilles Plazy].
mdp.39015016362173,1977,1970,BK,uk,UNLABELED,1,000702322,The finite element method in partial differential equations / A. R. Mitchell and R. A. Wait.
mdp.39015017199269,1974,1970,BK,uk,UNLABELED,1,000138447,Patterns in physics / W. Bolton.
mdp.39015020574334,1970,1970,BK,uk,UNLABELED,1,001574087,"The history of nursing at the M.R.I., 1752-1929."
mdp.39015020689769,1974,1970,BK,uk,UNLABELED,1,000427755,Arnold Bennett; a biography.
mdp.39015021554822,1971,1970,BK,uk,UNLABELED,1,004383449,The Making of modern Africa / J. D. Omer-Cooper ... [and others].
mdp.39015022270485,1978,1970,BK,uk,UNLABELED,1,002530044,"The makings of a music : reflections on the poetry of Wordsworth and Yeats : delivered on 9 February, 1978 / by Seamus H"
mdp.39015024313317,1970,1970,BK,uk,UNLABELED,2,001360895,"The new priesthood: British television today / [by] Joan Bakewell, Nicholas Garnham."
mdp.39015024642897,1970,1970,BK,uk,UNLABELED,1,000967854,The history of Unilever: a study in economic growth and social change / by Charles Wilson.
mdp.39015026549728,1976,1970,BK,uk,UNLABELED,2,000778778,"Instrument technology, by E. B. Jones."
mdp.39015026867807,1972,1970,BK,uk,UNLABELED,2,001458747,"The rise of the Peking Opera, 1770-1870: social aspects of the theatre in Manchu China / [by] Colin P. Mackerras. -"
mdp.39015028105909,1970,1970,BK,uk,UNLABELED,1,001284139,The choice of work area of teachers / by E. P. Duggan and W. A. C. Stewart.
mdp.39015030121415,1974,1970,BK,uk,UNLABELED,1,002906303,The night watchman / by Edward Lowbury.
mdp.39015030496221,1976,1970,BK,uk,UNLABELED,1,000093936,"The MP's chart / [by] Andrew Roth, with Janice Kerbey and Judy Tench ; caricatures by Andrew Roth and Terry Roth."
mdp.39015030945557,1971,1970,BK,uk,UNLABELED,1,000726780,A smell of onions / Peggy Appiah.
mdp.39015030952165,1976,1970,BK,uk,UNLABELED,1,000300769,"Science and technology in Islam : an exhibition at the Science Museum, London, 7 April-29 August 1976 ... / exhibition g"
mdp.39015031378295,1974,1970,BK,uk,UNLABELED,1,001320056,"Studies in finance and development - the Gold Coast (Ghana) experience, 1914-1950 / by N. A. Cox-George."
mdp.39015032044839,1973,1970,BK,uk,UNLABELED,1,000036908,Industrial relations and moves towards industrial democracy in Ireland.
mdp.39015040080890,1977,1970,BK,uk,UNLABELED,1,000083495,Greek coins : a history of mettalic currency & coinage down to the fall of the Hellenistic kingdoms / Charles Seltman.
mdp.39015043527921,1978,1970,BK,uk,UNLABELED,2,000300753,Harvey the Hasty : a mediaeval Chief Justice / by George W. Keeton.
mdp.39015046361179,1975,1970,BK,uk,UNLABELED,1,000029970,The Chinese Opium Wars / Jack Beeching.
mdp.39015048190048,1976,1970,BK,uk,UNLABELED,1,000085960,"Concordance to the INSPEC classification, 1969-1976 / INSPEC, The Institution of Electrical Engineers."
mdp.39015048708443,1976,1970,BK,uk,UNLABELED,1,000213357,Mortal fire : [poems] / Peter Dale.
mdp.39015050685547,1979,1970,BK,uk,UNLABELED,2,000026717,Local government : is it manageable? : a critical and up-to-date assessment of local government operations with examples
mdp.39015052397745,1974,1970,BK,uk,UNLABELED,1,003522215,"Japan, its history and culture / W. Scott Morton."
mdp.39015052815522,1978,1970,BK,uk,UNLABELED,1,001933193,"English recusant literature, 1558-1640 / selected and edited by D. M. Rogers."
mdp.39015055821089,1977,1970,BK,uk,UNLABELED,1,000258309,X INQUA Congress excursion guides / [editor D. Q. Bowen].
mdp.39015062113124,1977,1970,BK,uk,UNLABELED,1,000134479,The word for world is forest / by Ursula K. Le Guin.
mdp.39015066348932,1976,1970,BK,uk,UNLABELED,1,000116412,"Book of original entries, 1731-1751 / edited by N. W. Surry and J. H. Thomas."
mdp.39015072448379,1975,1970,BK,uk,UNLABELED,2,000114865,"Index of the probate records of the Court of the Archdeacon of Berkshire : volume 2, 1653-1710 / compiled by Jasmine S. "
mdp.39015072501532,1979,1970,BK,uk,UNLABELED,1,000775143,"Papers on Peter May, land surveyor, 1749-1793 / edited by Ian H. Adams."
mdp.39015078343517,1971,1970,BK,uk,UNLABELED,1,002522597,"Ane Catholik and facile traictise, 1581 / John Hamilton."
mdp.39015078345405,1977,1970,BK,uk,UNLABELED,1,002559962,"The chronicle and institution of the Order of ... S. Francis, 1618 / Marcos da Silva."
mdp.39015080469409,1975,1970,BK,uk,UNLABELED,1,002918036,Anarchist Arguments I : Syndicalism.
mdp.39076000420195,1977,1970,BK,uk,UNLABELED,1,009919941,Donne : poetical works / edited by Herbert J.C. Grierson.
mdp.49015001235465,1973,1970,BK,uk,UNLABELED,1,004506545,"Reason and compassion; the Lindsay memorial lectures delivered at the University of Keele, February-March 1971 and the S"
njp.32101042656361,1976,1970,BK,uk,UNLABELED,1,008891113,A chair on the boulevard / by Leonard Merrick ; with an introduction by A. Neil Lyons.
osu.32435025907643,1975,1970,BK,uk,UNLABELED,1,102951997,The printed maps of Central America up to 1860 / by Kit S. Kapp.
txu.059173017225203,1978,1970,BK,uk,UNLABELED,1,101051930,"Let me speak! : testimony of Domitila, a woman of the Bolivian mines / by Domitila Barrios de Chungara with Moema Viezze"
uc1.$b389869,1971,1970,BK,uk,UNLABELED,2,000482716,David Jones: artist and writer [by] David Blamires.
uc1.$b392157,1974,1970,BK,uk,UNLABELED,2,001376927,Outcries and asides / J. B. Priestley.
uc1.31158004881552,1977,1970,BK,uk,UNLABELED,1,102605391,Gunner : a novel of the retreat from Crete / Richard Beilby.
uc1.31822011044104,1971,1970,BK,uk,UNLABELED,1,007159126,Diving regulations : a seminar / organised by the Society for Underwater Technology at the Institution of Mechanical Eng
uc1.31822011601812,1974,1970,BK,uk,UNLABELED,1,009671631,"International Specialist Seminar on Component Performance and Systems Applications of Surface Acoustic Wave Devices, 25-"
uc1.31822011843083,1975,1970,BK,uk,UNLABELED,1,007158125,Growth areas in the geological sciences : report of the ad hoc Working Party on Geological Sciences for 1974 / [for the]
uc1.31822011857992,1976,1970,BK,uk,UNLABELED,1,008509432,The coral buildings of Suakin / [text and illustrations] by Jean-Pierre Greenlaw
uc1.31822012279428,1975,1970,BK,uk,UNLABELED,1,010676454,Cheltenham's ornamental ironwork / Amina Chatwin
uc1.31822013909734,1970,1970,BK,uk,UNLABELED,3,001272959,"A geomorphological study of post-glacial uplift, with particular reference to Arctic Canada, by John T. Andrews"
uc1.31822014160535,1970,1970,BK,uk,UNLABELED,1,000760674,"The dynamics of aerocolloidal systems, by G. M. Hidy and J. R. Brock"
uc1.31822017764077,1977,1970,BK,uk,UNLABELED,1,008512580,Toulouse-Lautrec / [text by] Edward Lucie-Smith
uc1.31822027360858,1977,1970,BK,uk,UNLABELED,1,009615290,Engineering plasticity : theory and application to metal forming processes / R. A. C. Slater
uc1.31822030689186,1972,1970,BK,uk,UNLABELED,1,008546170,Giuseppe Castiglione : a Jesuit painter at the court of the Chinese emperors / by Cécile and Michel Beurdeley ; transla
uc1.32106006225715,1977,1970,BK,uk,UNLABELED,1,007114579,Poems / [by] William Wordsworth ; edited by John O. Hayden.
uc1.32106007283572,1979,1970,BK,uk,UNLABELED,1,008314170,Scientific models and man / edited by Henry Harris.
uc1.32106007990986,1979,1970,BK,uk,UNLABELED,1,000732289,The death penalty : Amnesty International report.
uc1.b3167612,1976,1970,BK,uk,UNLABELED,1,010039446,Ancient Iraq : (Assyria and Babylonia) / by P.R.S. Moorey.
uc1.b3276867,1970,1970,BK,uk,UNLABELED,1,010313124,"Economic policy, by C. T. Sandford, M. S. Bradbury & associates."
uc1.b3886351,1974,1970,BK,uk,UNLABELED,1,006742162,International trade unions : a preliminary check list of publications / [Mechthild Guha].
uc1.b3886881,1972,1970,BK,uk,UNLABELED,2,000008723,Language and social behaviour / [by] W. P. Robinson.
uc1.b4143851,1978,1970,BK,uk,UNLABELED,1,006166255,Solution of problems in structures / by W. T. Marshall
uc1.b4176206,1979,1970,BK,uk,UNLABELED,1,006176098,"Previous convictions, sentence and reconviction : a statistical study of a sample of 5000 offenders convicted in January"
uc1.b4269980,1975,1970,BK,uk,UNLABELED,1,009523289,Fuel's paradise : energy options for Britain / Peter Chapman.
uc1.b4282734,1973,1970,BK,uk,UNLABELED,1,010071422,Robotics [by] John F. Young.
uc1.b4311126,1974,1970,BK,uk,UNLABELED,1,006215995,Practical studies of animal development [by] F. S. Billett and A. E. Wild
uc1.b4328303,1974,1970,BK,uk,UNLABELED,2,000024239,The life and work of C. R. Cockerell / [by] David Watkin.
uc1.b4351666,1974,1970,BK,uk,UNLABELED,2,000032887,The uniqueness of man / by John Lewis.
uc1.b4388258,1976,1970,BK,uk,UNLABELED,1,010083972,"Timber designers' manual / E. C. Ozelton, J. A. Baird."
uc1.b4432451,1973,1970,BK,uk,UNLABELED,2,000430813,Arising.
uc1.b4432866,1976,1970,BK,uk,UNLABELED,1,000733267,"The Left in Britain, 1956-68 / [compiled by] David Widgery."
uc1.b4439694,1976,1970,BK,uk,UNLABELED,1,009517658,Britain's economic problem : too few producers / Robert Bacon and Walter Eltis.
uc1.b4445965,1970,1970,BK,uk,UNLABELED,1,001351907,Elites in South Asia; edited by Edmund Leach and S. N. Mukherjee.
uc1.b4476931,1972,1970,BK,uk,UNLABELED,1,001034470,Computing methods in quantum organic chemistry [by] H. H. Greenwood.
uc1.b4977487,1973,1970,BK,uk,UNLABELED,1,010438018,"Stannary law: a history of the mining law of Cornwall and Devon, by Robert R. Pennington."
uc1.b4982833,1971,1970,BK,uk,UNLABELED,2,001493049,"Ion transport and membranes: a biophysical outline, by A. B. Hope."
uc1.b5010449,1976,1970,BK,uk,UNLABELED,1,010656086,Inflation / P. J. Curwen.
uc1.c058494705,1979,1970,BK,uk,UNLABELED,1,103017010,"Henry Moore drawings, 1969-79."
uiug.30112069655063,1978,1970,BK,uk,UNLABELED,1,102621343,"Costs and control in further education / John Pratt, Tony Travers, Tyrrell Burgess."
uiug.30112081954221,1973,1970,BK,uk,UNLABELED,2,010633726,London / Edited by Stuart Rossiter.
umn.31951000052942l,1970,1970,BK,uk,UNLABELED,1,001500418,"Annotationes rhopalocerologicae, by Charles F. Cowan."
umn.319510001381024,1979,1970,BK,uk,UNLABELED,1,101779820,Planning dairy units / by Ronald Harrison.
uva.35007004714477,1972,1970,BK,uk,UNLABELED,2,000004579,The fisheries of Europe: an economic geography [by] James R. Coull.
uva.x000012453,1979,1970,BK,uk,UNLABELED,1,101949866,Pagans and politicians / Michael Crowder ; illustrations by the author.
uva.x000061135,1978,1970,BK,uk,UNLABELED,1,000180192,André Breton and the first principles of surrealism : a companion volume to What is surrealism? : selected writings of A
uva.x000062830,1978,1970,BK,uk,UNLABELED,1,101980331,Zen and Confucius in the art of swordsmanship : The Tengu-geijutsu-ron of Chozan Shissai / Reinhard Kammer ; edited and 
uva.x000077881,1978,1970,BK,uk,UNLABELED,1,101991904,"Suffering, innocent and guilty / Elizabeth R. Moberly."
uva.x000142149,1978,1970,BK,uk,UNLABELED,1,101899655,Mr. Stone and the knights companion / V. S. Naipaul.
uva.x000593723,1972,1970,BK,uk,UNLABELED,1,101860041,Improve your Russian comprehension.
uva.x000660335,1976,1970,BK,uk,UNLABELED,1,102032007,"Design in blockwork / Michael Gage, Tom Kirkbride."
uva.x000911016,1973,1970,BK,uk,UNLABELED,1,000573355,"The statistical account of Scotland, 1791-1799 / edited by Sir John Sinclair."
uva.x001381309,1970,1970,BK,uk,UNLABELED,1,001422739,"The chemistry of the cyano group, edited by Zvi Rappoport."
uva.x001729158,1979,1970,BK,uk,UNLABELED,1,101907171,Tom Jones by Henry Fielding. Part one / prepared for the Course Team by Dennis Walder with P.N. Furbank and Arnold Kettl
wu.89003573649,1971,1970,BK,uk,UNLABELED,1,008370086,"Charlemagne, monarch of the Middle Ages [map by Walter Hortens]"
wu.89004066635,1973,1970,BK,uk,UNLABELED,1,007971176,"Local records; or, Historical records of Northumberland and Durham, Newcastle-upon-Tyne, and Berwick-upon-Tweed."
wu.89007240500,1972,1970,BK,uk,UNLABELED,1,009394120,The barrier and the bridge: historic Sicily; written and illustrated by Alfonso Lowe.
wu.89038738621,1971,1970,BK,uk,UNLABELED,1,005800851,Elmer Sperry : inventor and engineer / Thomas Parke Hughes.
wu.89039051651,1971,1970,BK,uk,UNLABELED,1,007528324,"Metric conversion tables, compiled and published by Gerald Eve & Co. Chartered Surveyors."
wu.89042783985,1970,1970,BK,uk,UNLABELED,1,005832569,"Differential forms on electromagnetic networks [by] N. V. Balasubramanian, J. W. Lynn, D. P. Sen Gupta."
wu.89045788601,1970,1970,BK,uk,UNLABELED,1,007089195,Research and development in mining [by] R. N. Pryor.
wu.89048110464,1972,1970,BK,uk,UNLABELED,1,005754938,Recreation on reservoirs and rivers.
wu.89082588054,1973,1970,BK,uk,UNLABELED,1,008453021,"America : or, miscellaneous notes on the United States, useful for emigrants / by Iorthryn Gwynedd. [Translated and tran"
coo.31924013714757,1970,1970,BK,us,AGRICULTURAL,1,006095129,Agricultural taxation in Gujarat [by] Mahesh T. Pathak [and] Arun S. Patel.
inu.39000003733594,1970,1970,BK,us,AGRICULTURAL,1,007389177,1000 ideas for term papers in social science [by] Robert A. Farmer and Paul Frobose.
inu.39000008825189,1975,1970,BK,us,AGRICULTURAL,2,007986014,Natural resource mapping in mountainous terrain by computer analysis of erts-1 satellite data / Laboratory for Applicati
mdp.39015006099694,1972,1970,BK,us,AGRICULTURAL,1,000008318,Weather forecasting for agriculture and industry; a symposium / Edited by James A. Taylor. Contributors: C. V. Smith [an
mdp.49015000945700,1970,1970,BK,us,AGRICULTURAL,1,004477246,"The present state of Great Britain and North America, with regard to agriculture, population, trade, and manufactures, i"
wu.89031284607,1976,1970,BK,us,AGRICULTURAL,1,009885036,The Grasses and grasslands of Oklahoma : status of current research on the native and introduced grasses of the State : 
mdp.39015012235803,1978,1970,BK,us,CATALOG,1,000694192,The first passive solar catalog / David A. Bainbridge.
mdp.39015016849831,1975,1970,BK,us,CATALOG,1,000254520,The Williams collection of Far Eastern ceramics : Tonnancour section. / intro. and catalogue by Kamer Aga-Oglu.
mdp.39015020902501,1974,1970,BK,us,CATALOG,1,001174077,"Music Library Association catalog of cards for printed music, 1953-1972; a supplement to the Library of Congress catalog"
mdp.39015030063856,1974,1970,BK,us,CATALOG,1,001279787,Index to instructional media catalogs; a multi-indexed directory of materials and equipment for use in instructional pro
mdp.39015037760660,1976,1970,BK,us,CATALOG,1,003077051,"Seven Chicago architects : Beeby, Booth, Cohen, Freed, Nagle, Tigerman, Weese : [exhibition catalog] / presented by the "
uc1.31822033905563,1974,1970,BK,us,CATALOG,1,009672119,Classed subject catalog. Supplement 1964-[1973]
mdp.35128000223386,1974,1970,BK,us,GENERAL_PERIODICAL,1,005306840,"CPA review: practice, theory, auditing, law / [by] Thomas D. Hubbard, Larry N. Killough [and] Ronald J. Patten."
mdp.39015004443845,1975,1970,BK,us,GENERAL_PERIODICAL,1,000704513,Organization of nursing care : a reader consisting of eight articles especially selected by the Journal of nursing admin
mdp.39015015851754,1971,1970,BK,us,GENERAL_PERIODICAL,1,000335942,Homage to Léger. [Special issue of the XXe siècle review / Edited by G. di San Lazzaro.
mdp.39015019448862,1973,1970,BK,us,GENERAL_PERIODICAL,1,002449793,Sonnets from hell (including Paradise reviewed) / by John Kolyer.
mdp.39015030700697,1978,1970,BK,us,GENERAL_PERIODICAL,1,000257412,Village journal : poems / by Greg Kuzma.
mdp.49015001064832,1973,1970,BK,us,GENERAL_PERIODICAL,1,001620163,"Cadillac, standard of the world: the complete seventy-year history / by Maurice D. Hendry, with the editors of Automobil"
pst.000028647713,1975,1970,BK,us,GENERAL_PERIODICAL,1,012273455,All about bicycle racing / by the editors of Bike world magazine.
txu.059173026952209,1971,1970,BK,us,GENERAL_PERIODICAL,1,101087280,"A review of the colonial slave registration acts, in a report of a committee of the Board of Directors of the African In"
inu.30000118723539,1978,1970,BK,us,JUVENILE,1,008865825,"Children's rights / Commonwealth of Massachusetts, Office for Children."
mdp.39015000283823,1974,1970,BK,us,JUVENILE,3,000430023,Children's experience with death.
uc1.b4924530,1970,1970,BK,us,JUVENILE,3,000564502,"The builder's jewel; or, The youth's instructor and workman's remembrancer / [by] Batty and Thomas Langley."
hvd.32044097740062,1976,1970,BK,us,LEGAL,1,102710857,"Criminal trial advocacy / the Office of Projects Development, Supreme Court of the State of New York, Appellate Division"
inu.39000008058914,1971,1970,BK,us,LEGAL,1,010586661,"Proceedings of the second annual meeting of the Licensing Law and Practices Institute : May 21-22, 1970, Park Sheraton H"
mdp.39015004086586,1974,1970,BK,us,LEGAL,2,000019337,"The effect of lower legal drinking age on youth crash involvement / Richard L. Douglas, Lyle D. Filkins and F.A. Clark."
mdp.39015005143667,1977,1970,BK,us,LEGAL,1,000746372,The occupation of Japan : impact of legal reform : the proceedings of a symposium at the Omni International Hotel in Nor
uc1.b3699451,1975,1970,BK,us,LEGAL,1,010482406,American jurisprudence : a comprehensive text statement of American case law as developed in the cases and annotations i
mdp.39015000257074,1976,1970,BK,us,MEDICAL,1,000716661,"Specialty board review, general surgery / Charles G. Rob, J. Raymond Hinshaw."
mdp.39015000796444,1973,1970,BK,us,MEDICAL,1,001567632,Common surgical emergencies / [by] C. Barrie Williams.
mdp.39015000820715,1979,1970,BK,us,MEDICAL,1,000714412,Biomedical applications of the horseshoe crab (Limulidae) : proceedings of a conference held at Marine Biological Labora
mdp.39015000822562,1977,1970,BK,us,MEDICAL,1,004690430,"Physicians' desk reference for radiology and nuclear medicine / editorial consultants: Leonard M. Freeman, M. Donald Bla"
mdp.39015002418344,1976,1970,BK,us,MEDICAL,1,000083656,Coronary heart disease : clinical angiographic & pathologic profiles / Zeev Vlodaver [and others].
mdp.39015003247114,1974,1970,BK,us,MEDICAL,1,001567577,"Scientific foundations of surgery / edited by Charles Wells, James Kyle, and J. Englebert Dunphy."
mdp.39015007408902,1979,1970,BK,us,MEDICAL,1,000700302,Recent advances in dental care for the hemophiliac : [proceedings of a workshop conference] held at Orthopaedic Hospital
mdp.39015034736655,1971,1970,BK,us,MEDICAL,2,001163044,Biomedical subject headings; a comparative listing of National Library of Medicine (MeSH) and Library of Congress subjec
mdp.39015048679479,1971,1970,BK,us,MEDICAL,1,000743727,"Proceedings of a workshop on the exchange of instructional materials, June 14-16, 1971, Lexington, Ky. / sponsored by Un"
mdp.39015049558383,1977,1970,BK,us,MEDICAL,1,000095760,"Introduction to oral surgery, 736 / author : L. G. Upton."
pst.000016919747,1973,1970,BK,us,MEDICAL,1,007065752,The hospital's role in assessing the quality of medical care : Proceedings.
uc1.$b549998,1976,1970,BK,us,MEDICAL,3,000507678,"The Health gap : medical services and the poor / edited by Robert L. Kane, Josephine M. Kasteler, Robert M. Gray."
ucbk.ark:/28722/h2pv6br45,1974,1970,BK,us,MEDICAL,3,001560144,The university medical center and the metropolis : report of a conference / sponsored jointly by Conservation of Human R
mdp.39015003324335,1976,1970,BK,us,MILITARY,1,000694144,Masters of Victorian photography / John Hannavy.
coo.31924002204794,1972,1970,BK,us,REFERENCE,1,009633243,Industrial relations degree programs offered at colleges and universities in the United States and Canada : a directory:
inu.30000062912625,1976,1970,BK,us,REFERENCE,1,010573348,Handbook on export free zones / by Thomas Kelleher; with assistance from other members of staff.
inu.39000005907030,1970,1970,BK,us,REFERENCE,2,000004139,Selected writings and lectures of Joseph Yasser : an annotated bibliography / compiled by Albert Weisser.
inu.39000013342063,1975,1970,BK,us,REFERENCE,1,007993479,"The official YMCA physical fitness handbook / by Clayton R. Myers ; artist, Nick Cardy."
mdp.39015003822957,1974,1970,BK,us,REFERENCE,1,001560569,Handbook of poisoning: diagnosis & treatment / [by] Robert H. Dreisbach.
mdp.39015005513844,1976,1970,BK,us,REFERENCE,1,000695810,"Sherwood Anderson : a selective, annotated bibliography / by Douglas G. Rogers."
mdp.39015010605338,1979,1970,BK,us,REFERENCE,1,000029415,"Writing the research paper : a handbook / Anthony C. Winkler, Jo Ray McCuen."
mdp.39015010906801,1976,1970,BK,us,REFERENCE,1,000144576,"LC and you : a handbook of information for the staff / Administrative Department, Personnel Office."
mdp.39015014627460,1979,1970,BK,us,REFERENCE,1,000694139,"Population research in Latin America and the Caribbean, a reference bibliography / edited by Barry Edmonston."
mdp.39015018218803,1978,1970,BK,us,REFERENCE,1,001090905,Bibliography of coral reef fish research : with emphasis on western Atlantic families / Lee H. Somers and Jeffrey C. Lau
mdp.39015019123127,1977,1970,BK,us,REFERENCE,1,000251384,The emerging field of sociobibliography : the collected essays of Ilse Bry / edited and compiled by Lois Afflerbach and 
mdp.39015030715224,1978,1970,BK,us,REFERENCE,1,000256745,John Updike : a comprehensive bibliography with selected annotations / by Elizabeth A. Gearhart.
mdp.39015040107560,1973,1970,BK,us,REFERENCE,2,001286608,"Handbook of social and cultural anthropology / Edited by John J. Honigmann. Contributors: Alexander Alland, Jr. [and oth"
mdp.39015041886402,1979,1970,BK,us,REFERENCE,1,003352715,"Urban gaming/simulation : a handbook for educators and trainers / edited by Larry C. Coppard, Frederick L. Goodman."
mdp.39015066378277,1979,1970,BK,us,REFERENCE,1,000021614,"International directory of theatre, dance, and folklore festivals : a project of the International Theatre Institute of "
mdp.39015078827287,1973,1970,BK,us,REFERENCE,1,001192610,Index to periodical articles 1965-1972 in the Library of the Royal Institute of International Affairs. -
mdp.39015079911494,1977,1970,BK,us,REFERENCE,2,000708543,Chicorel index to the crafts / edited by Marietta Chicorel.
mdp.39076005261867,1973,1970,BK,us,REFERENCE,1,009906278,From hand to head : a handbook for teachers of preschool programs / Marguerita Rudolph.
txu.059173018068803,1978,1970,BK,us,REFERENCE,1,000874017,"Library resources on Latin America : research guide and bibliographic introduction / by Ludwig Lauerhass, Jr."
uc1.31822023221427,1975,1970,BK,us,REFERENCE,1,008331470,A history of the development of decompression tables : an annotated bibliography / by C.W. Shilling
uc1.b3958537,1972,1970,BK,us,REFERENCE,1,010176113,"Handbook of child psychoanalysis : research, theory, and practice / edited by Benjamin B. Wolman, in collaboration with "
uc1.b4234624,1978,1970,BK,us,REFERENCE,1,010068557,California mechanics' lien law handbook / by Mathew E. Marsh.
uc1.b4346182,1979,1970,BK,us,REFERENCE,1,102821976,Handbook of mineral law / by Terry S. Maley
uc1.b4354191,1979,1970,BK,us,REFERENCE,1,009508041,Handbook of ornament / Michael Poage.
uiug.30112000614146,1978,1970,BK,us,REFERENCE,1,102581328,Transportation systems management : a selected bibliography for transportation planners and engineers / by Beverly Hicko
uiug.30112037500227,1970,1970,BK,us,REFERENCE,1,011471224,Selecting a superintendent; a handbook for community school boards.
uiuo.ark:/13960/t3tt59b2d,1972,1970,BK,us,REFERENCE,1,008722599,The psychology and physiology of light and color as an issue in the planning and managing of environments: a selected bi
uiuo.ark:/13960/t85h86p9j,1970,1970,BK,us,REFERENCE,1,008719276,Development planning for water resources [compiled by] Robert D. Dean and Carolyn Wilson. Committee of Planning Libraria
umn.319510011541787,1971,1970,BK,us,REFERENCE,1,008374615,"Practical translator; a dictionary for journalism and the graphic arts [by] William M. Pepper, Jr."
uva.x006044587,1974,1970,BK,us,REFERENCE,1,102075213,The hole thing; a manual of pinhole fotografy.
wu.89043219328,1970,1970,BK,us,REFERENCE,3,001509972,"A dictionary of acronyms & abbreviations; some abbreviations in management, technology, and information science."
dul1.ark:/13960/t2t46fx3c,1976,1970,BK,us,RELIGIOUS,1,100647941,"We remember our heritage : First Baptist Church, 1880-1976 / Florence Winstead Lee."
inu.39000002361199,1979,1970,BK,us,RELIGIOUS,1,006021159,The new King James Bible : New Testament.
mdp.39015005187110,1970,1970,BK,us,RELIGIOUS,1,001938616,An outline of Old Testament theology / Translated by S. Neuijen.
mdp.39015006564267,1979,1970,BK,us,RELIGIOUS,1,000194168,Happiness and Christian hope : a phenomenological analysis / by William A. Marra.
mdp.39015008243936,1970,1970,BK,us,RELIGIOUS,1,001375361,John Donne's Christian vocation / [by] Robert S. Jackson. -
mdp.39015011045898,1973,1970,BK,us,RELIGIOUS,1,001390070,Christian ethics; sources of the living tradition / Edited with introductions by Waldo Beach and H. Richard Niebuhr.
mdp.39015071399060,1971,1970,BK,us,RELIGIOUS,1,003317269,"Dedication service, Christ Temple Baptist Church : May 23, 1971, Reverend J. H. Hammond, pastor."
msu.31293107963898,1979,1970,BK,us,RELIGIOUS,2,102517653,A study of selected characteristics of continuing theological education in the seminaries of the United Methodist Church
osu.32435023856255,1975,1970,BK,us,RELIGIOUS,1,103123548,"Shaykh Damanhūrī on the churches of Cairo, 1739 / edited and translated with introd. and notes by Moshe Perlmann."
pst.000028769088,1976,1970,BK,us,RELIGIOUS,1,007045527,"The gospel according to science fiction : God was an ancient astronaut, wasn't he? / by John Allan ; illustrated by Rod "
umn.31951001086811q,1971,1970,BK,us,RELIGIOUS,2,007043499,"The Holy Bible, translated from the Latin Vulgate ; diligently compared with the Hebrew, Greek, and other editions in di"
wu.89064059108,1978,1970,BK,us,RELIGIOUS,1,007081903,"History of the North Arkansas Baptist Association / by Roger V. Logan, Jr."
mdp.39015000463094,1978,1970,BK,us,TRADE,2,000135588,"Introduction to microprocessors : software, hardware, programming / Lance A. Leventhal."
coo.31924000556146,1976,1970,BK,us,UNLABELED,1,009869226,Compensation of MBA's / edited by Steven Langer.
coo.31924000577092,1977,1970,BK,us,UNLABELED,2,000170364,Introduction to the psychology of hearing / Brian C. J. Moore.
coo.31924000588404,1975,1970,BK,us,UNLABELED,1,009065346,"The measurement of cyclic AMP and cyclic GMP in chicken plasma, and its role in the stress mechanism / by Samir Ebrahim "
coo.31924001158272,1972,1970,BK,us,UNLABELED,1,009372578,A relation between obstructions and functional cohomoly operations.
coo.31924001679418,1979,1970,BK,us,UNLABELED,1,009056732,Problem solving and comprehension : a short course in analytic reasoning / Arthur Whimbey and Jack Lochhead.
coo.31924001710056,1977,1970,BK,us,UNLABELED,1,009632563,Contributions of grievance arbitration to industrial relations and industrial peace : a copy of remarks made in a speech
coo.31924001745037,1978,1970,BK,us,UNLABELED,1,009206096,The nutritional study of preschool children in a Felda (Federal Land Development Authority) scheme in West Malaysia / by
coo.31924001751233,1978,1970,BK,us,UNLABELED,1,009199809,An analysis of the attitudes toward faculty collective bargaining of academic women and men / by Edith DuBose Streams.
coo.31924001760960,1979,1970,BK,us,UNLABELED,1,009195554,Methodology for assessing soil series suitability for land treatment of wastewater / by Mark A. Moser.
coo.31924001816853,1978,1970,BK,us,UNLABELED,1,009870327,"The scope of collective bargaining in Federal employment under Executive order 11491, as amended / by Jill A. Goldy."
coo.31924001818982,1977,1970,BK,us,UNLABELED,1,009373886,Weak-type multipliers / by Peter Martin Knopf.
coo.31924003122110,1971,1970,BK,us,UNLABELED,1,009200898,Development of a grassroots planning strategy for implementing modern soil conservation practices in East Central State 
coo.31924003257429,1976,1970,BK,us,UNLABELED,1,009206775,Studies on adenylate cyclase in Ehrlich ascites tumor cells / by Lynette Hackette Posorske.
coo.31924003338534,1974,1970,BK,us,UNLABELED,1,009375020,Roche fowl cholera control program.
coo.31924003613514,1975,1970,BK,us,UNLABELED,1,009201394,"Some factors influencing the recovery of bacteria from Cayuga Lake, New York / by Susan Cheryl Turbak."
coo.31924003941824,1973,1970,BK,us,UNLABELED,1,009226586,The modeling and synthesis of multifunctional unit processors.
coo.31924003952912,1972,1970,BK,us,UNLABELED,1,010004534,Transport properties of lithium tetraammine: a study of probeless resistivity methods.
coo.31924003957143,1971,1970,BK,us,UNLABELED,1,010004568,"Stereochemical, configurational rearrangement, mass spectrometric, and infrared studies of some [Beta]-diketonate comple"
coo.31924003990698,1972,1970,BK,us,UNLABELED,1,009880405,Evolution and structure of HII regions.
coo.31924004065953,1971,1970,BK,us,UNLABELED,1,009369417,Production smoothing in industrialized housing.
coo.31924004067561,1970,1970,BK,us,UNLABELED,1,009220569,"Metals reference issue, 1970."
coo.31924004081182,1974,1970,BK,us,UNLABELED,1,010005236,Low-temperature chemical ionization mass spectrometry / by Robert Charles Pierce.
coo.31924004083071,1970,1970,BK,us,UNLABELED,1,009369459,Stress-strain response and fracture of a model of concrete in biaxial loading.
coo.31924004298422,1975,1970,BK,us,UNLABELED,1,009221007,"Utilizing structural foam now : proceedings of the S.P.I. Third Structural Foam Conference, Fairmont Hotel, San Francisc"
coo.31924004306928,1979,1970,BK,us,UNLABELED,1,009228865,Electron microscopy of polystyrene crazes / by Terence Chun On Chan.
coo.31924004484410,1978,1970,BK,us,UNLABELED,1,010006521,"Raman spectroscopic studies of Bis Q, a cholinergic agonist, and spin-labelled phospholipids / by David Clark Dugdale."
coo.31924004607374,1971,1970,BK,us,UNLABELED,1,009221858,"Surface-temperature sensing programs for subsurface conditions and geothermal sources, by James Wendell Spencer, Jr."
coo.31924004732008,1978,1970,BK,us,UNLABELED,1,009231723,Stress distribution around a transverse hole in a cantilever spindle / by Robert Sidney Yarnell.
coo.31924009415310,1978,1970,BK,us,UNLABELED,1,100579385,The crisis in industry / Thomas Wolfe.
coo.31924013016997,1971,1970,BK,us,UNLABELED,1,009134957,"Appraising and improving the performance of school administrative personnel, by William B. Castetter [and] Richard S. He"
coo.31924014510485,1972,1970,BK,us,UNLABELED,1,009063730,Alphabetical list of serials currently received January 1972.
coo.31924017812722,1979,1970,BK,us,UNLABELED,1,010691194,Organizational commitment : correlates and antecedents / by Dallas T. DeFee.
coo.31924022305894,1970,1970,BK,us,UNLABELED,1,010008293,Excited state absorption spectroscopy on a nanosecond time scale.
coo.31924085784498,1976,1970,BK,us,UNLABELED,1,009151421,Crafty casseroles / by A.R. Stone.
coo.31924085790172,1978,1970,BK,us,UNLABELED,1,009151488,Water quality and quantitative macroinvertebrate survey ...
coo.31924097764884,1979,1970,BK,us,UNLABELED,1,009176993,Formulation of artificial diets for feeding lobster (Homarus americanus) held in pounds / Margie Lee Gallagher ... [et a
coo.31924108153713,1973,1970,BK,us,UNLABELED,1,009236891,How the transistor emerged / Charles Weiner.
cub.p103030603013,1979,1970,BK,us,UNLABELED,1,103153068,Comprehensive computer evaluation and enhancement of maximum flow algorithms / by Fred Glover [and others]
hvd.32044008523854,1970,1970,BK,us,UNLABELED,1,000004095,"Three treatises / Martin Luther ; [translated by Charles M. Jacobs, A.T.W. Steinhäuser, and W.A. Lambert]."
hvd.32044031836836,1976,1970,BK,us,UNLABELED,1,102734443,Questions and answers illustrating applications of regulation U : credit by banks for the purpose of purchasing or carry
iau.31858006106441,1976,1970,BK,us,UNLABELED,1,100807616,Quest and vision : essays in life and literature / by W. J. Dawson.
iau.31858059225882,1978,1970,BK,us,UNLABELED,1,100923798,Water quality survey of the Catfish Creek Basin / prepared for the Iowa Department of Environmental Quality by the Unive
ien.35556001857127,1971,1970,BK,us,UNLABELED,1,010616247,How the public regards promotion of Negro history and culture in Maryland; an opinion survey prepared for the Maryland C
ien.35556001919588,1976,1970,BK,us,UNLABELED,1,010619720,The mistress condition / Catherine Breslin.
ien.35556002896694,1972,1970,BK,us,UNLABELED,1,010614894,Agency-company relationships in manpower operations for the hard-to-employ [by Louis A. Ferman and Roger Manela] Prepare
ien.35556010926426,1977,1970,BK,us,UNLABELED,1,011246060,"The Origins of the French Revolution--popular misery, social ambitions, or philosophical ideas?."
ien.35556015759285,1975,1970,BK,us,UNLABELED,1,011228703,Mythic rhetoric : a case study of Adolph Hitler's Mein Kampf / by Michael Dennis McGuire.
ien.35556021046529,1977,1970,BK,us,UNLABELED,1,010653107,"CRCP-2, an improved computer program for the analysis of continuously reinforced concrete pavements / by James Ma, B. Fr"
ien.35556021058359,1979,1970,BK,us,UNLABELED,1,010653223,Impact assessment and traveller responses to traffic management strategies / by Adolf D. May ; Institute of Transportati
ien.35556021172853,1977,1970,BK,us,UNLABELED,1,010624292,Intercity passenger carrier improvement study / project director: R.L. Carstens.
ien.35556021285689,1970,1970,BK,us,UNLABELED,1,010618007,Algorithms for routing and scheduling in demand responsive transportation systems / by Larry L. Howson and Kenneth W. He
ien.35556021307707,1975,1970,BK,us,UNLABELED,1,010611469,Develop alternative aggregate models for testing purposes and select procedure for use with TRANS / by Frank S. Koppelma
ien.35556021422225,1972,1970,BK,us,UNLABELED,1,010617691,A procedure for estimating the national market and total socio-economic impacts of new systems of urban transportation /
ien.35556031878887,1979,1970,BK,us,UNLABELED,1,010654428,Illinois highways today and tomorrow : background summary.
ien.35556040295974,1978,1970,BK,us,UNLABELED,1,102801198,"Programming public improvements : a means for implementing a controlled growth plan for Rockford-Winnebago County, Illin"
ien.35556040295990,1970,1970,BK,us,UNLABELED,1,102800518,Priority and planning elements for developing Illinois water resources: technical appendix.
ien.35556045862067,1970,1970,BK,us,UNLABELED,1,009682672,"Initial housing report for Vigo County, Indiana / prepared by Area Planning Department for Vigo County."
ien.35556045862935,1975,1970,BK,us,UNLABELED,1,102800320,A model for the determination and evaluation of major proposals for water supply systems / prepared by the Northeast Ohi
inu.30000010398703,1971,1970,BK,us,UNLABELED,1,006046683,"Isles of the South Pacific, by Maurice Shadbolt and Olaf Ruhen. Prepared by the Special Publications Division."
inu.30000052155763,1971,1970,BK,us,UNLABELED,1,006810493,Stories from Indian wigwams and northern camp-fires.
inu.30000055081123,1975,1970,BK,us,UNLABELED,1,005993921,New Jersey : some dimensions of local history / Paul Harrison Silfen.
inu.30000055590479,1977,1970,BK,us,UNLABELED,1,010583243,Fire in the furnace : a technical report on the re-firing of the Old Tannehill Ironworks 111 years after becoming an ind
inu.30000078284316,1973,1970,BK,us,UNLABELED,1,010570690,Peoplemover systems for mid and lower Manhattan. Final report submitted to New York City Transit Authority [and others] 
inu.30000078998949,1977,1970,BK,us,UNLABELED,1,009683491,Indiana's criminal justice standards and goals / Indiana Criminal Justice Planning Agency.
inu.30000086902016,1970,1970,BK,us,UNLABELED,1,010568470,Development prospects and planning for the coming decade (with special reference to Africa); report.
inu.30000100274335,1971,1970,BK,us,UNLABELED,1,006811368,Henry Chapman Mercer : a study / by Joseph E. Sandford.
inu.30000111827857,1976,1970,BK,us,UNLABELED,1,010561412,The left hand of God / William E. Barrett.
inu.30000114159688,1970,1970,BK,us,UNLABELED,1,010556999,"My creed, by Don L. Chaffee."
inu.30000114330420,1972,1970,BK,us,UNLABELED,1,010558481,Further E. K. Means. Illustrated by Kemble.
inu.30000120159045,1972,1970,BK,us,UNLABELED,1,009529001,"Soviet penetration of Latin America/Leon Gour,̌ Morris Rothenberg."
inu.30000123507042,1977,1970,BK,us,UNLABELED,1,010575335,"Education, employment probabilities and rural-urban migration in Tanzania / H.N. Barnum and R.H. Sabot."
inu.32000005304953,1971,1970,BK,us,UNLABELED,1,007979183,"The administrative reorganization experience in the State of Washington, by David H. Jackson."
inu.32000013343480,1973,1970,BK,us,UNLABELED,1,006034545,The bunker / Charles Goldstein ; translated from the French by Esther Malkin ; with an introduction by William Glicksman
inu.39000002183809,1979,1970,BK,us,UNLABELED,1,007388097,"Regression analysis with randomly right censored data / H. Koul, V. Susarla, J. Van Ryzin."
inu.39000002960388,1977,1970,BK,us,UNLABELED,1,007387679,The defense and military policies of the Italian Communist Party / Ciro Zoppo.
inu.39000003289373,1977,1970,BK,us,UNLABELED,1,006013650,Parapsychology : an insider's view of ESP / J. Gaither Pratt.
inu.39000005758672,1979,1970,BK,us,UNLABELED,1,006928906,The Arthurian legends : an illustrated anthology / selected and introduced by Richard Barber.
inu.39000005804518,1976,1970,BK,us,UNLABELED,1,006930162,Farm inventions in the making of America / by Paul C. Johnson.
inu.39000005846758,1976,1970,BK,us,UNLABELED,1,006807625,From hearth to cookstove : America in the kitchen : an American domestic history of gadgets and utensils made or used in
inu.39000005860361,1977,1970,BK,us,UNLABELED,1,006935199,Paint on wood : decorated American furniture since the 17th century / Lloyd E. Herman.
inu.39000005899492,1970,1970,BK,us,UNLABELED,1,006931061,Silva gadelica (I-XXXI); a collection of tales in Irish with extracts illustrating persons and places.
inu.39000005902643,1971,1970,BK,us,UNLABELED,1,006929141,"We didn't have none of them fat funky angels on the wall of Heartbreak Hotel, and other reports from America."
inu.39000008789310,1978,1970,BK,us,UNLABELED,1,007985972,"Managerial accounting : an introduction to concepts, methods, and uses / Sidney Davidson ... [et al.]."
mdp.35128000191641,1973,1970,BK,us,UNLABELED,1,004492116,The new generation of marketers: a management view / by David L. Hurwood.
mdp.35128000762649,1979,1970,BK,us,UNLABELED,3,000256392,"Disclosure of corporate social performance : survey, evaluation, and prospects / Harold L. Johnson."
mdp.35128000827368,1979,1970,BK,us,UNLABELED,1,005323877,Thoughts on an International Monetary Fund based fully on the SDR / J. J. Polak.
mdp.35128001004975,1973,1970,BK,us,UNLABELED,1,005320533,The Steel market in 1972 / Economic Commission for Europe.
mdp.35128002309464,1978,1970,BK,us,UNLABELED,1,005325213,A European look at the world economy / Herbert Giersch.
mdp.39015000074099,1971,1970,BK,us,UNLABELED,1,000972778,"Sociology: rules, roles, and relationships / [by] Everett K. Wilson."
mdp.39015000137219,1973,1970,BK,us,UNLABELED,4,000013700,Political organizations / by James Q. Wilson.
mdp.39015000156169,1973,1970,BK,us,UNLABELED,2,001559743,Community mental health; social action and reaction / edited by Bruce Denner [and] Richard H. Price.
mdp.39015000233273,1979,1970,BK,us,UNLABELED,1,000032386,"Dickens and the invisible world : fairy tales, fantasy, and novel-making / Harry Stone."
mdp.39015000281850,1974,1970,BK,us,UNLABELED,1,001576818,Muscle physiology / [by] Francis D. Carlson [and] Douglas R. Wilkie.
mdp.39015000285893,1977,1970,BK,us,UNLABELED,2,000254187,"Systems neuroscience / edited by Jacqueline Metzler ; University of Massachusetts, Center for Systems Neuroscience, Exec"
mdp.39015000290356,1978,1970,BK,us,UNLABELED,1,000178363,Essentials of nursing research / Lucille E. Notter.
mdp.39015000299480,1978,1970,BK,us,UNLABELED,1,000088624,Communications and relationships in nursing / Maureen J. O'Brien.
mdp.39015000338114,1972,1970,BK,us,UNLABELED,1,000199065,Blimey! Another book about London.
mdp.39015000481138,1977,1970,BK,us,UNLABELED,2,000732979,Structured programming and problem solving with PL/1 / Richard B. Kieburtz.
mdp.39015000481542,1976,1970,BK,us,UNLABELED,1,000214017,"Proceedings of Symposium on Simulation of Computer Systems, National Bureau of Standards, Boulder, Colorado, August 10-1"
mdp.39015000567209,1971,1970,BK,us,UNLABELED,1,001371043,Social patterns in Australian literature / [by] T. Inglis Moore.
mdp.39015000578750,1978,1970,BK,us,UNLABELED,1,002490185,It's too late for sorry : a novel / by Emily Hanlon.
mdp.39015000670698,1976,1970,BK,us,UNLABELED,1,000711260,The bravest battle : the twenty-eight days of the Warsaw ghetto uprising / Dan Kurzman.
mdp.39015000808561,1972,1970,BK,us,UNLABELED,1,001113868,The isoquinoline alkaloids: chemistry and pharmacology.
mdp.39015000826308,1972,1970,BK,us,UNLABELED,1,001555822,The Prostaglandins; progress in research / Edited by Sultan M. M. Karim.
mdp.39015000846173,1971,1970,BK,us,UNLABELED,1,002070210,"Development of the genital system and male pseudohermaphroditism / Edited by M. Michael Cohen, Jr."
mdp.39015000854128,1973,1970,BK,us,UNLABELED,1,001133740,Behavioral & social effects of marijuana / papers by Ernest L. Abel and others -
mdp.39015000862683,1977,1970,BK,us,UNLABELED,2,000254554,Drives and reinforcements : behavioral studies of hypothalamic functions / James Olds.
mdp.39015000984792,1976,1970,BK,us,UNLABELED,1,000042205,Materials in industry / W. J. Patton.
mdp.39015000988587,1978,1970,BK,us,UNLABELED,2,000089614,"Introduction to transportation engineering / Everett C. Carter, Wolfgang S. Homburger ; Institute of Transportation Engi"
mdp.39015001141095,1975,1970,BK,us,UNLABELED,1,000696205,China / by Choon-ho Park.
mdp.39015001437303,1973,1970,BK,us,UNLABELED,1,001283843,The principal and the autonomous elementary school / [by] Albert H. Shuster and Don H. Stewart. -
mdp.39015001612525,1972,1970,BK,us,UNLABELED,1,000010509,Studies in Arabic literary papyri.
mdp.39015001620460,1971,1970,BK,us,UNLABELED,2,000719283,A textbook of soil chemical analysis / [by] P.R. Hesse.
mdp.39015001635765,1973,1970,BK,us,UNLABELED,1,001563465,Stuttering: differential evaluation and therapy / [by] Hugo H. Gregory.
mdp.39015001643264,1975,1970,BK,us,UNLABELED,1,000692455,"Social change counseling : a radical approach / Marilyn A. Hutchinson, Holly A. Stadler."
mdp.39015001658155,1978,1970,BK,us,UNLABELED,2,000089591,"Infancy : its place in human development / Jerome Kagan, Richard B. Kearsley, Philip R. Zelazo, with the assistance of C"
mdp.39015001696817,1977,1970,BK,us,UNLABELED,1,000296816,"Draft world-wide study on agro-industries, 1975-2000 : a sectoral study / prepared by the International Centre for Indus"
mdp.39015001895401,1970,1970,BK,us,UNLABELED,1,000001294,A modern look at monsters.
mdp.39015002051350,1978,1970,BK,us,UNLABELED,1,000759451,"Printed circuit board technology : papers presented at the Printed Circuit Board Technology Conference, June 8-9, 1977, "
mdp.39015002082108,1978,1970,BK,us,UNLABELED,2,000752853,Cost reduction in product design / Willam Wai-Chung Chow.
mdp.39015002093394,1972,1970,BK,us,UNLABELED,1,000426984,Digital computer principles and applications / [by] Andrew G. Favret.
mdp.39015002095449,1974,1970,BK,us,UNLABELED,3,000043581,"Travels in computerland : or, Incompatabilities and interfaces : a full and true account of the implementation of the Lo"
mdp.39015002140955,1973,1970,BK,us,UNLABELED,1,000334676,France and North America: over three hundred years of dialogue; proceedings / Edited by Mathé Allain and Glenn R. Conrad
mdp.39015002178252,1971,1970,BK,us,UNLABELED,1,000763920,The Control of chemical and biological weapons.
mdp.39015002191032,1975,1970,BK,us,UNLABELED,1,000691466,Do-it-yourself : women's studies / edited by Sarah Slavin Schramm.
mdp.39015002210337,1978,1970,BK,us,UNLABELED,1,000179691,"Norman Mailer, the radical as hipster / by Robert Ehrlich."
mdp.39015002244757,1973,1970,BK,us,UNLABELED,1,001246995,"The new Israelis / by David Schoenbrun, with Robert & Lucy Szekely."
mdp.39015002299702,1975,1970,BK,us,UNLABELED,2,000719052,The Golovlyovs : a novel / M. Saltykov-Shchedrin ; [translated from the Russian by Olga Shartse ; illustrated by Kukryni
mdp.39015002304114,1977,1970,BK,us,UNLABELED,1,000294874,The construction of a European Community : achievements and prospects for the future / Pierre Maillet ; translated by Ma
mdp.39015002413105,1976,1970,BK,us,UNLABELED,1,000704901,Constipation : its causes and cures / Jacques Thiroloix ; translated by Martin Sokolinsky.
mdp.39015002413725,1975,1970,BK,us,UNLABELED,1,000035135,Brain mechanisms in mental retardation : proceedings of a conference in the series on mental retardation sponsored by th
mdp.39015002421421,1973,1970,BK,us,UNLABELED,1,001566818,"Your prostate: what it is, what it does, and the diseases that affect it / [by] Robert L. Rowan and Paul J. Gillette. -"
mdp.39015002437484,1971,1970,BK,us,UNLABELED,1,001133690,Youth and the drug problem; a guide for parents and teachers / by Harold D. Love. With a foreword by William H. Osborne.
mdp.39015002440140,1978,1970,BK,us,UNLABELED,1,000749083,Nutritional factors in general medicine : effects of stress and distorted diets / by Mark D. Altschule.
mdp.39015002471723,1970,1970,BK,us,UNLABELED,1,001063493,Modern dance / [by] Mary Wigman [and others. Compiled by Virginia Stewart]
mdp.39015002650995,1975,1970,BK,us,UNLABELED,2,000803306,The governance of colleges and universities : modernizing structure and processes / John J. Corson.
mdp.39015002656463,1972,1970,BK,us,UNLABELED,2,001255618,"Nothing, and so be it / Translated by Isabel Quigly."
mdp.39015002659624,1971,1970,BK,us,UNLABELED,1,001050944,Miguel Delibes / by Janet Diaz. -
mdp.39015002685157,1973,1970,BK,us,UNLABELED,1,000273180,"The Indian Question, by Henry B. Carrington. Including a Report by the Secretary of the Interior on the massacre of troo"
mdp.39015002702903,1975,1970,BK,us,UNLABELED,1,000025593,"Black consciousness, identity, and achievement : a study of students in historically Black colleges / Patricia Gurin, Ed"
mdp.39015002706441,1974,1970,BK,us,UNLABELED,1,000882544,"Tales, epistles, odes, fables, &c. (1729)"
mdp.39015002735895,1973,1970,BK,us,UNLABELED,1,000540627,Winter in the Rex; poems / by William D. Elliott.
mdp.39015002750365,1976,1970,BK,us,UNLABELED,1,000745788,"Henry Roth, the man and his work / by Bonnie Lyons."
mdp.39015002808510,1978,1970,BK,us,UNLABELED,1,000233609,Henry James / Leon Edel.
mdp.39015002816174,1971,1970,BK,us,UNLABELED,1,000580707,"Introductory statistics for the behavioral sciences / [by] Joan Welkowitz, Robert B. Ewen [and] Jacob Cohen."
mdp.39015002936048,1975,1970,BK,us,UNLABELED,1,000043807,Fundamentals of physical metallurgy / John D. Verhoeven.
mdp.39015003243667,1976,1970,BK,us,UNLABELED,1,000731294,"Biology of cholinergic function / edited by Alan M. Goldberg, Israel Hanin."
mdp.39015003251090,1974,1970,BK,us,UNLABELED,1,000013368,The battered child; selected readings / [Compiled by] Jerome E. Leavitt.
mdp.39015003328021,1975,1970,BK,us,UNLABELED,1,000018141,The radical pietists : celibate communal societies established in the United States before 1820 / by Delburn Carpenter.
mdp.39015003492553,1974,1970,BK,us,UNLABELED,1,001064586,"Education for whom? The question of equal educational opportunity / [by] Charles A. Tesconi, Jr. [and] Emanuel Hurwitz, "
mdp.39015003640888,1970,1970,BK,us,UNLABELED,3,001241161,"Governments and politics of the contemporary Middle East / [by] Tareq Y. Ismael, with contributions from A. M. Abu-Hakim"
mdp.39015003663104,1976,1970,BK,us,UNLABELED,1,000700748,The death and life of Bishop Pike / William Stringfellow and Anthony Towne.
mdp.39015003701730,1970,1970,BK,us,UNLABELED,2,001610407,Nigeria; the seeds of disaster / [by] John Hatch. -
mdp.39015003798173,1972,1970,BK,us,UNLABELED,1,001562947,"Clinical supervision of the psychiatric resident / by Daniel B. Schuster, John J. Sandt, and Otto F. Thaler."
mdp.39015003826040,1973,1970,BK,us,UNLABELED,1,000012724,The working brain; : an introduction to neuropsychology / [by] A. R. Luria. Translated by Basil Haigh.
mdp.39015003941955,1978,1970,BK,us,UNLABELED,1,000088610,The runner / Gary Gildner.
mdp.39015004039692,1972,1970,BK,us,UNLABELED,1,001436277,The classical theory of composition; from its origins to the present: a historical survey / by Aldo Scaglione. -
mdp.39015004040450,1978,1970,BK,us,UNLABELED,2,000134790,American policy in Southern Africa : the stakes and the stance / edited by René Lemarchand.
mdp.39015004162429,1979,1970,BK,us,UNLABELED,1,000756419,"A conversation with Ernesto Mulato : the political and military struggle in Angola / held on March 2, 1979 at the Americ"
mdp.39015004172295,1975,1970,BK,us,UNLABELED,1,000017227,"Robespierre : or, The tyranny of the majority / Jean Matrat ; translated by Alan Kendall, with Felix Brenner."
mdp.39015004249903,1971,1970,BK,us,UNLABELED,2,001749354,The politics of defeat; campaigning for Congress [by] Robert J. Huckshorn and Robert C. Spencer.
mdp.39015004264415,1970,1970,BK,us,UNLABELED,1,000431067,Cities in flight.
mdp.39015004322213,1974,1970,BK,us,UNLABELED,1,000016221,Understanding the mentally retarded child; a new approach / by Richard Koch [and] Kathryn Jean Koch.
mdp.39015004327147,1970,1970,BK,us,UNLABELED,1,001120243,"The legislation of morality: law, drugs, and moral judgment / [by] Troy Duster."
mdp.39015004337096,1974,1970,BK,us,UNLABELED,2,001493251,Cell physiology; molecular dynamics
mdp.39015004410281,1974,1970,BK,us,UNLABELED,1,001553208,Introduction to animal physiology.
mdp.39015004456540,1972,1970,BK,us,UNLABELED,1,001613447,"Proceedings / J. I. Abrams and J. D. Stevenson, editors. J. D. Stevenson, symposium coordinator."
mdp.39015004488287,1973,1970,BK,us,UNLABELED,3,001485810,Aeronomy [by] P. M. Banks [and] G. Kockarts.
mdp.39015004606805,1978,1970,BK,us,UNLABELED,1,000037814,World demand for raw materials in 1985 and 2000 / Wilfred Malenbaum.
mdp.39015004700863,1973,1970,BK,us,UNLABELED,3,000169849,Les guérillères / Monique Wittig ; translated from the French by David Le Vay.
mdp.39015004712710,1976,1970,BK,us,UNLABELED,2,000738432,Détente and the democratic movement in the USSR / Frederick C. Barghoorn.
mdp.39015004735224,1975,1970,BK,us,UNLABELED,1,000035309,American rights policies / Jay A. Sigler.
mdp.39015004813864,1979,1970,BK,us,UNLABELED,1,002191184,Molly's lies / story and pictures by Kay Chorao.
mdp.39015004822162,1971,1970,BK,us,UNLABELED,1,001047361,"Venture simulation in war, business, and politics / [by] Alfred H. Hausrath. -"
mdp.39015004931138,1971,1970,BK,us,UNLABELED,1,001018853,Shakespeare's sexual comedy; a mirror for lovers / [by] Hugh M. Richmond.
mdp.39015004997584,1979,1970,BK,us,UNLABELED,1,000099648,"Current Soviet trends : a lecture presented on December 5, 1978 / Sir Fitzroy Maclean."
mdp.39015005102887,1973,1970,BK,us,UNLABELED,1,000479197,Hoffer's America / [by] James D. Koerner.
mdp.39015005204493,1971,1970,BK,us,UNLABELED,1,000335965,Prejudice; Japanese-Americans: symbol of racial intolerance / With a new foreword by the author.
mdp.39015005238467,1975,1970,BK,us,UNLABELED,1,000026325,"Learning disabilities : selected ACLD papers / edited by Samuel A. Kirk, Jeanne McRae McCarthy."
mdp.39015005287738,1974,1970,BK,us,UNLABELED,2,001191910,Gottfried August Bürger / by Wm. A. Little.
mdp.39015005302305,1978,1970,BK,us,UNLABELED,1,000696637,"The law of the European Economic Community : enterprises, economic competition and the economic function of the state in"
mdp.39015005321495,1973,1970,BK,us,UNLABELED,2,001011610,To find an image: Black films from Uncle Tom to Super Fly / by James P. Murray.
mdp.39015005330645,1970,1970,BK,us,UNLABELED,1,000596287,The Samaritans; heroes of the holocaust / by Wladyslaw Bartoszewski and Zofia Lewin.
mdp.39015005350817,1972,1970,BK,us,UNLABELED,1,001312971,American ideals versus the New Deal.
mdp.39015005404275,1977,1970,BK,us,UNLABELED,1,000296176,"Finnegans wake, Book II, chapter 1 : a facsimile of drafts, typescripts, & proofs / James Joyce ; prefaced by David Haym"
mdp.39015005481117,1973,1970,BK,us,UNLABELED,1,001066419,Universities in the developing countries of Africa; some problems and prospects / by Alex A. Kwapong.
mdp.39015005998201,1973,1970,BK,us,UNLABELED,2,000007897,Structural kinesiology / [by] Jerry N. Barham [and] Edna P. Wooten.
mdp.39015006175478,1977,1970,BK,us,UNLABELED,1,000090683,"The Fishery Act of 1976, a summary; the Management Councils, a description."
mdp.39015006603594,1972,1970,BK,us,UNLABELED,1,000923710,The burning bush : a play / by Aharon Meged ; translated by Shoshana Perla.
mdp.39015006726361,1970,1970,BK,us,UNLABELED,4,000457436,World of variation / by Mary Otis Stevens and Thomas F. McNulty.
mdp.39015006743713,1972,1970,BK,us,UNLABELED,2,000007371,"Insects of the world / drawings, photos. and text, by Walter Linsenmaier. Translated from the German by Leigh E. Chadwic"
mdp.39015006771227,1972,1970,BK,us,UNLABELED,1,000164349,The sculpture of Matisse / [by] Alicia Legg.
mdp.39015006788593,1971,1970,BK,us,UNLABELED,1,001471680,The art of making pottery; from clay to kiln / by Harry Memmott. -
mdp.39015006796489,1973,1970,BK,us,UNLABELED,2,001511553,"The glorious enterprise: the Centennial Exhibition of 1876 and H. J. Schwarzmann, architect-in-chief."
mdp.39015006805603,1978,1970,BK,us,UNLABELED,1,000269695,"How to be an operative home builder : transcript of New Ventures School, 1977 / sponsored by Housing Capital Corporation"
mdp.39015006807567,1971,1970,BK,us,UNLABELED,1,000331559,The image : a guide to pseudo-events in America / Daniel J. Boorstin.
mdp.39015007212767,1974,1970,BK,us,UNLABELED,1,000696788,"The First World War in posters, from the Imperial War Museum, London / selected and edited by Joseph Darracott."
mdp.39015007215372,1977,1970,BK,us,UNLABELED,2,000029997,Using social research in public policy making / edited by Carol H. Weiss.
mdp.39015007548137,1973,1970,BK,us,UNLABELED,3,001514013,"Reinforced concrete design for buildings / [by] Paul Rogers, with the assistance of Michael L. Baltay."
mdp.39015007878211,1979,1970,BK,us,UNLABELED,1,000742451,"Notes of a pianist / Louis Moreau Gottschalk ; edited, with a prelude, a postlude, and explanatory notes, by Jeanne Behr"
mdp.39015007955993,1970,1970,BK,us,UNLABELED,1,000139016,Josef Matthias Hauer's Vom Melos zur Pauke and Zwoelftontechnik : translation and commentary : [by] Horace H. Work III.
mdp.39015008082052,1971,1970,BK,us,UNLABELED,2,001512600,Properties of engineering materials / [by] J. B. Moss. -
mdp.39015008399407,1970,1970,BK,us,UNLABELED,1,000456876,Madame de Maintenon; uncrowned Queen of France.
mdp.39015008409586,1970,1970,BK,us,UNLABELED,1,001387308,Elementary logic / [by] Michael D. Resnik.
mdp.39015008484050,1976,1970,BK,us,UNLABELED,1,000763534,Double identity : the Chinese in modern Thailand / by Richard J. Coughlin.
mdp.39015008535067,1972,1970,BK,us,UNLABELED,1,000902516,Dante's ten heavens; a study of the Paradise.
mdp.39015008583653,1975,1970,BK,us,UNLABELED,1,000687067,"On the Drapier's letters, etc., 1724."
mdp.39015009027551,1970,1970,BK,us,UNLABELED,3,001574330,An introduction to the theoretical basis of nursing / [by] Martha E. Rogers.
mdp.39015009128235,1972,1970,BK,us,UNLABELED,1,001245502,"Baltic States : a study of their origin and national development, their seizure and incorporation into the U.S.S.R. : th"
mdp.39015009388300,1973,1970,BK,us,UNLABELED,1,001282297,Teaching science in the elementary school / [by] David P. Butts. -
mdp.39015009538557,1975,1970,BK,us,UNLABELED,1,000043758,Modules for independent-individual learning in nursing / Lou Coffey.
mdp.39015009629703,1975,1970,BK,us,UNLABELED,1,001664976,"Ad organum faciendum & Item de organo / Edited with an introd., translation, and notes, by Jay A. Huff."
mdp.39015009788285,1978,1970,BK,us,UNLABELED,1,000750194,"Marine outfall systems : planning, design, and construction / Robert A. Grace."
mdp.39015010155227,1979,1970,BK,us,UNLABELED,1,000766939,Aging from birth to death : interdisciplinary perspectives / edited by Matilda White Riley.
mdp.39015010328295,1973,1970,BK,us,UNLABELED,1,001147392,"The Third Duma, election and profile. -"
mdp.39015010344797,1978,1970,BK,us,UNLABELED,1,000087499,Abel Gance / Steven Philip Kramer and James Michael Welsh.
mdp.39015010451378,1976,1970,BK,us,UNLABELED,1,000721214,"Polish profiles : the land, the people, and their history / Antoni Gronowicz."
mdp.39015010727371,1975,1970,BK,us,UNLABELED,1,000327431,From Croesus to Constantine : the cities of western Asia Minor and their arts in Greek and Roman times / George M. A. Ha
mdp.39015011060160,1972,1970,BK,us,UNLABELED,1,000480742,Boston and the tea riots / by Norma R. Fryatt.
mdp.39015011081182,1971,1970,BK,us,UNLABELED,1,003907130,"Inheritance of the craniofacial complex : brother-sister, sister-brother : a thesis submitted in partial fulfillment ..."
mdp.39015011327106,1970,1970,BK,us,UNLABELED,1,001763408,"National Archives microfilm listings relevant to the Hitler Youth, youth, education, the Arbeitsdienst and student organ"
mdp.39015011351189,1974,1970,BK,us,UNLABELED,1,001430439,Antitrust and shifting national controls policies: impact in differently positioned companies; transcript of conference.
mdp.39015011460717,1976,1970,BK,us,UNLABELED,1,000292646,The relationship between self-concept and achievement in nursing education / by Marilyn Ellison Edmondson.
mdp.39015011574491,1974,1970,BK,us,UNLABELED,2,001149344,"Indonesian communism under Sukarno; ideology and politics, 1959-1965 / [by] Rex Mortimer."
mdp.39015011695874,1978,1970,BK,us,UNLABELED,1,003484599,The time traders / Andre Norton.
mdp.39015012092980,1970,1970,BK,us,UNLABELED,1,001417274,The Ghost of Five Owl Farm / [by] Wilson Gage. Illustrated by Paul Gladone.
mdp.39015012183409,1975,1970,BK,us,UNLABELED,2,000037693,Growing metropolis : aspects of development in Nashville / edited by James F. Blumstein and Benjamin Walter.
mdp.39015012278126,1974,1970,BK,us,UNLABELED,1,000010880,"Patterns of racial discrimination / Edited by George M. von Furstenberg, Bennett Harrison [and] Ann R. Horowitz."
mdp.39015012288455,1973,1970,BK,us,UNLABELED,2,001375447,Edward Dowden / by Kathryn R. Ludwigson.
mdp.39015012595362,1978,1970,BK,us,UNLABELED,1,000251391,Biology of developing systems / Philip Grant.
mdp.39015012893932,1978,1970,BK,us,UNLABELED,2,000214936,Bad dreams / Fyodor Sologub [i.e. F. K. Teternikov] ; translated by Vassar W. Smith.
mdp.39015012902139,1976,1970,BK,us,UNLABELED,1,000742892,Task groups and linkages in complex organizations : a case study of NASA / Henry J. Anna.
mdp.39015013069011,1973,1970,BK,us,UNLABELED,1,001348246,Conceptual design for an urban transportation planning information system. Prepared for Dept. of Transportation.
mdp.39015013095776,1977,1970,BK,us,UNLABELED,2,000735594,Gregorio and María Martínez Sierra / by Patricia W. O'Connor.
mdp.39015013730323,1971,1970,BK,us,UNLABELED,1,000002834,"Possible worlds, and other papers."
mdp.39015013952729,1976,1970,BK,us,UNLABELED,1,000692417,Faulkner : essays / by Warren Beck.
mdp.39015014143898,1976,1970,BK,us,UNLABELED,1,000743018,Night and hope / Arnost Lustig ; translated by George Theiner.
mdp.39015014177599,1974,1970,BK,us,UNLABELED,1,001117269,The bus stops here; a study of school desegregation in three cities.
mdp.39015014292091,1974,1970,BK,us,UNLABELED,1,000812452,The Future of inter-bloc relations in Europe / Edited by Louis J. Mensonides [and] James A. Kuhlman.
mdp.39015014422953,1971,1970,BK,us,UNLABELED,1,001072468,Stubbs.
mdp.39015014594710,1975,1970,BK,us,UNLABELED,1,000038026,"Democracy's first struggle : Herodotus' histories / edited, and with photos., by Joseph C. Farber ; pref. by Homer A. Th"
mdp.39015014599990,1974,1970,BK,us,UNLABELED,1,000012664,"The Jew in American society / Edited, with introductions and notes, by Marshall Sklare."
mdp.39015014600087,1977,1970,BK,us,UNLABELED,2,000748873,"The Spanish Royal Corps of Engineers in the western borderlands : instrument of Bourbon reform, 1764 to 1815 / by Janet "
mdp.39015014607223,1973,1970,BK,us,UNLABELED,2,000335565,The dispossessed majority.
mdp.39015015059770,1976,1970,BK,us,UNLABELED,1,000214166,"Prescription for primary health care : a community guidebook / written by the Primary Care Development Project, project "
mdp.39015015077632,1977,1970,BK,us,UNLABELED,3,000173529,"Statistical principles in health care information / S. James Kilpatrick, Jr."
mdp.39015015823548,1974,1970,BK,us,UNLABELED,1,000017719,"American art in upstate New York; drawings, watercolors, and small sculpture from public collections in Albany, Buffalo,"
mdp.39015016101696,1979,1970,BK,us,UNLABELED,1,000111471,Plasma polymerization : based on a symposium sponsored by the ACS Division of Polymer Chemistry at the 176th meeting of 
mdp.39015016142492,1971,1970,BK,us,UNLABELED,1,000225888,Divorce and after / edited by Paul Bohannan ; contributors: Jesse Bernard... [et.al.]
mdp.39015016180591,1979,1970,BK,us,UNLABELED,1,000160864,Metropolitan black suicide : recent trends and methodological issues / Robert Davis.
mdp.39015016189675,1973,1970,BK,us,UNLABELED,1,000169864,"New perspectives on child welfare, services, staffing, delivery system / by Bernice Q. Madison and Michael Schapiro, in "
mdp.39015016217732,1976,1970,BK,us,UNLABELED,1,000021677,Behavior modification with children : a systematic guide / Richard J. Morris.
mdp.39015016284732,1978,1970,BK,us,UNLABELED,1,000120155,Black-white differences in the occurrence of job shifts.
mdp.39015017172092,1974,1970,BK,us,UNLABELED,1,000205822,Flare-produced shock waves in the corona and in interplanetary space : manuscripts presented at a conference held in Bou
mdp.39015017277487,1973,1970,BK,us,UNLABELED,1,001512521,Ultrasonics; the low- and high-intensity applications. -
mdp.39015017326276,1973,1970,BK,us,UNLABELED,1,000578488,Vector and operator valued measures and applications / Edited by Don H. Tucker [and] Hugh B. Maynard.
mdp.39015017641799,1974,1970,BK,us,UNLABELED,2,000043409,A love song to Black men / by Linda Brown Bragg.
mdp.39015017659247,1971,1970,BK,us,UNLABELED,1,001375510,Theodore Dreiser; a checklist / by Hugh C. Atkinson.
mdp.39015017923650,1972,1970,BK,us,UNLABELED,1,002056355,The Auburn story : the classics come home / [compiled and edited by the staff of the Auburn evening star]
mdp.39015018829591,1979,1970,BK,us,UNLABELED,1,002189083,Family Impact Seminar : the first three years.
mdp.39015019206609,1979,1970,BK,us,UNLABELED,1,002191572,Smoke over Golan / by Uriel Ofek ; translated by Israel I. Taslitt ; illustrated by Lloyd Bloom.
mdp.39015019671265,1977,1970,BK,us,UNLABELED,1,002439127,"Developing effective strategies for social intervention : a research and development methodology / Jack Rothman, princip"
mdp.39015019980435,1973,1970,BK,us,UNLABELED,1,000537422,"Helen Hunt Jackson, / by Evelyn I. Banning."
mdp.39015020639327,1976,1970,BK,us,UNLABELED,1,000706715,Moshe Dayan : story of my life / by Moshe Dayan.
mdp.39015020674191,1975,1970,BK,us,UNLABELED,1,000035382,"Report of the United Nations World Population Conference, 1974, Bucharest, 19-30 August, 1974."
mdp.39015020680339,1970,1970,BK,us,UNLABELED,1,001015347,"Professional secrets; an autobiography of Jean Cocteau, drawn from his lifetime writings / by Robert Phelps. Translated "
mdp.39015020749647,1977,1970,BK,us,UNLABELED,1,000129775,The socialist decision / Paul Tillich ; translated by Franklin Sherman.
mdp.39015020770742,1978,1970,BK,us,UNLABELED,1,000623022,"Sex education guidelines, including reproductive health and family planning."
mdp.39015020831619,1979,1970,BK,us,UNLABELED,1,000297595,Afro-American literature and culture since World War II : a guide to information sources / Charles D. Peavy.
mdp.39015020994193,1973,1970,BK,us,UNLABELED,1,000011979,"The spleen / by A. I. S. Macpherson, John Richmond [and] A. E. Stuart."
mdp.39015021692267,1977,1970,BK,us,UNLABELED,1,002465501,Schaum's outline of theory and problems of heat transfer / by Donald R. Pitts and Leighton E. Sissom.
mdp.39015021856797,1978,1970,BK,us,UNLABELED,1,002470923,Michigan driver profile : some basic facts about the traffic conviction and accident records of Michigan drivers.
mdp.39015021950251,1972,1970,BK,us,UNLABELED,2,001198136,The marble statue as idea / collected essays on Adalbert Stifter's Der Nachsommer. -
mdp.39015022091741,1971,1970,BK,us,UNLABELED,1,001743542,"Medicare, Medicaid, and geriatric residential environments / [by] Roger Lohmann and Nancy Lohmann."
mdp.39015022748019,1970,1970,BK,us,UNLABELED,1,001409443,Jonah and the Lord / by George MacBeth. Pictures by Margaret Gordon.
mdp.39015023072237,1972,1970,BK,us,UNLABELED,1,001509591,Men & whales at Scammon's Lagoon / by David A. Henderson. -
mdp.39015024075437,1970,1970,BK,us,UNLABELED,1,000471504,Wind in my hand / With the editorial assistance of Mark Taylor. Haiku translations by Hanako Fukuda. Illustrated by Lydi
mdp.39015024632948,1979,1970,BK,us,UNLABELED,1,000178894,"Economic geography / John W. Alexander, Lay James Gibson."
mdp.39015025107528,1971,1970,BK,us,UNLABELED,1,000435383,"Blue dreams; or, The end of romance and the continued pursuit of happiness."
mdp.39015026073034,1971,1970,BK,us,UNLABELED,1,001379214,Insights and illusions of philosophy / Translated from the French by Wolfe Mays.
mdp.39015026296841,1974,1970,BK,us,UNLABELED,1,001407778,Ecumenism in the age of the Reformation: the Colloquy of Poissy.
mdp.39015026931918,1979,1970,BK,us,UNLABELED,2,000232693,Southeast Asian research tools: Indonesia / by Lan Hiang Char.
mdp.39015026985146,1973,1970,BK,us,UNLABELED,1,001279585,The micro-society school; a real world in miniature / [by] George Richmond. -
mdp.39015026986789,1972,1970,BK,us,UNLABELED,1,001279437,State approaches to the management of educational research; the model of MACE and its studies / [by] Ronald B. Jackson.
mdp.39015027762668,1971,1970,BK,us,UNLABELED,2,009538663,The Susquehannah Company papers. [Vols. 1-4] Edited by Julian P. Boyd: [vols.5-11] edited by Robert J. Taylor.
mdp.39015027955783,1972,1970,BK,us,UNLABELED,2,001446151,"The adventures of Stickeen in Lower California, 1874 / by John F. Janes. Edited by Anna Marie Hager."
mdp.39015028110370,1975,1970,BK,us,UNLABELED,1,001120208,"Developments in the field of drug abuse : [proceedings] / National Drug Abuse Conference, 1974 ; edited by Edward Senay "
mdp.39015028524380,1979,1970,BK,us,UNLABELED,1,004696161,Portrait of a seductress : the world of Natalie Barney / Jean Chalon ; translated from the French by Carol Barko.
mdp.39015029503029,1977,1970,BK,us,UNLABELED,1,000705314,The monk of Udolpho : a romance / T. J. Horsley Curties ; new foreword by Devendra P. Varma ; new introd. by Mary Muriel
mdp.39015030375888,1974,1970,BK,us,UNLABELED,1,001207906,The memoirs of the Baron du Tan.
mdp.39015030547502,1975,1970,BK,us,UNLABELED,1,001974920,"Chancellor's medalists; fiftieth anniversary volume, 1925-1975 / Sponsored by Seymour H. Knox."
mdp.39015030602414,1973,1970,BK,us,UNLABELED,2,001060714,Children of darkness.
mdp.39015030971116,1976,1970,BK,us,UNLABELED,2,002870304,"The Dorr War : republicanism on trial, 1831-1861 / George M. Dennison."
mdp.39015031738605,1972,1970,BK,us,UNLABELED,1,002998859,Trainable children; curriculum and procedures / [by] Julia S. Molloy.
mdp.39015032901335,1979,1970,BK,us,UNLABELED,1,002809490,In celebration of ... / by Etha Gray.
mdp.39015033575906,1975,1970,BK,us,UNLABELED,2,000026247,"Book traveller / Bruce Bliven, Jr."
mdp.39015033837686,1974,1970,BK,us,UNLABELED,2,001353667,Selected poems [by] Osip Mandelstam. Translated by Clarence Brown and W. S. Merwin.
mdp.39015034653116,1978,1970,BK,us,UNLABELED,2,000260715,A Piaget primer : how a child thinks / Dorothy G. Singer & Tracey A. Revenson.
mdp.39015035095150,1971,1970,BK,us,UNLABELED,1,001126183,Money and capacity growth / [by] Jerome L. Stein. -
mdp.39015036900283,1975,1970,BK,us,UNLABELED,1,000709413,Reader in library technology / edited by Shirley Gray Adamovich.
mdp.39015037790733,1977,1970,BK,us,UNLABELED,1,003083089,"To educate the people : an experimental model for urban higher education for the working adult / Otto Feinstein, Frank A"
mdp.39015038119668,1977,1970,BK,us,UNLABELED,1,003111989,Safeguards systems concepts for nuclear material transportation : final report / O.C. Baldonado [and others].
mdp.39015038165877,1972,1970,BK,us,UNLABELED,1,003110986,Hill Street : investigation of the planning process in Ann Arbor / Douglas Barnes ... [et al.].
mdp.39015039099323,1970,1970,BK,us,UNLABELED,1,001502846,"Old world monkeys: evolution, systematics, and behavior; proceedings / Edited by J. R. Napier and P. H. Napier."
mdp.39015039137073,1978,1970,BK,us,UNLABELED,1,000092520,"Scott Joplin / James Haskins, with Kathleen Benson."
mdp.39015040609755,1973,1970,BK,us,UNLABELED,2,003244449,The dentist and the law / [by] William W. Howard [and] Alex L. Parks.
mdp.39015041530471,1971,1970,BK,us,UNLABELED,1,003194928,Exploring urban problems / [compiled by] Melvin R. Levin.
mdp.39015041786552,1970,1970,BK,us,UNLABELED,1,003309925,Stainless steel: concepts in design and fabrication.
mdp.39015042074875,1979,1970,BK,us,UNLABELED,1,005398639,The statistical study of dark nebulae / D. Sh. Khavtasi.
mdp.39015042174162,1979,1970,BK,us,UNLABELED,1,003257372,Summer topical fluoride program : manual for program administrators.
mdp.39015042594740,1976,1970,BK,us,UNLABELED,1,003992297,René Marqués : a study of his fiction / by Charles R. Pilditch.
mdp.39015043117814,1977,1970,BK,us,UNLABELED,1,003306240,"Mark Twain's house / [Henry Darbee, editor]."
mdp.39015045637165,1979,1970,BK,us,UNLABELED,1,000717620,"Table of integrals, series, and products / by I. S. Gradshteyn and I. M. Ryzhik ; incorporating the 4th ed. prepared by "
mdp.39015046346527,1975,1970,BK,us,UNLABELED,1,000033745,"James Baldwin, a critical evaluation / edited by Therman B. O'Daniel for the College Language Association."
mdp.39015046381375,1973,1970,BK,us,UNLABELED,1,003089878,Once is not enough / Jacqueline Susann.
mdp.39015046831486,1975,1970,BK,us,UNLABELED,3,000628597,Bernard Malamud : a collection of critical essays / edited by Leslie A. Field and Joyce W. Field.
mdp.39015046845858,1971,1970,BK,us,UNLABELED,1,000775235,"An international affair; non-intervention in the Spanish Civil War, 1936-1939 / [by] William E. Watters."
mdp.39015047755502,1971,1970,BK,us,UNLABELED,1,000625001,Letters and religion.
mdp.39015047780849,1979,1970,BK,us,UNLABELED,1,000216000,The cutting edge / Penelope Gilliatt.
mdp.39015048416286,1972,1970,BK,us,UNLABELED,1,000330115,The complexities of change : 3rd annual seminar for student leaders.
mdp.39015048869567,1973,1970,BK,us,UNLABELED,1,003490967,The private collection of Martha Jackson / acknowledgement by George Levitine and Richard Klank ; pref. by Adelyn Breesk
mdp.39015049677282,1970,1970,BK,us,UNLABELED,1,001426233,In our time : stories / by Ernest Hemingway.
mdp.39015049703286,1974,1970,BK,us,UNLABELED,1,003531423,A history of the Marranos / Cecil Roth.
mdp.39015050055410,1973,1970,BK,us,UNLABELED,1,003512857,Blake / John Clarke.
mdp.39015050057671,1973,1970,BK,us,UNLABELED,1,000016338,The nature of nature / Translated by Heinz Norden. Edited by Jürg Spiller.
mdp.39015050213951,1975,1970,BK,us,UNLABELED,2,000022917,Helping people change; a textbook of methods / Edited by Frederick H. Kanfer and Arnold P. Goldstein.
mdp.39015050555922,1974,1970,BK,us,UNLABELED,1,000659175,Days when the house was too small.
mdp.39015052691774,1976,1970,BK,us,UNLABELED,1,003784443,"Sam Gilliam : an exhibition of paintings : Rutgers University Art Gallery : November 14-December 19, 1976 : Voorhees Hal"
mdp.39015053671668,1970,1970,BK,us,UNLABELED,2,001373893,"GBS/GKC: Shaw and Chesterton, the metaphysical jesters / [by] William B. Furlong."
mdp.39015055405669,1974,1970,BK,us,UNLABELED,1,000035955,"Man-environment interactions : evaluations and applications / Daniel H. Carson, general editor."
mdp.39015055626744,1973,1970,BK,us,UNLABELED,1,000211984,"Sweet and dangerous : the new facts about the sugar you eat as a cause of heart disease, diabetes, and other killers / J"
mdp.39015057734090,1976,1970,BK,us,UNLABELED,2,001564618,"Prediction of response to pharmacotherapy / J. R. Wittenborn, Philip R. A. May."
mdp.39015059072663,1975,1970,BK,us,UNLABELED,2,000022837,Discoveries in physics for scientists and engineers / Leonard H. Greenberg.
mdp.39015059098072,1979,1970,BK,us,UNLABELED,1,000041548,"Captivity and behavior : primates in breeding colonies, laboratories, and zoos / edited by J. Erwin, Terry L. Maple, G. "
mdp.39015059414782,1972,1970,BK,us,UNLABELED,1,000119547,"Memoirs of the twentieth century, being original letters of state under George the Sixth / With a new introd. for the Ga"
mdp.39015061315761,1970,1970,BK,us,UNLABELED,2,000374254,Finite state Markovian decision processes.
mdp.39015061397231,1976,1970,BK,us,UNLABELED,1,000745740,Carnegie Museum 1974-1975 Yemen expedition / Albert Jamme.
mdp.39015062087435,1972,1970,BK,us,UNLABELED,1,000575144,Bella! Ms. Abzug goes to Washington / [by] Bella S. Abzug. Edited by Mel Ziegler.
mdp.39015062434678,1970,1970,BK,us,UNLABELED,2,005084766,The art of Vergil : image and symbol in the Aeneid / by Viktor Pöschl ; translated by Gerda Seligson.
mdp.39015063730454,1971,1970,BK,us,UNLABELED,1,001062579,Swimming / [by] Betty J. Vickers [and] William J. Vincent. Illus. by Betty J. Vickers.
mdp.39015065250790,1971,1970,BK,us,UNLABELED,2,002302101,"The political work system of the Chinese communist military; analysis and documents / By Ying-mao Kau, etc."
mdp.39015066047880,1971,1970,BK,us,UNLABELED,1,001011689,The Apu trilogy.
mdp.39015066083455,1979,1970,BK,us,UNLABELED,1,000257061,Players' scepters : fictions of authority in the Restoration / Susan Staves.
mdp.39015066086730,1979,1970,BK,us,UNLABELED,1,000631269,Lucian / with an English translation by A. M. Harmon.
mdp.39015066090427,1975,1970,BK,us,UNLABELED,1,001134649,Organized crime: concepts and control / [by] Denny F. Pace [and] Jimmie C. Styles.
mdp.39015066368781,1973,1970,BK,us,UNLABELED,1,000724657,Kinship and marriage among the Limbu of eastern Nepal : a study in marriage stability / by Rex Lee Jones.
mdp.39015066439020,1972,1970,BK,us,UNLABELED,1,001137448,"Oneida Community: the breakup, 1876-1881."
mdp.39015066683445,1970,1970,BK,us,UNLABELED,1,001417973,Reinhart in love.
mdp.39015067240518,1975,1970,BK,us,UNLABELED,1,000939166,An otherwise report / M. Q. Rice.
mdp.39015071339777,1978,1970,BK,us,UNLABELED,1,003123246,"The nature of Grand Ledge : a natural science guide to Fitzgerald Park, the island and the Grand River path / [by Mary W"
mdp.39015071358264,1974,1970,BK,us,UNLABELED,1,003125291,"Memorandum ""76 historic Lansing : yesterday, today, tomorrow / [Roger T. May, Chairman, Lansing Historic District Study "
mdp.39015072111001,1973,1970,BK,us,UNLABELED,2,001342336,"Housing rehabilitation: restraints, prospects, policies / [by] David Listokin, Robert Burchell [and] Virginia Paulus."
mdp.39015072124038,1978,1970,BK,us,UNLABELED,1,000098199,The fourth generation / John M. Mason.
mdp.39015072126504,1974,1970,BK,us,UNLABELED,1,000978798,Aging in Alabama : employment and education / by Irving L. Webber.
mdp.39015072221750,1971,1970,BK,us,UNLABELED,1,001565951,Coronary care; a nursing specialty.
mdp.39015072234969,1978,1970,BK,us,UNLABELED,1,000089787,"Geriatric endocrinology / editor, Robert B. Greenblatt."
mdp.39015074098289,1971,1970,BK,us,UNLABELED,1,001521794,Food sanitation: study course.
mdp.39015077600354,1970,1970,BK,us,UNLABELED,1,000560312,The Netsilik Eskimo.
mdp.39015077701004,1972,1970,BK,us,UNLABELED,1,001818159,United States and Western countries trade relations with the People's Republic of China / Kenneth P. Morse.
mdp.39015082957757,1974,1970,BK,us,UNLABELED,1,001520364,"Earth resources survey benefit-cost study: economic, environmental, and social costs and benefits of future earth resour"
mdp.39015085475922,1976,1970,BK,us,UNLABELED,1,000742653,Ordered permutation groups / / A.M.W.Glass.
mdp.39076001055123,1975,1970,BK,us,UNLABELED,1,009495873,"Practical FORTRAN : an applied and simplified, problem-solving approach / Harold S. Engelsohn."
mdp.39076001470389,1972,1970,BK,us,UNLABELED,1,009922720,Herself / Hortense Calisher.
mdp.39076005189498,1975,1970,BK,us,UNLABELED,1,009905512,Sister Philomène / E. and J. de Goncourt ; translated by Laura Ensor.
mdp.39076005311142,1973,1970,BK,us,UNLABELED,1,009906633,Political thought in England from Locke to Bentham.
mdp.39076005394254,1975,1970,BK,us,UNLABELED,1,009907185,Alternative teaching strategies : helping behaviorally troubled children achieve : a guide for teachers and psychologist
mdp.39076005418350,1972,1970,BK,us,UNLABELED,1,000812277,East European dissent / Edited and introduced by Vojtech Mastny.
mdp.39076005510651,1974,1970,BK,us,UNLABELED,1,009907939,"Respect for life; report of a conference at Harper's Ferry, West Virginia on the traditional upbringing of American Indi"
mdp.39076005562371,1975,1970,BK,us,UNLABELED,1,009908349,The statistical game theory of speculation / by Richard L. Bussmann.
mdp.39076005567339,1970,1970,BK,us,UNLABELED,1,009908393,Political anthropology / Translated from the French by A. M. Sheridan Smith.
mdp.39076005571265,1975,1970,BK,us,UNLABELED,1,000737797,"Cultural bases of racism and group oppression : an examination of traditional ""Western"" concepts, values, and institutio"
mdp.39076005749713,1971,1970,BK,us,UNLABELED,1,009909814,Organization for production; an introduction to industrial management / [by] Edwin Scott Roscoe [and] Dorman G. Freark.
mdp.39076005750273,1973,1970,BK,us,UNLABELED,1,009909821,Management: selected readings / [compiled by] George R. Terry.
mdp.39076005794107,1977,1970,BK,us,UNLABELED,1,009910064,Conference record of the Fourth ACM Symposium on Principles of Programming Languages : papers presented at the symposium
mdp.39076005886952,1971,1970,BK,us,UNLABELED,1,007152190,Slavery as an industrial system; ethnological research / by H. J. Nieboer.
mdp.39076006014497,1973,1970,BK,us,UNLABELED,1,009911919,AV instructional technology m̲a̲ṉu̲a̲ḻ for independent study. ̋ Ed. by James W. Brown [and] Richard B. Lewis. Editorial 
mdp.39076006542265,1970,1970,BK,us,UNLABELED,1,001040683,Space systems and thermal technology for the 70's.
mdp.39076006772847,1976,1970,BK,us,UNLABELED,1,009917070,Hendel and Bishop's Basic issues of American democracy / edited by Samuel Hendel.
mdp.39076006812106,1976,1970,BK,us,UNLABELED,1,009917405,The sewing machine : its invention and development / Grace Rogers Cooper.
mdp.39076007008399,1972,1970,BK,us,UNLABELED,1,009909683,"Colorimetric methods of analysis, including some turbidimetric and nephelometric methods / by Foster Dee Snell and Corne"
mdp.49015000196841,1971,1970,BK,us,UNLABELED,1,004401470,Speechreading (lipreading) / by Janet Jeffers and Margaret Barley.
mdp.49015000269978,1971,1970,BK,us,UNLABELED,1,004408811,Memoirs of Prince Adam Czartoryski / Edited by Adam Gielgud.
mdp.49015000278284,1974,1970,BK,us,UNLABELED,1,001864739,Confrontation; the Middle East and world politics / [by] Walter Laqueur.
mdp.49015000330176,1976,1970,BK,us,UNLABELED,1,004414930,Military customs and traditions / by Mark M. Boatner III ; illustrated by Lachlan M. Field.
mdp.49015000370222,1972,1970,BK,us,UNLABELED,1,001143213,Black political parties; an historical and political analysis.
mdp.49015000387648,1971,1970,BK,us,UNLABELED,1,004420672,Man in adaptation; the institutional framework / Edited by Yehudi A. Cohen.
mdp.49015000553579,1970,1970,BK,us,UNLABELED,1,004437398,Thoreau: a century of criticism.
mdp.49015000633157,1972,1970,BK,us,UNLABELED,1,004445457,Developmental tasks and education / by Robert J. Havighurst.
mdp.49015000665712,1976,1970,BK,us,UNLABELED,1,004448788,"Bread & soup cookbook / Culinary Arts Institute staff, Helen Geist, director [and others]."
mdp.49015000688516,1975,1970,BK,us,UNLABELED,1,004451148,Music under the Soviets : the agony of an art / by Andrey Olkhovsky.
mdp.49015000885393,1976,1970,BK,us,UNLABELED,1,004471170,The flaming forest / by James Oliver Curwood.
mdp.49015000897398,1978,1970,BK,us,UNLABELED,1,004472415,Nana Upstairs & Nana Downstairs / story and pictures by Tomie de Paola.
mdp.49015000931528,1973,1970,BK,us,UNLABELED,1,004475800,Christmas plays for young actors; a collection of royalty-free stage and radio plays / Edited by A. S. Burack.
mdp.49015000982075,1973,1970,BK,us,UNLABELED,1,004480915,Son of Oscar Wilde.
mdp.49015001083071,1973,1970,BK,us,UNLABELED,1,004491126,Business policy: teaching and research / edited by Bernard Taylor and Keith MacMillan.
mdp.49015001183525,1976,1970,BK,us,UNLABELED,1,000685822,"The Economics of futures trading : readings / selected, edited, and introduced by B. A. Goss and B. S. Yamey."
mdp.49015001268326,1975,1970,BK,us,UNLABELED,1,004509875,"Law and the administration of justice / Vernon Rich, volume coordinator."
mdp.49015001437459,1975,1970,BK,us,UNLABELED,1,004527098,C. S. Lewis's defense of poesie.
mdp.49015001445817,1976,1970,BK,us,UNLABELED,1,004530081,"In the sight of God / by Jacob Wendell Clark, with an introduction by E. C. Dudley ; edited and republished by Jelen Hol"
mdp.49015002146687,1973,1970,BK,us,UNLABELED,1,004385908,"The education of Henry Adams / Edited with an introd. and notes by Ernest Samuels. Jayne N. Samuels, assistant editor."
mdp.49015003017747,1974,1970,BK,us,UNLABELED,1,004440184,How to pronounce the names in Shakespeare; the pronunciation of the names in the dramatis personae of each of Shakespear
msu.31293006472447,1978,1970,BK,us,UNLABELED,1,102521370,The effect of therapist-client personality similarity on the process and outcome of short-term psychotherapy / by Robert
msu.31293030611549,1977,1970,BK,us,UNLABELED,1,102554654,Word frequency count in spontaneous conversations of five-year-old Guatemalan Spanish speaking children / by Olga M. Gar
msu.31293100632201,1979,1970,BK,us,UNLABELED,1,102516906,"Effects of defoliation on two corn (Zea mays, L.) hybrids in southern Michigan / by John Durling."
msu.31293100642432,1979,1970,BK,us,UNLABELED,1,102517064,Prevalence of antibodies to Legionnaires' disease : a seroepidemiologic survey of Michigan residents using the hemagglut
msu.31293100658701,1979,1970,BK,us,UNLABELED,1,102517231,The association between corporate social performance and financial performance in the market : an empirical study / by A
msu.31293100688203,1977,1970,BK,us,UNLABELED,1,102518418,Taste aversion learning in Peromyscus / by Robert John Robbins.
msu.31293103347260,1977,1970,BK,us,UNLABELED,1,102518764,"Trends and issues in commercial prime time television : an analysis of network programming, 1966-1976 / by Lawrence D. T"
msu.31293103756296,1979,1970,BK,us,UNLABELED,1,102516627,Regulation of nigro-striatal dopaminergic neuronal activity / by Suzanne Marie Wuerthele.
msu.31293104172121,1977,1970,BK,us,UNLABELED,1,102518795,"Administrative bargaining units : a study of the attitudes of superintendents, secondary and elementary principals in se"
msu.31293104265115,1978,1970,BK,us,UNLABELED,1,102518285,Multi-variate analysis of neighborhood descriptors : a heuristic study / by Joel B. Goldsteen.
msu.31293105130995,1977,1970,BK,us,UNLABELED,1,100879560,"Camp and camino in Lower California : a record of the adventures of the author while exploring peninsular California, Me"
msu.31293201542184,1976,1970,BK,us,UNLABELED,1,102520169,A general research framework for the study of recreational carrying capacity with an application to a hypothetical deer-
osu.32435011445368,1978,1970,BK,us,UNLABELED,1,000299270,Trace elements in seafood organisms around southern California municipal wastewater outfalls : a report from the Souther
osu.32435014907521,1974,1970,BK,us,UNLABELED,1,100164020,The heart of Hamlet's mystery / translated from the German of Karl Werder by Elizabeth Wilder ; with introd. by W. J. Ro
osu.32435030672109,1979,1970,BK,us,UNLABELED,1,102602699,"Pavement management system development / W. R. Hudson, R. Haas, and R. Daryl Pedigo."
osu.32435031650658,1979,1970,BK,us,UNLABELED,1,100712437,"Impact of the nematode parasite Eustrongylides tubifex on yellow perch in Lake Erie : first project segment, 24 July 197"
osu.32435067613570,1974,1970,BK,us,UNLABELED,1,002923869,The Sky must be clear : the Soviet Union and international cooperation in peaceful uses of outer space.
pst.000000026444,1976,1970,BK,us,UNLABELED,1,102373465,The decoupage workshop / by Leslie Linsley ; photography by Jon Aron.
pst.000006854386,1974,1970,BK,us,UNLABELED,1,007054828,Miles Davis : a musical biography / by Bill Cole.
pst.000007184734,1975,1970,BK,us,UNLABELED,2,100122522,Ancient Khotan :  detailed report of archaeological explorations in Chinese Turkestan / carried out and described under 
pst.000013434977,1978,1970,BK,us,UNLABELED,1,009803940,"The American railroad passenger car / John H. White, Jr."
pst.000013460969,1978,1970,BK,us,UNLABELED,1,007067563,A bonnet for Virginia / by Evelyn M. Frantz.
pst.000017807869,1979,1970,BK,us,UNLABELED,1,012264626,The economic history of Scotland / by I. F. Grant.
pst.000018456769,1971,1970,BK,us,UNLABELED,1,007042858,The Black man's burden / by William H. Holtzclaw. With an introd. by Booker T. Washington.
pst.000019854793,1978,1970,BK,us,UNLABELED,1,009821248,The running mind / by Jim Lilliefors.
pst.000021699832,1972,1970,BK,us,UNLABELED,1,012361435,"The humbler poets (second series) : a collection of newspaper and periodical verse, 1885 to 1910 / by Wallace and France"
pst.000026610597,1972,1970,BK,us,UNLABELED,1,012360928,Dialogues and dramas.
pst.000027426067,1971,1970,BK,us,UNLABELED,1,012280103,Beginner's guide to rose growing / [by] Cyril C. Harris.
pst.000028543367,1975,1970,BK,us,UNLABELED,1,007057192,The newspaper as an effective teaching tool.
pst.000028633174,1970,1970,BK,us,UNLABELED,2,007062316,The life of Cotton Mather / by Samuel Mather ; with a new foreword by Babette M. Levy.
pst.000028991380,1973,1970,BK,us,UNLABELED,1,012268744,America's troubles : a casebook / edited by Howard E. Freeman [and] Norman R. Kurtz.
pst.000029224067,1971,1970,BK,us,UNLABELED,1,009815249,The complete book of nature photography. / With an introd. by Roger Tory Peterson.
pst.000032413977,1976,1970,BK,us,UNLABELED,1,012268874,Sex and the liberated man / Albert Ellis.
pst.000044805555,1978,1970,BK,us,UNLABELED,1,007058440,The circus is coming :  a picture parade starring 240 performers in 20 scenes / by Hilary Knight.
pst.000049396614,1976,1970,BK,us,UNLABELED,1,007039651,Freedom from darkness : two centuries of progress.
pst.000049855586,1972,1970,BK,us,UNLABELED,1,007044623,The beautiful Christmas tree / by Charlotte Zolotow. Illustrated by Ruth Robbins.
pst.000064519067,1978,1970,BK,us,UNLABELED,1,009809557,Pilgrim's progress / John Bunyan ; with a critical and biographical profile of the author by Ola Elizabeth Winslow.
rul.33008000143598,1975,1970,BK,us,UNLABELED,1,102936266,"Annual report / State of New Jersey, Department of Health."
rul.39030011167188,1975,1970,BK,us,UNLABELED,1,103204360,"Standards for soil erosion and sediment control in New Jersey / this revision and amendments adopted May 6, 1975, for us"
rul.39030030102521,1974,1970,BK,us,UNLABELED,1,103287401,The southwestern New Jersey bus feeder subsidy.
txu.059172015090069,1976,1970,BK,us,UNLABELED,1,101156341,The United States and Latin America today : a critical examination of U. S. economic and military presence in Latin Amer
txu.059173002179543,1978,1970,BK,us,UNLABELED,1,000173987,Tropical enterprise : the Standard Fruit and Steamship Company in Latin America / Thomas L. Karnes.
txu.059173015239353,1979,1970,BK,us,UNLABELED,3,000754471,On the origin and formation of Creoles : a miscellany of articles / by Dirk Christiaan Hesseling ; edited and translated
txu.059173018418596,1979,1970,BK,us,UNLABELED,2,000027322,Caribbean edge : the coming of modern times to isolated people and wildlife / Bernard Nietschmann.
txu.059173018461450,1978,1970,BK,us,UNLABELED,1,101035933,Cultural nationalism : the idea of historical destiny in Spanish America / by César Graña.
txu.059173018499306,1976,1970,BK,us,UNLABELED,1,000705164,Hands off the Panama Canal / by Isaac Don Levine.
txu.059173018567417,1974,1970,BK,us,UNLABELED,1,000149694,"The Oaxaca Coast Project reports / by Donald L. Brockington, María Jorrín and J. Robert Long."
txu.059173018600228,1975,1970,BK,us,UNLABELED,1,101035982,The hill-caves of Yucatan : a search for evidence of man's antiquity in the caverns of Central America / by Henry C. Mer
txu.059173024018901,1971,1970,BK,us,UNLABELED,1,101156571,The transformation and modernization impact of urbanization and sectoral change / by Markos Mamalakis.
txu.059173024471593,1975,1970,BK,us,UNLABELED,2,001153203,Puerto Rico and the international process : new roles in association : a report for the conference on Puerto Rico and th
txu.059173026442450,1970,1970,BK,us,UNLABELED,1,101084366,"Speech delivered at the Brazilian-American Chamber of Commerce, April 6, 1970."
txu.059173026497179,1976,1970,BK,us,UNLABELED,2,101085392,Public personnel dilemmas in developing countries : the Latin American experience / Lawrence S. Graham.
txu.059173026568357,1974,1970,BK,us,UNLABELED,1,101122097,Romances to the Argentine children. English translation by Edith Rusconi Kaltovich. Illus. by Zulema Guastavino.
txu.059173026878128,1977,1970,BK,us,UNLABELED,1,101055601,Regional plan of action for the integration of women into Latin American economic and social development / Economic Comm
uc1.$b203192,1971,1970,BK,us,UNLABELED,1,006492856,Creative teaching in health [by] Donald A. Read [and] Walter H. Greene. Assisted by Randolph E. Edwards.
uc1.$b310865,1972,1970,BK,us,UNLABELED,3,001446570,"Man, state, and society in Latin American history / Edited by Sheldon B. Liss and Peggy K. Liss. -"
uc1.$b391549,1970,1970,BK,us,UNLABELED,2,001015379,Pluche or The love of art.
uc1.$b399357,1970,1970,BK,us,UNLABELED,4,009383156,The conquest & other poems from Spanish America.
uc1.$b401294,1972,1970,BK,us,UNLABELED,1,001398716,John O'Hara: a checklist. Compiled by Matthew J. Bruccoli. With a previously unpublished speech by John O'Hara
uc1.$b734209,1978,1970,BK,us,UNLABELED,1,009963806,RCA power devices / RCA Solid State.
uc1.$b801243,1977,1970,BK,us,UNLABELED,1,007940114,The application of information science technology to a select body of music education materials / by William Sterling La
uc1.31158002288735,1976,1970,BK,us,UNLABELED,1,102217276,"Korean Nationalist activities in the United States and Hawaii, 1900-1945 / Kingsley K. Lyu."
uc1.31175029158584,1975,1970,BK,us,UNLABELED,1,100115698,The Shelley Society's papers.
uc1.31210002089702,1970,1970,BK,us,UNLABELED,1,102596221,The philosophy of art of Karl Marx / by Mikhail Lifshitz / translated from the Russian by Ralph B. Winn / Edited by Ange
uc1.31210002673513,1979,1970,BK,us,UNLABELED,1,103112940,Genetic determinants of pathogenicity in Pseudomonas glycinea / by Michael Dwain Thomas.
uc1.31210005638331,1970,1970,BK,us,UNLABELED,1,102706001,Fred Astaire and his work.
uc1.31210006688749,1972,1970,BK,us,UNLABELED,1,102257401,"The prehistory of Fishtrap, Kentucky [by] R. C. Dunnell."
uc1.31210011294327,1977,1970,BK,us,UNLABELED,1,102617176,Our pioneer heritage / compiled by Kate B. Carter.
uc1.31210020591077,1979,1970,BK,us,UNLABELED,1,101759758,Water management model for Front Range river basins / by John W. Labadie and John M. Shafer; research sponsored by The L
uc1.31822001357714,1972,1970,BK,us,UNLABELED,1,102071801,"History of modern France, 1815-1913"
uc1.31822004727244,1973,1970,BK,us,UNLABELED,1,009670914,"1973 International Conference on Communications : June 11, 12, 13, 1973, Seattle Center, Seattle, Washington"
uc1.31822005135934,1972,1970,BK,us,UNLABELED,1,008342104,"Environmental effects of ocean waste discharge; results from San Diego's monitoring program, by Carl W. Chen, Gerald T. "
uc1.31822005378419,1978,1970,BK,us,UNLABELED,1,000218677,The native American woman : a perspective / by Bea Medicine
uc1.31822005715438,1972,1970,BK,us,UNLABELED,1,008875585,Hidden art in nature; synchromies [by] Oscar Forel
uc1.31822008862351,1974,1970,BK,us,UNLABELED,1,008332285,Entrainment and intake screening : proceedings of the Second Entrainment and Intake Screening Workshop / Loren D. Jensen
uc1.31822009738824,1977,1970,BK,us,UNLABELED,1,008348382,Oceanographic conditions in the vicinity of Cabras Island and Glass Breakwater for the potential development of ocean th
uc1.31822010880029,1978,1970,BK,us,UNLABELED,1,102414518,Backward associations in sensory pre-conditioning and backward conditioning procedures / by Joseph Farley
uc1.31822010896025,1974,1970,BK,us,UNLABELED,1,007159374,"Marine geochemistry : proceedings of a symposium held at the University of Rhode Island, October 29 & 30, 1964 / edited "
uc1.31822010899888,1979,1970,BK,us,UNLABELED,1,009463968,Laboratory analogues to cosmic dust / by John Robert Stephens
uc1.31822011047537,1979,1970,BK,us,UNLABELED,2,000044139,"Rocks and rock minerals / Richard V. Dietrich, Brian J. Skinner"
uc1.31822011223591,1978,1970,BK,us,UNLABELED,1,009239621,Compactification for dual processes and potential theory / by Joseph Glover
uc1.31822011337920,1973,1970,BK,us,UNLABELED,2,009133939,Instinct and intelligence / Jacques Cousteau.
uc1.31822011725959,1976,1970,BK,us,UNLABELED,1,009670219,"Photovoltaics and materials : joint conference, American Section, International Solar Energy Society and Solar Energy So"
uc1.31822013242003,1973,1970,BK,us,UNLABELED,1,008706168,The world of Carnegie Hall
uc1.31822035037415,1975,1970,BK,us,UNLABELED,1,009670804,"PICA conference proceedings : papers presented at the 1975 Power Industry Computer Application Conference, New Orleans, "
uc1.31822035091214,1973,1970,BK,us,UNLABELED,1,010745783,"Bahl gorms in Boont  / by Edna Sanders ; foreword, Jenese June ; illustrations, Richard Lindauer"
uc1.32106000131976,1978,1970,BK,us,UNLABELED,1,007115189,"Introduction to the study of religion / T. William Hall, general editor, with Ronald R. Cavanagh ; contributors, Alan L."
uc1.32106002086749,1978,1970,BK,us,UNLABELED,1,007115336,Many marriages / by Sherwood Anderson.
uc1.32106002360110,1971,1970,BK,us,UNLABELED,1,009094895,"Time changes in the world (except Canada, Mexico, USA) / by Doris Chase Doane."
uc1.32106002579941,1977,1970,BK,us,UNLABELED,1,000686745,Wild mammals of New England / Alfred J. Godin ; with drawings by the author and a foreword by Dana P. Snyder.
uc1.32106002649462,1976,1970,BK,us,UNLABELED,1,008514570,Artificial organs / W. J. Kolff.
uc1.32106005152324,1977,1970,BK,us,UNLABELED,1,007116847,"Time-stressed coastal environments : assessment and future action : proceedings of second annual conference, New Orleans"
uc1.32106005520215,1978,1970,BK,us,UNLABELED,1,006965558,"The history of the popes, from the close of the Middle Ages : [drawn from the secret archives of the Vatican and other o"
uc1.32106006414491,1979,1970,BK,us,UNLABELED,1,007132831,Basic course in Estonian / by Felix J. Oinas.
uc1.32106008622737,1970,1970,BK,us,UNLABELED,1,001241988,The Jews: their history.
uc1.32106008753151,1974,1970,BK,us,UNLABELED,2,001030100,Winter in the blood.
uc1.32106009675304,1974,1970,BK,us,UNLABELED,1,007117664,"Strong voices / editor, Walter Keller ; editor, Betty Ebert ; art, Merrily Meglitsch."
uc1.32106011517627,1979,1970,BK,us,UNLABELED,1,000096069,"The Archaeology of Oak Park, Ventura County, California / edited by C. William Clewlow, Jr., Helen Fairman Wells, Allen "
uc1.32106013560344,1975,1970,BK,us,UNLABELED,2,003105534,Envy / Yury Olesha ; translated by T.S. Berczynski
uc1.32106013598021,1976,1970,BK,us,UNLABELED,1,000321106,"Dirty movies : an illustrated history of the stag film, 1915-1970 / Al Di Lauro and Gerald Rabkin ; with an introductory"
uc1.32106014185786,1970,1970,BK,us,UNLABELED,1,001116982,"Born female; the high cost of keeping women down, by Caroline Bird with Sara Welles Briller."
uc1.32106014402074,1977,1970,BK,us,UNLABELED,3,000127485,I never told anybody : teaching poetry writing in a nursing home / Kenneth Koch.
uc1.32106019430856,1971,1970,BK,us,UNLABELED,1,001682929,"Property control and social strategies in settlers in a Middle Eastern plain, by Barbara C. Aswad."
uc1.b2792904,1977,1970,BK,us,UNLABELED,1,007370427,90 days to self-health / C. Norman Shealy
uc1.b2849553,1979,1970,BK,us,UNLABELED,1,007360940,"Orders, decorations, medals, and badges of the Third Reich (including the Free City of Danzig), by David Littlejohn and "
uc1.b3175300,1979,1970,BK,us,UNLABELED,1,000259201,Nuclear arms in the Third World : U.S. policy dilemma / Ernest W. Lefever.
uc1.b3180647,1979,1970,BK,us,UNLABELED,2,000095112,The sacred hoop / Bill Broder.
uc1.b3376192,1970,1970,BK,us,UNLABELED,1,010003416,Theory of economic statics [by] Michael J. Brennan.
uc1.b3376497,1970,1970,BK,us,UNLABELED,1,010003608,Basic mathematics for management and economics [by] Lyman C. Peck.
uc1.b3377240,1970,1970,BK,us,UNLABELED,1,001140548,Public administration; policy-making in government agencies.
uc1.b3392103,1975,1970,BK,us,UNLABELED,1,006285280,"Yuen Ren Chao's autobiography : first 30 years, from 1892-1921."
uc1.b3435421,1976,1970,BK,us,UNLABELED,2,000729035,Farthing's fortunes / Richard B. Wright.
uc1.b3462833,1979,1970,BK,us,UNLABELED,2,004455222,Shemuel / Rochelle Owens ; with drawings by Gaylord Schanilec
uc1.b3467568,1970,1970,BK,us,UNLABELED,2,001775897,The first time around; some irreverent recollections.
uc1.b3477159,1979,1970,BK,us,UNLABELED,1,007854017,"Dearest Andrew : letters from V. Sackville-West to Andrew Reiber, 1951-1952 / edited by Nancy MacKnight"
uc1.b3477422,1975,1970,BK,us,UNLABELED,1,006663023,A.R.T.H.U.R. : the life and opinions of a digital computer / Laurence Lerner.
uc1.b3484076,1978,1970,BK,us,UNLABELED,1,007854326,Prospectus and specimen of an intended national work / John Hookham Frere ; with an introd. for the Garland ed. by Donal
uc1.b3487461,1978,1970,BK,us,UNLABELED,1,007854488,The Garden of Florence ; The press ; Odes and addresses to great people / John Hamilton Reynolds ; with an introd. for t
uc1.b3576050,1972,1970,BK,us,UNLABELED,1,000990458,"Imperfect encounter; letters of William Rothenstein and Rabindranath Tagore, 1911-1941. Edited with an introd. and notes"
uc1.b3599960,1977,1970,BK,us,UNLABELED,1,006683437,In and around L.A. for kids / by Stephanie Kegan.
uc1.b3614437,1976,1970,BK,us,UNLABELED,2,000211046,Soviet sociology of science / Linda L. Lubrano.
uc1.b3688017,1973,1970,BK,us,UNLABELED,1,010137136,The Sputnik rapist; a novel.
uc1.b3695934,1974,1970,BK,us,UNLABELED,2,006701472,"Topics in energy and resources; [part of the proceedings of Orbis Scientiae held by the Center for Theoretical Studies, "
uc1.b3721303,1971,1970,BK,us,UNLABELED,1,006703497,Provisional guidelines for automated multiphasic health testing and services; report of the AMHTS Advisory Committee to 
uc1.b3725189,1971,1970,BK,us,UNLABELED,2,001568058,Human organ support and replacement : transplantation and artificial prostheses / Edited by James D. Hardy.
uc1.b3741851,1972,1970,BK,us,UNLABELED,1,000667301,Inorganic plant nutrition [by] Hugh G. Gauch
uc1.b3784155,1979,1970,BK,us,UNLABELED,2,000103116,Seven serpents & seven moons / Demetrio Aguilera-Malta ; translated from the Spanish by Gregory Rabassa.
uc1.b3786036,1976,1970,BK,us,UNLABELED,1,010159017,"The estimation of activity demand for a non-priced recreational resource, Mineral King, California / by Craig E. Stanley"
uc1.b3869274,1978,1970,BK,us,UNLABELED,1,006738646,Pacific plainsong I-XIII.
uc1.b3884495,1972,1970,BK,us,UNLABELED,1,001262495,"The history of the Province of New-York / by William Smith, Jr. Edited by Michael Kammen."
uc1.b3891986,1979,1970,BK,us,UNLABELED,2,000731712,Business and government during the Eisenhower Administration : a study of the antitrust policy of the Antitrust Division
uc1.b3921907,1979,1970,BK,us,UNLABELED,1,000745335,The implementation of complex information systems / Andrew E. Wessel ; with contributed cases by Donald L. Drukey ... [e
uc1.b3929919,1978,1970,BK,us,UNLABELED,2,000027468,"Human sexuality for health professionals / [edited by] Martha Underwood Barnard, Barbara J. Clancy, Kermit E. Krantz."
uc1.b3940888,1975,1970,BK,us,UNLABELED,2,000012262,"Jails and justice / edited by Paul F. Cromwell, Jr., in collaboration with Joseph H. Schryver. With a foreword by John H"
uc1.b3974950,1970,1970,BK,us,UNLABELED,1,001167592,Reading interests of children and young adults.
uc1.b3977245,1970,1970,BK,us,UNLABELED,2,000230143,Readings on the international political system. Edited by Naomi Rosenbaum.
uc1.b4110613,1971,1970,BK,us,UNLABELED,1,010058600,"Accounting for business lawyers; teaching materials, by Ted J. Fiflis [and] Homer Kripke."
uc1.b4118137,1975,1970,BK,us,UNLABELED,3,001114635,Planning and design of airports / Robert Horonjeff.
uc1.b4120889,1977,1970,BK,us,UNLABELED,1,000250643,The Stereo rubbers / edited by William M. Saltman.
uc1.b4124275,1977,1970,BK,us,UNLABELED,1,010059898,An attorney's guide to malpractice liability / by Duke Nordlinger Stern.
uc1.b4125132,1975,1970,BK,us,UNLABELED,1,010060120,Pipeline design for hydrocarbon gases and liquids : report of the Task Committee on Engineering Practice in the Design o
uc1.b4128608,1977,1970,BK,us,UNLABELED,1,000685925,"Amorphous semiconductors '76 : proceedings of the international conference, Balatonfüred, 20-25 September 1976 / Örg. "
uc1.b4131859,1970,1970,BK,us,UNLABELED,1,006162524,"Junk car disposal : Sub-Council report, October 1970, National Industrial Pollution Control Council"
uc1.b4149313,1977,1970,BK,us,UNLABELED,1,009519939,"Capital, interest, and rent : essays in the theory of distribution / by Frank A. Fetter ; edited with an introd. by Murr"
uc1.b4165924,1970,1970,BK,us,UNLABELED,1,001496071,Cells and organelles [by] Alex B. Novikoff [and] Eric Holtzman.
uc1.b4211772,1970,1970,BK,us,UNLABELED,1,001513907,Models for concrete structures.
uc1.b4232370,1973,1970,BK,us,UNLABELED,1,006194456,"The political economy of the military-industrial complex / Morton H. Halperin, Jacob A. Stockfish, Murray L. Weidenbaum "
uc1.b4296074,1972,1970,BK,us,UNLABELED,1,006213108,Urban games : four case studies in urban development. [Player's manual]
uc1.b4307660,1979,1970,BK,us,UNLABELED,1,010073623,New frontiers in litigation / edited by Grace W. Holmes.
uc1.b4308033,1978,1970,BK,us,UNLABELED,1,010073895,"ESOPs, TRASOPs, and other employee stock ownership plans / Michael H. Testa, Joseph E. Bachelder III, co-chairman [i.e. "
uc1.b4316665,1978,1970,BK,us,UNLABELED,1,010075454,How to win the zoning game / by Stanley D. Abrams.
uc1.b4320047,1979,1970,BK,us,UNLABELED,3,000256769,American dictionaries of the English language before 1861 / by Eva Mae Burkett.
uc1.b4320732,1974,1970,BK,us,UNLABELED,2,001467045,More about this business of music / [by] Sidney Shemel and M. William Krasilovsky. Edited by Lee Zhito.
uc1.b4326218,1973,1970,BK,us,UNLABELED,1,010077375,"Cases and materials on food and drug law; a study in consumer legislation, by Thomas W. Christopher and William W. Goodr"
uc1.b4326272,1976,1970,BK,us,UNLABELED,1,010077416,"Postmortem estate planning / Lawrence Newman, Albert Kalter."
uc1.b4327774,1975,1970,BK,us,UNLABELED,2,001163851,Weeding library collections / Stanley J. Slote.
uc1.b4339657,1979,1970,BK,us,UNLABELED,1,007834141,"The origin and evolution of the gastropod family Pomatiopsidae, with emphasis on the Mekong river Triculinae / George M."
uc1.b4340407,1974,1970,BK,us,UNLABELED,2,000428817,"Program style, design, efficiency, debugging, and testing."
uc1.b4355096,1972,1970,BK,us,UNLABELED,1,009508257,The dream team.
uc1.b4366148,1970,1970,BK,us,UNLABELED,1,006226797,One on one; a novel.
uc1.b4370339,1970,1970,BK,us,UNLABELED,2,001451456,Night and day: the interaction between an academic institution and its evening college / by Myrtle S. Jacobson.
uc1.b4371862,1976,1970,BK,us,UNLABELED,1,000725907,Computer architecture / Caxton C. Foster.
uc1.b4376729,1976,1970,BK,us,UNLABELED,1,009510901,Unity in the ghazals of Hafez / by Michael C. Hillmann.
uc1.b4376978,1971,1970,BK,us,UNLABELED,1,001430379,American government and business [by] H. H. Liebhafsky.
uc1.b4380092,1970,1970,BK,us,UNLABELED,2,000482015,Henry James and the visual arts.
uc1.b4381890,1975,1970,BK,us,UNLABELED,2,000686841,The town of Hill / Donald Hall.
uc1.b4385325,1978,1970,BK,us,UNLABELED,2,000091543,The content analysis of verbal behavior : further studies / [edited by] Louis A. Gottschalk.
uc1.b4397897,1973,1970,BK,us,UNLABELED,1,009513986,The ages of J.
uc1.b4401699,1976,1970,BK,us,UNLABELED,1,000736038,Facing up to nuclear power : risks and potentialities of the large-scale use of nuclear energy / edited by John Francis 
uc1.b4406105,1971,1970,BK,us,UNLABELED,1,000621159,Nonlinear Volterra integral equations [by] Richard K. Miller.
uc1.b4413140,1973,1970,BK,us,UNLABELED,1,001041757,"High temperature gas-metal reactions in mixed environments; proceedings of the symposium, Boston, Massachusetts, May 9 a"
uc1.b4446846,1972,1970,BK,us,UNLABELED,1,010085655,Fall of the Mughal Empire.
uc1.b4449553,1979,1970,BK,us,UNLABELED,1,006241910,On tour / Mel Arrighi.
uc1.b4456681,1978,1970,BK,us,UNLABELED,1,006243166,"MUTATIONS : biology and society / Dwain N. Walcher, Norman Kretchmer, Henry L. Barnett"
uc1.b4499500,1971,1970,BK,us,UNLABELED,1,001628973,"Morphological and functional aspects of immunity; proceedings. Edited by Kerstin Lindahl-Kiessling, G. Alm [and] M. G. H"
uc1.b4508830,1973,1970,BK,us,UNLABELED,2,001121781,"Understanding business contracts in China, 1949-1963 / by Richard M. Pfeffer. -"
uc1.b4511028,1978,1970,BK,us,UNLABELED,1,006253525,"The Dumbarton Oaks gardens : their history, design, and ornaments / photos. by Ursula R. Pariser ; text by Noëlle Black"
uc1.b4511316,1979,1970,BK,us,UNLABELED,1,006253566,Space-time and microphysics : a new synthesis / Enos Eby Witmer.
uc1.b4513389,1970,1970,BK,us,UNLABELED,1,006254361,Metallic wealth of the United States.
uc1.b4513838,1976,1970,BK,us,UNLABELED,1,006254421,SURFACE membrane receptors : interface between cells and their environment / edited by Ralph A. Bradshaw ... [et al.]
uc1.b4524887,1979,1970,BK,us,UNLABELED,2,006257244,"A retrospective technology assessment, submarine telegraphy : the transatlantic cable of 1866 / prepared by The George W"
uc1.b4590731,1979,1970,BK,us,UNLABELED,2,003542161,Constitutional analysis in a nutshell / by Jerre S. Williams.
uc1.b4911523,1970,1970,BK,us,UNLABELED,1,004542727,Industrial pricing: theory and evidence.
uc1.b4931106,1978,1970,BK,us,UNLABELED,2,000724516,The tower of myriad mirrors : a supplement to Journey to the west /
uc1.b5021850,1977,1970,BK,us,UNLABELED,2,000213636,The making of urban history : historiography through oral history / Bruce M. Stave.
uc1.c005227599,1978,1970,BK,us,UNLABELED,1,100797008,[State departments' printing of materials and forms in languages other than English].
uc1.c020611404,1977,1970,BK,us,UNLABELED,1,009913721,"The mountains of California / by John Muir, illustrated from preliminary sketches and photographs furnished by the autho"
uc1.c025737242,1979,1970,BK,us,UNLABELED,1,100796637,"Solicitation of campaign funds / California Legislature, Senate Select Committee on Political Reform."
uc1.c100949045,1978,1970,BK,us,UNLABELED,1,100896170,An Interim evaluation of the New York State alcohol and drug rehabilitation program.
uc1.c3512810,1975,1970,BK,us,UNLABELED,1,100969827,Lü K'un (1536-1618) : the reorientation of a scholar-official.
uc1.c3513095,1976,1970,BK,us,UNLABELED,1,100970076,Expansion from a singularity : the spherically symmetric case.
uc1.l0050346279,1970,1970,BK,us,UNLABELED,1,009387724,"Role, style, and effectiveness : managers and specialists in three organizations / David Moment, Dalmar Fisher ; with th"
uc1.l0065954299,1977,1970,BK,us,UNLABELED,1,009388245,"Travel behavior - a synthesized theory : final report / Prepared for National Cooperative Highway Research Program, Tran"
uc1.x14105,1978,1970,BK,us,UNLABELED,1,101830624,Absorption of glyphosate [N-(phosphonomethyl)glycine] by leaf sections of tobacco Nicotiana tabacum 'xanthi'.
uc1.x30677,1974,1970,BK,us,UNLABELED,1,101856607,Differential structures on the fixed point sets of involutions on homotopy spheres.
uc1.x31288,1973,1970,BK,us,UNLABELED,1,101857210,Comparative study of normal and dwarf crisp tomato plants (Lycopersicon esculentum Mill.) with special emphasis on the p
uc1.x32162,1974,1970,BK,us,UNLABELED,1,102116927,Affinity chromatography of plant proteins.
uc1.x33716,1977,1970,BK,us,UNLABELED,1,102118468,Cell-mediated immune response in turkeys inoculated with avian influenza-A virus.
uc2.ark:/13960/t50g4rz3m,1970,1970,BK,us,UNLABELED,2,100089085,"Trace elements in the Plumas copper belt, Plumas County, California, by Arthur R. Smith."
uc2.ark:/13960/t77s7jr99,1974,1970,BK,us,UNLABELED,1,007664804,"Story of Oshkosh, his tribe and fellow chiefs ... by Publius V. Lawson."
ucw.ark:/13960/t3dz14r1c,1977,1970,BK,us,UNLABELED,1,100190261,"Philological and documentary studies / by Benjamin Lee Whorf ... [et al.] ; Robert Wauchope, editor."
uiug.30112000464690,1970,1970,BK,us,UNLABELED,2,001677301,Notebook of a Cherokee shaman / Jack Frederick Kilpatrick and Anna Gritts Kilpatrick
uiug.30112002153374,1978,1970,BK,us,UNLABELED,2,101704018,The Champaign code for energy conservation in new building construction / Illinois Department of Local Government Affair
uiug.30112008643832,1971,1970,BK,us,UNLABELED,1,011396169,"Computer program for calculation of complex chemical equilibrium compositions, rocket performance, incident and reflecte"
uiug.30112011272686,1973,1970,BK,us,UNLABELED,1,102913960,"School health guide for use in Minnesota schools / prepared by the Interagency Committee on School Health, Minnesota Dep"
uiug.30112019681847,1978,1970,BK,us,UNLABELED,1,011461967,"Economic analysis of potato, corn and wheat response to nitrogen and phosphorus application in the highlands of Ecuador "
uiug.30112019946190,1978,1970,BK,us,UNLABELED,1,011479733,"Hybrid corn performance tests in Wyoming, 1977 / L.R. Richardson and G.P. Roehrkasse."
uiug.30112038023179,1972,1970,BK,us,UNLABELED,1,102160911,The effect of expectation on judgments of odor.
uiug.30112067930336,1978,1970,BK,us,UNLABELED,1,100148033,Markov chain design problems / Richard V. Evans.
uiug.30112098628438,1972,1970,BK,us,UNLABELED,1,102653350,The relationship between horizontal moisture convergence and severe storm occurences / by William R. Newman.
uiug.30112104109753,1970,1970,BK,us,UNLABELED,2,001109014,"Neither snow, nor rain ... ; the story of the United States mails / [by] Carl H. Scheele, with the collaboration of Cons"
uiug.30112105137258,1974,1970,BK,us,UNLABELED,1,011419610,"Electronic receiving tubes and mounts: workers of the Harrison N.J., plant of RCA Corp. Report to the President on inves"
uiug.30112106628644,1970,1970,BK,us,UNLABELED,1,011431175,"A procedure for assessing aircraft turbulence-penetration performance by Richard F. Porter, James P. Loomis, and Alfred "
uiug.30112106675934,1971,1970,BK,us,UNLABELED,1,011429347,"High temperature capacitor development, by R.E. Stapleton."
uiug.30112106746867,1971,1970,BK,us,UNLABELED,1,011443662,"Hydrodynamic entrance effect on boiling and near critical hydrogen heat transfer / S. Stephen Papell, Dwight D. Brown."
uiug.30112106909143,1971,1970,BK,us,UNLABELED,1,011421324,"Powerplant siting and environmental protection. : Hearings, Ninety-second Congress, first session ..."
uiug.30112112989600,1976,1970,BK,us,UNLABELED,1,102941235,The Dm analysis of precipitation particle size distributions / by Steven F. Weber.
uiug.30112113025081,1979,1970,BK,us,UNLABELED,1,102273123,Smooth nonparametric regression analysis / Gordon J. Johnston.
uiug.30112117977733,1979,1970,BK,us,UNLABELED,1,100787122,"Coordination of training programs for local government personnel : prepared for the Coordinating Board, Texas College an"
uiug.30112120219206,1974,1970,BK,us,UNLABELED,1,101816102,Invertebrate megafauna of the Middle Devonian of Missouri / by George H. Fraunfelter.
uiug.30112122603365,1978,1970,BK,us,UNLABELED,1,102165609,Displaced homemakers program : [final report].
uiug.30112122604066,1972,1970,BK,us,UNLABELED,1,102165623,"Intercity rail passenger service in Illinois. Prepared by Illinois Dept. of Transportation, Office of Mass Transportatio"
uiug.30112122609941,1974,1970,BK,us,UNLABELED,1,102165759,Law Enforcement Library.
uiuo.ark:/13960/s2dwb3ftr7g,1978,1970,BK,us,UNLABELED,1,102985252,Energy costs of goods and services in 1967 : including solar energy inputs and labor and government service feedbacks / 
uiuo.ark:/13960/t5r797v5b,1979,1970,BK,us,UNLABELED,1,100149748,The surpluses and shortages in consumer behavior theory and research / Jagdish N. Sheth.
uiuo.ark:/13960/t76t0m50j,1971,1970,BK,us,UNLABELED,1,100700729,Rediscovery of Syagrus werdermannii Burret [by] S. F. Glassman.
umn.31951000128055t,1971,1970,BK,us,UNLABELED,1,009664806,New dimensions in veterinary medicine; proceedings of the 1st annual educational symposium of the National Conference of
umn.319510001695857,1971,1970,BK,us,UNLABELED,1,007477093,"Understanding environmental pollution, edited by Maurice A. Strobbe."
umn.31951000504513t,1970,1970,BK,us,UNLABELED,1,001482353,"Proceedings. Edited by K. T. Mahanthappa, W. D. Walker [and] W. E. Brittin."
umn.31951000770057t,1972,1970,BK,us,UNLABELED,1,007470679,Readings in curriculum evaluation [compiled by] Peter A. Taylor [and] Doris M. Cowley.
umn.31951000777633k,1976,1970,BK,us,UNLABELED,1,000227772,Communication assessment and intervention strategies / edited by Lyle L. Lloyd.
umn.31951000998635l,1976,1970,BK,us,UNLABELED,1,102127634,The acetylated methylmannose polysaccharide of Streptomyces griseus / by Lambert Scott Harris.
umn.319510010528833,1978,1970,BK,us,UNLABELED,1,102128385,The effect of the spatial visualization factor on achievement in operations with fractions / by Markita Louise Price Gul
umn.31951001144521q,1978,1970,BK,us,UNLABELED,1,102124470,A particular case of the one-phase Stefan problem / by Nestor Edgardo Aguilera.
umn.31951001179793m,1978,1970,BK,us,UNLABELED,1,007479976,Small business management : operations and profiles / compiled by Dennis H. Tootelian and Ralph M. Gaedeke.
umn.319510014354058,1971,1970,BK,us,UNLABELED,1,010689907,The self-equivalence of an H-space.
umn.31951001437072z,1973,1970,BK,us,UNLABELED,1,102125696,"An econometric analysis of state cigarette taxes, prices, and demand, with estimates of tax-induced interstate bootleggi"
umn.31951001450319e,1974,1970,BK,us,UNLABELED,1,102126094,Selection of deductibles in property and liability insurance.
umn.31951001835743w,1974,1970,BK,us,UNLABELED,1,007412185,The contrasumers; a citizen's guide to resource conservation [by] Albert J. Fritsch.
umn.31951001838378e,1975,1970,BK,us,UNLABELED,1,009664204,The politics of American National Government / David C. Saffell.
umn.31951001895567q,1971,1970,BK,us,UNLABELED,1,102129694,"The tariff policy of the government of India and its development strategy, 1894-1924."
umn.319510028248053,1977,1970,BK,us,UNLABELED,2,007407042,"Remote sensing experiments in cultural resource studies : non-destructive methods of archeological exploration, survey, "
umn.31951d00185908v,1970,1970,BK,us,UNLABELED,1,102146300,Price analysis approach to market performance in the Red River Valley potato market / John Kaska Hanes.
umn.31951d00312635b,1976,1970,BK,us,UNLABELED,1,000128381,"Sharing the sun : solar technology in the seventies : joint conference, American Section, International Solar Energy Soc"
umn.31951d007274160,1979,1970,BK,us,UNLABELED,1,102127688,"A history of variety-vaudeville in Minneapolis, Minnesota, from its beginning to 1900 / by Lawrence James Hill."
umn.31951d011630348,1975,1970,BK,us,UNLABELED,1,102276632,Social Security for migrant workers : Luxembourg guide no 1 concerning the rights and obligations with regard to social 
umn.31951d01549611m,1974,1970,BK,us,UNLABELED,1,010839029,White pine yields by diameter classes.
umn.31951d01555994u,1979,1970,BK,us,UNLABELED,1,010833113,Forest water quality : an experiment in harvesting and regenerating Piedmont forest / by John D. Hewlett.
umn.31951d016981217,1978,1970,BK,us,UNLABELED,1,010839059,"State park system plan for South Dakota / prepared by the Division of Parks and Recreation ; Lowen Schuett, director, Da"
umn.31951d03286584v,1978,1970,BK,us,UNLABELED,1,102434248,The local rural road and bridge problem and alternative solutions / C. Phillip Baumel.
umn.31951p00563025d,1979,1970,BK,us,UNLABELED,1,007958173,Comprehensive chemical dependency state plan : fiscal year 1980.
umn.31951p00570189s,1978,1970,BK,us,UNLABELED,1,007812313,Energy survey manual for existing public buildings / Minnesota Energy Agency.
umn.31951t003947428,1970,1970,BK,us,UNLABELED,1,100682621,[Collected Rand memoranda.].
uva.35007004722181,1971,1970,BK,us,UNLABELED,1,101999089,Contiguous zones for pollution control: an appraisal under international law [by] Norman A. Wulf.
uva.x000000241,1978,1970,BK,us,UNLABELED,1,000135276,Women's status and fertility in the Muslim world / edited by James Allman.
uva.x000001339,1977,1970,BK,us,UNLABELED,1,102006065,Hieroglyphs to alphabets / Charles King.
uva.x000003401,1976,1970,BK,us,UNLABELED,1,004407587,Garibaldi / Jasper Ridley.
uva.x000050340,1974,1970,BK,us,UNLABELED,1,102074535,"Thirty years of New York politics up-to-date, by Matthew P. Breen."
uva.x000071824,1975,1970,BK,us,UNLABELED,1,102052302,How thinking is written : an analytic approach to writing / Lawrence Sargent Hall.
uva.x000096788,1971,1970,BK,us,UNLABELED,1,001116992,The liberated woman and other Americans.
uva.x000109873,1973,1970,BK,us,UNLABELED,1,102072793,William James on psychical research. Compiled and edited by Gardner Murphy and Robert O. Ballou. With an introd. and con
uva.x000121924,1974,1970,BK,us,UNLABELED,1,102071526,Reason and romanticism; essays in literary criticism.
uva.x000130562,1976,1970,BK,us,UNLABELED,1,102064341,Act one : an autobiography / Moss Hart.
uva.x000132406,1976,1970,BK,us,UNLABELED,1,102034891,"The idea of honour in the English drama, 1591-1700 / by C. L. Barber."
uva.x000132793,1974,1970,BK,us,UNLABELED,1,102037160,"The autobiography of William Butler Yeats : consisting of Reveries over childhood and youth, The trembling of the veil, "
uva.x000152380,1979,1970,BK,us,UNLABELED,1,000712289,Meaning and meaningfulness : studies in the analysis and interpretation of texts / by Ross Chambers.
uva.x000157593,1975,1970,BK,us,UNLABELED,1,102064184,What is theosophy? : A general view of occult doctrine / by Charles J. Ryan.
uva.x000216991,1978,1970,BK,us,UNLABELED,1,101985528,Politics and the Constitution in the history of the United States.
uva.x000414179,1970,1970,BK,us,UNLABELED,1,102068545,"African traditional religion, by Geoffrey Parrinder."
uva.x000473276,1970,1970,BK,us,UNLABELED,1,102082724,The unpublished sketches and variants of the brouillons of Madame Bovary : a critical edition / by Max Aprile.
uva.x000515423,1970,1970,BK,us,UNLABELED,1,102069065,Essays presented to C. G. Seligman. Edited by E. E. Evans-Pritchard [and others]
uva.x000554748,1978,1970,BK,us,UNLABELED,1,101989930,"Rorschach's test : gradients in mental disorder / Samuel J. Beck, Anne G. Beck."
uva.x000559164,1979,1970,BK,us,UNLABELED,2,007116760,Teenage sexuality : a survey of teenage sexual behavior / by Aaron Hass.
uva.x000598978,1970,1970,BK,us,UNLABELED,3,005582128,Greece: the magic spring [by] John A. Crow.
uva.x000638536,1978,1970,BK,us,UNLABELED,1,102009077,"The development, use, and abuse of educational tests / by Edward Burns."
uva.x000652411,1973,1970,BK,us,UNLABELED,1,005967747,"The yellow auto named Ferdinand, by Janosch."
uva.x000675198,1973,1970,BK,us,UNLABELED,1,010450500,Legislative history of the Securities act of 1933 and Securities exchange act of 1934 ... Compiled by J.S. Ellenberger a
uva.x000722968,1976,1970,BK,us,UNLABELED,1,102030772,You can have it when I'm through with it / Betty Webb Mace.
uva.x000917287,1979,1970,BK,us,UNLABELED,1,101899924,Guiding principles of the Hungarian Socialist Workers Party Central Committee for the Party's 12th Congress.
uva.x001060245,1973,1970,BK,us,UNLABELED,1,101986040,Appalachia my land / by Muriel Miller Dressler.
uva.x001379117,1970,1970,BK,us,UNLABELED,1,102068579,"The ""48"": Bach's Wohltemperirtes Clavier."
uva.x001388903,1973,1970,BK,us,UNLABELED,1,102013136,1973 list of radio and radar astronomy observatories.
uva.x001536970,1971,1970,BK,us,UNLABELED,1,001454672,An introduction to twentieth century music [by] Peter S. Hansen.
uva.x001711694,1975,1970,BK,us,UNLABELED,1,101905044,"""The footprints of the Buddha"" : an eighth-century old Japanese poetic sequence / by Roy Andrew Miller."
uva.x002236399,1974,1970,BK,us,UNLABELED,1,101934411,From Satchmo to Miles / Leonard Feather.
uva.x004002761,1973,1970,BK,us,UNLABELED,1,101975441,"NAACP, a history of the National Association for the Advancement of Colored People / by Charles Flint Kellogg."
uva.x004617118,1974,1970,BK,us,UNLABELED,1,102022455,Byzantine studies and other essays.
wu.89010965135,1979,1970,BK,us,UNLABELED,1,005855722,Estimation and testing of location for arbitrarily right censored data / by Stephanie [Janet] Green.
wu.89011716800,1976,1970,BK,us,UNLABELED,1,005709229,"Families : developing relationships / Mollie Stevens Smart, Laura S. Smart; with contributions by Russell Cook Smart and"
wu.89015075328,1978,1970,BK,us,UNLABELED,1,005779997,"Sample value distribution, block value distribution and grade-tonnage relationship / by Funso Kasali Lawal."
wu.89015486285,1979,1970,BK,us,UNLABELED,1,005698626,Role of the artificial insemination newsletter as a marketing communications tool / by James Charles Dohner.
wu.89031094394,1976,1970,BK,us,UNLABELED,1,007286963,"A true description of the Lake Superior country ... with Bayfield's chart, showing the boundary line as established by j"
wu.89031165228,1974,1970,BK,us,UNLABELED,1,005709961,Designing the method / edited by David K. Tester.
wu.89031193493,1976,1970,BK,us,UNLABELED,1,004394737,Environmental biogeochemistry : proceedings of the 2nd International Symposium on Environmental Biogeochemistry organize
wu.89031314123,1971,1970,BK,us,UNLABELED,1,010981239,Judge your own horsemanship.
wu.89033917931,1973,1970,BK,us,UNLABELED,1,001313784,"A guide to sources of consumer information, by Sarah M. Thomas and Bernadine Weddington. With a foreword by Virginia H. "
wu.89033921032,1979,1970,BK,us,UNLABELED,3,000296841,Environmental planning for utility corridors / by Ross T. Newkirk.
wu.89037175288,1974,1970,BK,us,UNLABELED,1,007286954,The Western States and western Canada. With special research and writing by Jo Anne Murphy.
wu.89048443501,1972,1970,BK,us,UNLABELED,1,005771442,Management-oriented management information systems.
wu.89048447312,1971,1970,BK,us,UNLABELED,3,001154495,Civil nuclear power and international security / Edited by Mason Willrich.
wu.89048449946,1972,1970,BK,us,UNLABELED,2,000603356,"Total design; architecture of Welton Becket and Associates [by] William Dudley Hunt, Jr."
wu.89058288499,1974,1970,BK,us,UNLABELED,1,007963629,A preliminary survey of Missouri archaeology [by] Carl H. Chapman. Osage village locations and hunting territories to 18
wu.89058300492,1975,1970,BK,us,UNLABELED,1,007972513,Saratoga / text by Joseph P. Cullen.
wu.89060402856,1978,1970,BK,us,UNLABELED,1,007561180,Captivity of Father Milet / Pierre Milet.
wu.89062361183,1973,1970,BK,us,UNLABELED,1,005785329,The descendants of Josiah and Keziah Nichols Wooldridge and their ancestors [by] Wright W. Frost.
wu.89062506076,1978,1970,BK,us,UNLABELED,1,009396930,"The ancestors of the Nathan Glenn Wimer : Wimer-Valder-Duren-Goodrich-Bowder-Mullholan-Newton-Bailey, and others / compi"
wu.89062852587,1973,1970,BK,us,UNLABELED,1,005709004,Lineages and genealogical notes; a compilation of some of the lineages and family lines in the genealogy of Cloud Thrash
wu.89062865639,1977,1970,BK,us,UNLABELED,1,005710252,Descendants of Exum Drake / Robert Eldon Drake.
wu.89062913561,1977,1970,BK,us,UNLABELED,1,005820740,English pilgrimage for fifteen families / by Ruth Blanchard Knudson.
wu.89062955281,1975,1970,BK,us,UNLABELED,1,005802381,The descendants of the Presidents / by R. Whitney Tucker.
wu.89063118525,1973,1970,BK,us,UNLABELED,1,011725066,"El Gringo; or, New Mexico and her people."
wu.89064063142,1970,1970,BK,us,UNLABELED,1,009890961,"Cape Cod and the offshore islands, by Walter Teller."
wu.89064064769,1972,1970,BK,us,UNLABELED,1,007090198,Edge of paradise; fifty years in the pulpit.
wu.89064414212,1977,1970,BK,us,UNLABELED,1,009701828,"Enjoying Maine : lively stories about people & places from the seacoast to the north country, to the mountains, from fis"
wu.89066050022,1977,1970,BK,us,UNLABELED,1,005710165,"David Crews Donan of Kentucky and his family, 1774-1974 / by Frances Donan Patchett, with Mary Wray Cox and William Page"
wu.89066129511,1979,1970,BK,us,UNLABELED,1,007964088,"Baxter's USA / by Robert Baxter ; [ill. by Alice Muller, maps by Dorothea McGay]."
wu.89066143165,1972,1970,BK,us,UNLABELED,1,005709022,"The genealogy of the Matthias Frantz family of Berks County, Pennsylvania. Researched and compiled by: E. Harold Frantz,"
wu.89066176272,1971,1970,BK,us,UNLABELED,1,005770442,"An ancestral record of my paternal grandfather, Albion Norton Jewett, a descendant of Joseph Jewett, a founder of Rowley"
wu.89067926618,1970,1970,BK,us,UNLABELED,1,007080789,The Reverend Uncle Bert : A biography / by Bernice Dittmer.
wu.89067963223,1976,1970,BK,us,UNLABELED,1,009890607,"A glimpse of the past : Pittsfield, Vermont / compiled and edited by Catherine S. Davis, Dawn D. Hance."
wu.89069283091,1974,1970,BK,us,UNLABELED,1,007560653,"Spiro Mound copper / by Henry W. Hamilton, Jean Tyree Hamilton, Eleanor F. Chapman."
wu.89069289718,1972,1970,BK,us,UNLABELED,1,005711896,"Index for the Neal, Harbison, Snodgrass, Miller, and related families / by Thomas Howe R. Neal."
wu.89092465210,1977,1970,BK,us,UNLABELED,1,005782509,The role of memory in learning situations / by Arlene May Meyer.
wu.89098675614,1970,1970,BK,us,UNLABELED,1,009534874,The fifty days; Napoleon in England. Translated by R. A. Hall.
wu.89104951132,1977,1970,BK,us,UNLABELED,1,008555242,"The Highway Advisory Committee : history and activities, 1948-1977 / Wisconsin Legislative Council."
wu.89105678825,1978,1970,BK,us,UNLABELED,1,005757619,Staphylococcal enterotoxin B production in hard-boiled eggs / by Douglas F[redric] Harbrecht.
uc1.$b73873,1972,1970,SE,uk,AGRICULTURAL,1,010110786,Results of experiments at the Experimental husbandry farms
umn.31951d00262374q,1975,1970,SE,uk,AGRICULTURAL,2,007923884,List of research workers ... in the agricultural sciences in the Commonwealth and in the Republic of Ireland.
uc1.$b206932,1974,1970,SE,uk,CATALOG,1,102822132,[Catalogue of auction].
uc1.$b219990,1979,1970,SE,uk,CATALOG,1,009953471,[Catalogues of sale].
uc1.$b223209,1974,1970,SE,uk,CATALOG,1,009979645,[Catalogue of sales].
uc1.$b223320,1978,1970,SE,uk,CATALOG,1,009979645,[Catalogue of sales].
mdp.39015000980584,1974,1970,SE,uk,GENERAL_PERIODICAL,1,000523716,International journal of systems science
mdp.39015001479396,1974,1970,SE,uk,GENERAL_PERIODICAL,1,000635437,Journal of embryology and experimental morphology
mdp.39015003983908,1973,1970,SE,uk,GENERAL_PERIODICAL,1,000641612,European journal of social psychology.
mdp.39015009411391,1970,1970,SE,uk,GENERAL_PERIODICAL,1,000505533,RIBA journal.
mdp.39015011062307,1978,1970,SE,uk,GENERAL_PERIODICAL,1,000640437,"Quarterly economic review of Saudi Arabia, Jordan."
mdp.39015019331092,1971,1970,SE,uk,GENERAL_PERIODICAL,1,000505373,The philosophical magazine.
mdp.39015021797066,1976,1970,SE,uk,GENERAL_PERIODICAL,1,000499474,Journal of the British Nuclear Energy Society.
mdp.39015026342652,1973,1970,SE,uk,GENERAL_PERIODICAL,1,000636831,Journal of the Chemical Society. Perkin transactions I
mdp.39015026343403,1974,1970,SE,uk,GENERAL_PERIODICAL,1,000506967,Journal. Faraday transactions. II.
mdp.39015029606608,1976,1970,SE,uk,GENERAL_PERIODICAL,1,000500766,Journal of mechanical engineering science
mdp.39015029644047,1979,1970,SE,uk,GENERAL_PERIODICAL,1,000497196,Transactions and journal of the British Ceramic Society.
mdp.39015041202931,1970,1970,SE,uk,GENERAL_PERIODICAL,1,000599296,The Anglo-Welsh review.
uc1.$b611863,1971,1970,SE,uk,GENERAL_PERIODICAL,1,010010558,"The Marine Observer. Published by the Authority of the Meteorological Committee, Air Ministry, London. The Review of the"
uc1.32106020191760,1978,1970,SE,uk,GENERAL_PERIODICAL,1,008323496,Grosseteste review.
uc1.32106020692809,1973,1970,SE,uk,GENERAL_PERIODICAL,1,000528776,The English harpsichord magazine.
uc1.b3367074,1973,1970,SE,uk,GENERAL_PERIODICAL,1,006062116,The British museum quarterly
uc1.b3416897,1972,1970,SE,uk,GENERAL_PERIODICAL,1,007845983,The Journal of Jewish studies.
uc1.b3479964,1973,1970,SE,uk,GENERAL_PERIODICAL,1,000600222,The Antiquaries journal.
uc1.b3738190,1974,1970,SE,uk,GENERAL_PERIODICAL,1,000597646,English language teaching journal : ELT.
uc1.b3893368,1972,1970,SE,uk,GENERAL_PERIODICAL,1,000639018,Tropical diseases bulletin.
uc1.b3952177,1974,1970,SE,uk,GENERAL_PERIODICAL,1,010175260,The International journal of pressure vessels and piping.
uc1.b4127316,1979,1970,SE,uk,GENERAL_PERIODICAL,1,005680569,British medicine; a monthly guide to current literature.
uc1.b4539481,1970,1970,SE,uk,GENERAL_PERIODICAL,1,000064038,The International journal of social psychiatry
uc1.b4539483,1974,1970,SE,uk,GENERAL_PERIODICAL,1,000064038,The International journal of social psychiatry
uiug.30112008800101,1978,1970,SE,uk,GENERAL_PERIODICAL,1,011454530,The Metal bulletin.
uva.x001744918,1978,1970,SE,uk,GENERAL_PERIODICAL,1,000548923,Magazine of concrete research
nyp.33433105009595,1975,1970,SE,uk,LEGAL,1,000680894,Monthly digest of statistics.
uc1.a0005122841,1979,1970,SE,uk,MEDICAL,1,000532320,The Medical register.
uc1.b4490343,1976,1970,SE,uk,MEDICAL,1,000503758,Essays in medical biochemistry
coo.31924061630970,1970,1970,SE,uk,REFERENCE,1,006132948,Commonwealth universities yearbook.
mdp.39015023089637,1979,1970,SE,uk,REFERENCE,1,000545357,The Consulting engineers who's who & year book.
uc1.b4311593,1973,1970,SE,uk,REFERENCE,1,010074313,The World year book of education.
uiug.30112087945868,1972,1970,SE,uk,REFERENCE,1,101851724,Municipal yearbook.
uiug.30112106935072,1970,1970,SE,uk,TRADE,1,011453065,Electrical and electronics manufacturer : EM : design & production of electrical & electronic equipment.
coo.31924055087591,1975,1970,SE,uk,UNLABELED,1,009149178,Proceedings of the British Insecticide and Fungicide Conference.
coo.31924061415844,1978,1970,SE,uk,UNLABELED,1,009188480,Poultry abstracts.
coo.31924062415041,1971,1970,SE,uk,UNLABELED,1,009214138,Soviet inventions illustrated. Section II: Electrical.
inu.30000116576814,1972,1970,SE,uk,UNLABELED,1,008568000,East London papers.
inu.30000123297776,1970,1970,SE,uk,UNLABELED,1,002959014,War resistance.
mdp.35112102222504,1978,1970,SE,uk,UNLABELED,1,007172093,Annual report of the Intergovernmental Maritime Consultative Organization
mdp.35128001539202,1971,1970,SE,uk,UNLABELED,1,000495562,Trade and industry.
mdp.39015004109966,1970,1970,SE,uk,UNLABELED,1,000523672,Cooperation and conflict.
mdp.39015004524768,1971,1970,SE,uk,UNLABELED,1,000046053,Machine intelligence.
mdp.39015005821320,1976,1970,SE,uk,UNLABELED,1,000517769,Transactions - Botanical Society of Edinburgh.
mdp.39015005864080,1978,1970,SE,uk,UNLABELED,1,000050151,International film guide.
mdp.39015009642599,1971,1970,SE,uk,UNLABELED,1,002621431,The musical times.
mdp.39015010578444,1977,1970,SE,uk,UNLABELED,1,000051960,The Oxyrhynchus papyri / edited with translations and notes by Bernard P. Grenfell and Arthur S. Hunt.
mdp.39015014979176,1979,1970,SE,uk,UNLABELED,1,000499042,Wiltshire Record Society : [publications].
mdp.39015018685274,1975,1970,SE,uk,UNLABELED,1,000675227,Animal behaviour abstracts.
mdp.39015019338642,1973,1970,SE,uk,UNLABELED,1,000505543,"Proceedings of the Royal Society of London. Series A, Containing papers of a mathematical and physical character"
mdp.39015020138783,1979,1970,SE,uk,UNLABELED,1,000676594,"Summary of world broadcasts. Part 3, Far East."
mdp.39015022775863,1977,1970,SE,uk,UNLABELED,1,102512926,Occasional papers - Royal Anthropological Institute of Great Britain and Ireland.
mdp.39015023160958,1976,1970,SE,uk,UNLABELED,1,000496315,The Engineer
mdp.39015024150446,1974,1970,SE,uk,UNLABELED,1,000599937,Music and musicians.
mdp.39015026181373,1978,1970,SE,uk,UNLABELED,1,002188362,Physics abstracts.
mdp.39015026182132,1970,1970,SE,uk,UNLABELED,1,002188362,Physics abstracts.
mdp.39015027719916,1973,1970,SE,uk,UNLABELED,1,000055842,"Annual report - University of Cambridge, Institute of Astronomy."
mdp.39015031702049,1970,1970,SE,uk,UNLABELED,1,000504071,Theses in Latin American studies at British universities in progress and completed.
mdp.39015036629205,1971,1970,SE,uk,UNLABELED,1,000519584,Annual report - Society for Nautical Research.
mdp.39015036768854,1978,1970,SE,uk,UNLABELED,1,000067232,Library management news.
mdp.39015038757392,1973,1970,SE,uk,UNLABELED,1,000498702,The New scientist.
mdp.39015048399185,1973,1970,SE,uk,UNLABELED,1,000676675,Sociology of education abstracts.
mdp.39015051343302,1975,1970,SE,uk,UNLABELED,1,000497783,Organometallic compounds.
mdp.39015055279999,1978,1970,SE,uk,UNLABELED,1,000496136,Forestry abstracts.
mdp.39015060424408,1979,1970,SE,uk,UNLABELED,1,000525248,Current sociology = La Sociologie contemporaine.
mdp.39015062129427,1975,1970,SE,uk,UNLABELED,1,000056791,Annual report of the Managing Committee.
mdp.39015066590996,1975,1970,SE,uk,UNLABELED,1,000504321,Alicyclic chemistry.
mdp.39015076241580,1975,1970,SE,uk,UNLABELED,1,003912216,Geographical abstracts. Annual index.
osu.32435019572692,1973,1970,SE,uk,UNLABELED,1,000863114,Government publications : sectional list.
osu.32435051474575,1976,1970,SE,uk,UNLABELED,1,000520935,The illustrated London news.
osu.32437122985381,1971,1970,SE,uk,UNLABELED,1,101672135,Report from the Select Committee on Procedure.
pst.000003769331,1973,1970,SE,uk,UNLABELED,1,012272298,"Housing and construction statistics / Department of the Environment, Scottish Development Department, [and] Welsh Office"
uc1.$b396456,1976,1970,SE,uk,UNLABELED,1,000675411,Scottish poetry.
uc1.$b791262,1974,1970,SE,uk,UNLABELED,1,010672812,Microelectronics and reliability
uc1.31158000991025,1976,1970,SE,uk,UNLABELED,1,000681720,Tissue antigens.
uc1.31158009333443,1976,1970,SE,uk,UNLABELED,1,000498639,Annual report and accounts - British Waterways Board.
uc1.32106012041494,1977,1970,SE,uk,UNLABELED,1,000681102,Proceedings of the Society of Antiquaries of Scotland.
uc1.b2907506,1970,1970,SE,uk,UNLABELED,1,007918346,Report for ... / East Malling Research Station.
uc1.b3296847,1974,1970,SE,uk,UNLABELED,1,006302336,Public administration.
uc1.b3353855,1975,1970,SE,uk,UNLABELED,1,007875915,Research investigations and field trials.
uc1.b3643852,1978,1970,SE,uk,UNLABELED,1,000639300,Marxism today.
uc1.b3724303,1970,1970,SE,uk,UNLABELED,1,010153556,Hampstead Clinic psychoanalytic library.
uc1.b3746857,1973,1970,SE,uk,UNLABELED,1,000599902,Spectrochemical abstracts / by F. Twyman.
uc1.b3805081,1976,1970,SE,uk,UNLABELED,2,002226855,Transactions of the International Astronomical Union
uc1.b3916102,1975,1970,SE,uk,UNLABELED,2,000597872,Saturated heterocyclic chemistry.
uc1.b4233046,1970,1970,SE,uk,UNLABELED,1,000069243,Space research
uc1.b4273058,1977,1970,SE,uk,UNLABELED,1,000635957,Polymer science U.S.S.R
uc1.b4288871,1973,1970,SE,uk,UNLABELED,1,010071766,SCI monograph.
uc1.b4324057,1972,1970,SE,uk,UNLABELED,1,000501474,Water pollution control.
uc1.b4435346,1972,1970,SE,uk,UNLABELED,1,009631919,"Amino-acid, peptide & protein abstracts."
uc1.b4472603,1978,1970,SE,uk,UNLABELED,1,011456736,Social and economic administration.
uc1.c2994753,1971,1970,SE,uk,UNLABELED,1,102498389,Scottish health statistics.
uc1.l0051319994,1976,1970,SE,uk,UNLABELED,1,000681720,Tissue antigens.
ufl.31262080768350,1971,1970,SE,uk,UNLABELED,1,003869797,The parliamentary debates (Hansard). House of Lords official report.
uiug.30112007931162,1971,1970,SE,uk,UNLABELED,1,003600701,Machinery and production engineering.
uiug.30112106789875,1978,1970,SE,uk,UNLABELED,1,004527521,Africa.
uiug.30112108074607,1978,1970,SE,uk,UNLABELED,1,011482746,Report and accounts / Lloyds Bank International Limited.
umn.31951d025509042,1978,1970,SE,uk,UNLABELED,1,000531032,Sessional papers.
uva.x030564353,1976,1970,SE,uk,UNLABELED,1,000494932,Studies on Voltaire and the eighteenth century.
wu.89018033548,1973,1970,SE,uk,UNLABELED,1,009149178,Proceedings of the British Insecticide and Fungicide Conference.
wu.89030565055,1972,1970,SE,uk,UNLABELED,1,009149176,Proceedings of the British Weed Control Conference.
wu.89034071977,1978,1970,SE,uk,UNLABELED,1,005858388,Mountbatten lecture.
mdp.39015020469857,1971,1970,SE,us,AGRICULTURAL,1,000677424,American journal of agricultural economics.
mdp.39015020469873,1973,1970,SE,us,AGRICULTURAL,1,000677424,American journal of agricultural economics.
uc1.b3962532,1979,1970,SE,us,AGRICULTURAL,1,000675988,Annual report - Nebraska Agricultural Experiment Station.
uiug.30112019533055,1973,1970,SE,us,AGRICULTURAL,1,003797233,"Circular / University of Illinois, College of Agriculture, Cooperative Extension Service."
umn.31951d019195069,1978,1970,SE,us,AGRICULTURAL,1,102333251,"Miscellaneous publication / University of Maryland, Agricultural Experiment Station."
umn.31951t00213528y,1973,1970,SE,us,AGRICULTURAL,1,009161536,Bulletin / Massachusetts Agricultural Experiment Station.
uc1.$b205385,1979,1970,SE,us,CATALOG,1,006492874,[Catalogue of auction].
uiug.30112111515240,1975,1970,SE,us,CATALOG,1,012103761,"Catalogue of the Arizona Territorial Normal School at Tempe, Arizona, for the school year ending June 30 ..., and circul"
uva.x001967746,1977,1970,SE,us,CATALOG,1,102086668,A catalogue of the exhibition: Virginia craftsmen.
coo.31924000705982,1971,1970,SE,us,GENERAL_PERIODICAL,1,010005733,The Conference Board statistical bulletin.
coo.31924052000001,1971,1970,SE,us,GENERAL_PERIODICAL,1,009210474,The Daffodil journal.
inu.30000080737251,1974,1970,SE,us,GENERAL_PERIODICAL,1,000637774,Quarterly review of literature.
inu.30000108551650,1979,1970,SE,us,GENERAL_PERIODICAL,1,007565058,Radio Liberty research bulletin.
mdp.39015004174986,1973,1970,SE,us,GENERAL_PERIODICAL,1,000499429,The Alfred I. Du Pont-Columbia University survey of broadcast journalism.
mdp.39015004466960,1974,1970,SE,us,GENERAL_PERIODICAL,1,000497426,Journal; proceedings of the American Society of Civil Engineers.
mdp.39015008094057,1978,1970,SE,us,GENERAL_PERIODICAL,1,000678930,Journal of music theory
mdp.39015009338651,1979,1970,SE,us,GENERAL_PERIODICAL,1,000494619,The Journal of Japanese studies.
mdp.39015010627787,1971,1970,SE,us,GENERAL_PERIODICAL,1,000674677,IEEE journal of quantum electronics
mdp.39015010849282,1978,1970,SE,us,GENERAL_PERIODICAL,2,000494206,Journal of regional science.
mdp.39015012027176,1971,1970,SE,us,GENERAL_PERIODICAL,1,002617060,Journal of macromolecular science. Chemistry
mdp.39015016520580,1979,1970,SE,us,GENERAL_PERIODICAL,1,000681226,The Journal of the astronautical sciences.
mdp.39015016759188,1977,1970,SE,us,GENERAL_PERIODICAL,1,000051714,Journal of analytical chemistry of the USSR.
mdp.39015016759196,1977,1970,SE,us,GENERAL_PERIODICAL,1,000051714,Journal of analytical chemistry of the USSR.
mdp.39015019275455,1974,1970,SE,us,GENERAL_PERIODICAL,1,000500791,The journal of physical chemistry
mdp.39015019334476,1971,1970,SE,us,GENERAL_PERIODICAL,1,000677925,"Physical review. B, Solid state."
mdp.39015019340473,1975,1970,SE,us,GENERAL_PERIODICAL,1,000517397,SIAM review.
mdp.39015021316230,1971,1970,SE,us,GENERAL_PERIODICAL,1,000519755,The Union postal clerk & the postal transport journal.
mdp.39015025367718,1978,1970,SE,us,GENERAL_PERIODICAL,1,000498517,Socialist review.
mdp.39015026004096,1971,1970,SE,us,GENERAL_PERIODICAL,1,003908495,Journal of combinatorial theory. Series B
mdp.39015028572165,1976,1970,SE,us,GENERAL_PERIODICAL,1,000504261,National journal.
mdp.39015029645556,1972,1970,SE,us,GENERAL_PERIODICAL,1,000640646,Industrial photography : the magazine of photography at work.
mdp.39015032337175,1976,1970,SE,us,GENERAL_PERIODICAL,1,000674852,The International journal of the addictions.
mdp.39015036726571,1978,1970,SE,us,GENERAL_PERIODICAL,1,000496230,The elementary school journal.
mdp.39015040381843,1976,1970,SE,us,GENERAL_PERIODICAL,2,000525313,The Michigan mathematical journal
mdp.39015049332573,1977,1970,SE,us,GENERAL_PERIODICAL,1,000681478,SIAM journal on control and optimization
mdp.39015051146143,1977,1970,SE,us,GENERAL_PERIODICAL,1,000520964,Congressional quarterly weekly report.
mdp.39015055236999,1974,1970,SE,us,GENERAL_PERIODICAL,1,000520618,Reading research quarterly.
mdp.39015059431521,1970,1970,SE,us,GENERAL_PERIODICAL,1,000501048,American sociological review
mdp.39015060418897,1979,1970,SE,us,GENERAL_PERIODICAL,1,000674916,Industrial & labor relations review.
mdp.39015060421230,1978,1970,SE,us,GENERAL_PERIODICAL,1,000637392,Federal reserve bulletin / issued by the Federal Reserve Board at Washington
mdp.39015078253773,1970,1970,SE,us,GENERAL_PERIODICAL,1,000056830,The New York Times theater reviews.
mdp.39076000022777,1977,1970,SE,us,GENERAL_PERIODICAL,1,000948254,American journal of public health : JPH / American Public Health Association
osu.32435057453078,1972,1970,SE,us,GENERAL_PERIODICAL,1,004260412,Mississippi Valley journal of business and economics.
osu.32435066698515,1978,1970,SE,us,GENERAL_PERIODICAL,1,000678879,Official journal of the European Communities. Legislation.
osu.32435066958836,1978,1970,SE,us,GENERAL_PERIODICAL,1,000678879,Official journal of the European Communities. Legislation.
pst.000046003812,1971,1970,SE,us,GENERAL_PERIODICAL,1,000548068,Independent school bulletin.
pst.000066481065,1976,1970,SE,us,GENERAL_PERIODICAL,1,007042972,Boston University journal.
rul.39030022270674,1975,1970,SE,us,GENERAL_PERIODICAL,1,103285752,"Local finance bulletin / New Jersey Department of Community Affairs, Division of Local Finance."
uc1.$b789479,1971,1970,SE,us,GENERAL_PERIODICAL,1,009954211,"CQ, the radio amateurs' journal."
uc1.$b792057,1979,1970,SE,us,GENERAL_PERIODICAL,1,000523670,Journal of the House of Representatives of the State of Connecticut.
uc1.31158003596136,1978,1970,SE,us,GENERAL_PERIODICAL,1,000636497,Annals of ophthalmology.
uc1.31175009684849,1975,1970,SE,us,GENERAL_PERIODICAL,1,000056828,The New York times magazine
uc1.31210000997211,1971,1970,SE,us,GENERAL_PERIODICAL,1,004055037,California management review
uc1.31822008860751,1973,1970,SE,us,GENERAL_PERIODICAL,1,000498715,The American Association of Petroleum Geologists bulletin.
uc1.31822009565219,1972,1970,SE,us,GENERAL_PERIODICAL,1,000540912,Geosciences bulletin. Series A
uc1.31822035976307,1976,1970,SE,us,GENERAL_PERIODICAL,1,000498722,Månedlige bulletin over udenrigshandelen = Monatsbulletin der Aussenhandelsstatistik = Monthly external trade bulletin
uc1.32106017003473,1972,1970,SE,us,GENERAL_PERIODICAL,1,000640010,The American review of East-West trade.
uc1.32106019964797,1977,1970,SE,us,GENERAL_PERIODICAL,1,004215997,The President's review and annual report.
uc1.32106020341779,1976,1970,SE,us,GENERAL_PERIODICAL,1,000498838,The Soviet review.
uc1.32106020341811,1979,1970,SE,us,GENERAL_PERIODICAL,1,000498838,The Soviet review.
uc1.b3529091,1979,1970,SE,us,GENERAL_PERIODICAL,1,000496087,Annals of Iowa.
uc1.b3536166,1973,1970,SE,us,GENERAL_PERIODICAL,1,006059300,Journal of retailing.
uc1.b3627362,1978,1970,SE,us,GENERAL_PERIODICAL,1,009805708,The Journal of real estate taxation.
uc1.b3635304,1977,1970,SE,us,GENERAL_PERIODICAL,2,000675203,Illinois journal of mathematics
uc1.b3669716,1978,1970,SE,us,GENERAL_PERIODICAL,1,000681473,Journal of studies on alcohol.
uc1.b3931014,1978,1970,SE,us,GENERAL_PERIODICAL,1,003193587,The American alpine journal.
uc1.b3986470,1978,1970,SE,us,GENERAL_PERIODICAL,1,000639333,Journal of forensic sciences
uc1.b4011695,1974,1970,SE,us,GENERAL_PERIODICAL,1,008568930,The journal - Oklahoma Bar Association.
uc1.b4323702,1976,1970,SE,us,GENERAL_PERIODICAL,1,000054536,Journal of biological education.
uc1.b4331853,1979,1970,SE,us,GENERAL_PERIODICAL,1,000494493,The Journal of finance.
uc1.b4383248,1976,1970,SE,us,GENERAL_PERIODICAL,1,000057465,"Eye, ear, nose & throat monthly."
uc1.b4394579,1978,1970,SE,us,GENERAL_PERIODICAL,1,000049432,Annual review of astronomy and astrophysics.
uc1.b5002556,1973,1970,SE,us,GENERAL_PERIODICAL,1,000506965,The journal of immunology : official journal of the American Association of Immunologists.
uc1.b5065379,1979,1970,SE,us,GENERAL_PERIODICAL,1,000903153,Hispanic journal of behavioral sciences.
uc1.c2786117,1970,1970,SE,us,GENERAL_PERIODICAL,1,102460946,Annual bulletin of transport statistics for Europe. Bulletin annuel de statistiques de transports pour l'Europe. Ezhegod
uc1.l0050944222,1972,1970,SE,us,GENERAL_PERIODICAL,1,004053949,Best's review
uc1.l0061017083,1979,1970,SE,us,GENERAL_PERIODICAL,1,000520708,"Bulletin of the Academy of Sciences of the USSR, Division of Chemical Science"
ucbk.ark:/28722/h22v2cq1k,1977,1970,SE,us,GENERAL_PERIODICAL,1,000530829,The journal of clinical investigation
ufl.35051104295912,1975,1970,SE,us,GENERAL_PERIODICAL,1,000502370,Caribbean monthly bulletin.
uiug.30112008073147,1978,1970,SE,us,GENERAL_PERIODICAL,1,000494744,RCA review; a technical journal ..
uiug.30112026519030,1973,1970,SE,us,GENERAL_PERIODICAL,1,000521067,Water resources bulletin.
umn.31951001901691k,1973,1970,SE,us,GENERAL_PERIODICAL,1,000597556,Personnel administration and public personnel review.
umn.31951001915406j,1973,1970,SE,us,GENERAL_PERIODICAL,1,000522461,Saturday review
umn.31951d00219271v,1974,1970,SE,us,GENERAL_PERIODICAL,1,009189586,Bulletin of the Allyn Museum.
umn.31951p00442518e,1976,1970,SE,us,GENERAL_PERIODICAL,1,000498722,Månedlige bulletin over udenrigshandelen = Monatsbulletin der Aussenhandelsstatistik = Monthly external trade bulletin
uva.x001474850,1973,1970,SE,us,GENERAL_PERIODICAL,1,000549519,New York folklore quarterly.
uva.x002458639,1976,1970,SE,us,GENERAL_PERIODICAL,1,000675977,Journal of organic chemistry of the USSR
uva.x030357006,1974,1970,SE,us,GENERAL_PERIODICAL,1,000530982,The Colorado magazine.
wu.89062948278,1973,1970,SE,us,GENERAL_PERIODICAL,1,005788948,Pennsylvania genealogy magazine.
wu.89066028184,1972,1970,SE,us,GENERAL_PERIODICAL,1,009184362,The Clay family quarterly.
wu.89067927012,1972,1970,SE,us,GENERAL_PERIODICAL,1,007080793,Advent review and sabbath herald.
wu.89093680437,1976,1970,SE,us,GENERAL_PERIODICAL,1,006923692,University of Minnesota bulletin.
coo.31924061599142,1975,1970,SE,us,LEGAL,1,003303395,Landmark briefs and arguments of the Supreme Court of the United States: constitutional law.
pst.000053847003,1970,1970,SE,us,LEGAL,1,012260715,Public utilities reports. (Third series). Annual digest of Public utilities report (Third series) : for the year 1954-19
uc1.b3503939,1979,1970,SE,us,LEGAL,1,006665362,Reports of cases determined in the Supreme Court of the state of California.
uc1.b3692589,1979,1970,SE,us,LEGAL,1,007867548,The Georgetown law journal.
uc1.b4957179,1979,1970,SE,us,LEGAL,1,010741385,"Socialism, theory and practice; soviet monthly digest of theoretical and political press."
uc1.b4984708,1979,1970,SE,us,LEGAL,1,008440950,Reports of cases decided in the Court of Appeals of the State of Georgia at the ...
umn.31951d022960061,1975,1970,SE,us,LEGAL,1,100671034,Session laws of the State of Wyoming passed by the State Legislature.
umn.31951t001466179,1975,1970,SE,us,LEGAL,1,003303395,Landmark briefs and arguments of the Supreme Court of the United States: constitutional law.
mdp.39015086792028,1971,1970,SE,us,MEDICAL,1,003915723,Hospital management.
uc1.31158000702372,1976,1970,SE,us,MEDICAL,1,000680968,Clinics in plastic surgery.
uc1.31158003498911,1977,1970,SE,us,MEDICAL,1,000519167,Rocky Mountain medical journal.
uc1.31158003718664,1978,1970,SE,us,MEDICAL,1,000494580,The Journal of dermatologic surgery and oncology.
uc1.b3972400,1974,1970,SE,us,MEDICAL,1,000520821,The American journal of anatomy
ucbk.ark:/28722/h2028pz91,1974,1970,SE,us,MEDICAL,1,000496258,JAMA : the journal of the American Medical Association.
coo.31924001242944,1973,1970,SE,us,REFERENCE,1,010690987,Directory - United Transportation Union.
ien.35556018231951,1975,1970,SE,us,REFERENCE,1,000533366,Directory of registered lobbyists and lobbyist legislation.
ien.35556026683128,1975,1970,SE,us,REFERENCE,1,000052829,Directory of State and provincial archivists and records administrators.
mdp.39015013111524,1973,1970,SE,us,REFERENCE,1,000526114,SLA bibliography.
mdp.39015018252083,1979,1970,SE,us,REFERENCE,1,000532900,ISA directory of instrumentation. International volume.
mdp.39015031772869,1978,1970,SE,us,REFERENCE,1,003918943,National directory of newsletters and reporting services.
mdp.39015034573520,1973,1970,SE,us,REFERENCE,1,000501739,Statistical yearbook.
mdp.39015035413577,1972,1970,SE,us,REFERENCE,1,000059712,Exchange bibliography.
mdp.39015043548240,1970,1970,SE,us,REFERENCE,1,000552917,The World almanac & book of facts.
mdp.39015053155290,1976,1970,SE,us,REFERENCE,2,000635643,Bibliography of Asian studies.
nyp.33433107399259,1978,1970,SE,us,REFERENCE,1,101797333,Demographic yearbook. Annuaire démographique.
osu.32435024458515,1979,1970,SE,us,REFERENCE,1,100216271,Public school directory of the State of Texas.
uc1.b4307633,1972,1970,SE,us,REFERENCE,1,010073609,"Directory - American Bar Association, Section of Patent, Trademark, and Copyright Law"
uc1.c3040245,1975,1970,SE,us,REFERENCE,1,000051689,Statistical yearbook.
umn.31951d01339817m,1970,1970,SE,us,REFERENCE,1,007813873,Annual directory.
umn.31951d02107339u,1974,1970,SE,us,REFERENCE,1,007812845,Directory / Organization of American States.
uva.x002465135,1972,1970,SE,us,REFERENCE,1,101931558,Exchange bibliography.
wu.89034104067,1971,1970,SE,us,REFERENCE,1,007527791,Directory of scholarly and research publishing opportunities.
mdp.39015036747049,1979,1970,SE,us,RELIGIOUS,1,000638219,Church & synagogue libraries.
mdp.39015039298875,1972,1970,SE,us,RELIGIOUS,1,000529237,Christian economics.
uc1.l0073163339,1978,1970,SE,us,RELIGIOUS,1,011258412,Studies in sacred theology.
umn.31951d003934093,1970,1970,SE,us,TRADE,1,000522907,Paper trade journal.
coo.31924051524571,1974,1970,SE,us,UNLABELED,1,009173308,Abstracts of entomology.
coo.31924054949262,1978,1970,SE,us,UNLABELED,1,010851505,Building operating management.
coo.31924058013305,1971,1970,SE,us,UNLABELED,1,009205375,Publication.
coo.31924058072467,1977,1970,SE,us,UNLABELED,1,009218374,"Technical report / School of Operations Research and Industrial Engineering, College of Engineering, Cornell University."
coo.31924058301247,1979,1970,SE,us,UNLABELED,1,009218374,"Technical report / School of Operations Research and Industrial Engineering, College of Engineering, Cornell University."
coo.31924059768691,1977,1970,SE,us,UNLABELED,1,010852185,Tableservice restaurant trends.
coo.31924061253690,1976,1970,SE,us,UNLABELED,1,009054500,Farm building news.
coo.31924061901819,1976,1970,SE,us,UNLABELED,1,010696371,Working paper / Credit Research Center.
coo.31924062240415,1974,1970,SE,us,UNLABELED,2,000504362,Yivo annual of Jewish social science.
coo.31924066954524,1971,1970,SE,us,UNLABELED,1,009175088,Information: news - sources - profiles.
coo.31924066961107,1970,1970,SE,us,UNLABELED,1,009202351,Indiana poultry blue book and buyer's guide.
coo.31924069130536,1973,1970,SE,us,UNLABELED,1,009188567,News - New Jersey Beekeepers Association.
coo.31924070863547,1970,1970,SE,us,UNLABELED,1,009064574,Oceanology international offshore technology.
coo.31924071714210,1970,1970,SE,us,UNLABELED,1,009228995,Wood and fiber.
coo.31924074042460,1971,1970,SE,us,UNLABELED,1,009473077,CSUAC [report]
cub.u183019394335,1970,1970,SE,us,UNLABELED,1,009388414,Alabama business.
hvd.hl3m0h,1979,1970,SE,us,UNLABELED,1,102712107,Recommendations for 19 -
ia.ark:/13960/t5n99628t,1971,1970,SE,us,UNLABELED,1,103001283,The spire.
iau.31858001753460,1970,1970,SE,us,UNLABELED,1,000057166,The Missouri archaeologist.
iau.31858030005957,1971,1970,SE,us,UNLABELED,1,100922146,Official records of the ... session of the General Assembly. Supplement.
ien.35556003276920,1979,1970,SE,us,UNLABELED,1,000675313,Annual coffee statistics.
ien.35556004796785,1975,1970,SE,us,UNLABELED,1,000496229,Elementary English.
ien.35556017175456,1977,1970,SE,us,UNLABELED,1,010622979,Proceedings of the ... Accounting Research Convocation.
ien.35556023446495,1970,1970,SE,us,UNLABELED,1,010628419,Virginia statistical abstract.
ien.35556025396789,1970,1970,SE,us,UNLABELED,1,011231995,Tentative construction and maintenance budget..
inu.30000001416571,1970,1970,SE,us,UNLABELED,1,000046162,Crawdaddy.
inu.30000011813536,1977,1970,SE,us,UNLABELED,1,000519054,Prospects
inu.30000108542964,1977,1970,SE,us,UNLABELED,1,000681448,West Europe series.
inu.30000120183946,1976,1970,SE,us,UNLABELED,1,007119375,Bond guide
inu.30000122999943,1973,1970,SE,us,UNLABELED,1,000541301,Asia.
inu.32000002531285,1976,1970,SE,us,UNLABELED,1,007592845,Stations.
mdp.35112103542462,1979,1970,SE,us,UNLABELED,1,010394510,Work accomplished by the Inter-American Juridical Committee during its ... meeting / Inter-American Juridical Committee.
mdp.35128000345288,1975,1970,SE,us,UNLABELED,1,005313355,"Existing home sales series, annual report."
mdp.35128001554938,1979,1970,SE,us,UNLABELED,1,005337788,Industrial marketing.
mdp.35128001586799,1977,1970,SE,us,UNLABELED,1,005338119,Jewelers' circular/keystone.
mdp.35128003144332,1970,1970,SE,us,UNLABELED,1,010626130,Vend.
mdp.39015000976376,1979,1970,SE,us,UNLABELED,1,000550424,"Database: distributed, systems, models, reorganization."
mdp.39015002006909,1979,1970,SE,us,UNLABELED,1,000047342,Paper / American Society of Mechanical Engineers.
mdp.39015002127010,1970,1970,SE,us,UNLABELED,1,000497049,Advances in computers.
mdp.39015004365402,1970,1970,SE,us,UNLABELED,1,000679410,Primate behavior.
mdp.39015004625953,1979,1970,SE,us,UNLABELED,1,000059094,Membrane biochemistry.
mdp.39015004766765,1970,1970,SE,us,UNLABELED,1,000676058,Politics & society.
mdp.39015005718997,1977,1970,SE,us,UNLABELED,1,000547585,New directions for higher education.
mdp.39015006088952,1976,1970,SE,us,UNLABELED,2,000060320,Simulation using GPSS (Introductory/intermediate)
mdp.39015007247516,1970,1970,SE,us,UNLABELED,1,000599981,The Architectural forum.
mdp.39015008834924,1978,1970,SE,us,UNLABELED,1,000640081,Human ecology.
mdp.39015009488522,1975,1970,SE,us,UNLABELED,1,000520153,Nutrition reports international.
mdp.39015009809214,1979,1970,SE,us,UNLABELED,1,000641840,Annual book of ASTM standards.
mdp.39015009819098,1979,1970,SE,us,UNLABELED,1,001552397,Proceedings of the ... Ironmaking Conference.
mdp.39015009996540,1973,1970,SE,us,UNLABELED,1,000498518,Socio-economic planning sciences.
mdp.39015011042747,1976,1970,SE,us,UNLABELED,1,000680644,Sage studies in international sociology.
mdp.39015012652700,1971,1970,SE,us,UNLABELED,1,000542275,Geologic field trip guidebooks of North America.
mdp.39015012791649,1978,1970,SE,us,UNLABELED,1,003917072,Music.
mdp.39015013923274,1979,1970,SE,us,UNLABELED,1,000674533,Electronics
mdp.39015014567161,1972,1970,SE,us,UNLABELED,1,000889445,The Reconciliation of U. S.-Canada trade statistics.
mdp.39015016282835,1979,1970,SE,us,UNLABELED,1,000506838,Final report on the annual plan - Dept. of Social Services.
mdp.39015017607956,1977,1970,SE,us,UNLABELED,1,000494981,Comments on atomic and molecular physics.
mdp.39015018276116,1977,1970,SE,us,UNLABELED,1,000494342,Report.
mdp.39015019238834,1978,1970,SE,us,UNLABELED,1,000499691,Soviet physics. Technical physics.
mdp.39015019466351,1975,1970,SE,us,UNLABELED,1,000676344,Radiation research.
mdp.39015021232924,1973,1970,SE,us,UNLABELED,1,000507114,P.
mdp.39015022473402,1972,1970,SE,us,UNLABELED,1,000638810,Autobody and the reconditioned car.
mdp.39015024045729,1972,1970,SE,us,UNLABELED,1,000496265,Good housekeeping.
mdp.39015025421986,1978,1970,SE,us,UNLABELED,1,000597495,Viol.
mdp.39015029623017,1974,1970,SE,us,UNLABELED,1,000060893,Michigan living - motor news.
mdp.39015029649756,1974,1970,SE,us,UNLABELED,1,000497771,Metal progress
mdp.39015034638513,1978,1970,SE,us,UNLABELED,1,000045483,Guide to American directories.
mdp.39015035569238,1971,1970,SE,us,UNLABELED,1,000521994,"Information; news, sources, profiles"
mdp.39015035707960,1971,1970,SE,us,UNLABELED,1,000053112,Insurance periodicals index.
mdp.39015036756404,1975,1970,SE,us,UNLABELED,1,000499525,Network.
mdp.39015036782806,1972,1970,SE,us,UNLABELED,1,000548430,Annual report of the director of libraries.
mdp.39015036866898,1970,1970,SE,us,UNLABELED,1,000055391,Proceedings of the ... Annual Meeting and Convention.
mdp.39015036927039,1973,1970,SE,us,UNLABELED,1,000523690,Biography index.
mdp.39015037044958,1972,1970,SE,us,UNLABELED,1,000523401,Summer Institute of Linguistics publications in linguistics and related fields.
mdp.39015038684497,1979,1970,SE,us,UNLABELED,1,000507114,P.
mdp.39015046569466,1975,1970,SE,us,UNLABELED,1,003907747,Soviet mathematics - Doklady
mdp.39015047617157,1975,1970,SE,us,UNLABELED,1,000638236,Environment abstracts.
mdp.39015048072030,1971,1970,SE,us,UNLABELED,1,003919213,Automotive industries.
mdp.39015048710159,1978,1970,SE,us,UNLABELED,1,000553124,Proceedings of the City Commission.
mdp.39015048723269,1973,1970,SE,us,UNLABELED,1,000521186,Chemical abstracts.
mdp.39015050989584,1974,1970,SE,us,UNLABELED,1,000528632,College management.
mdp.39015055210002,1971,1970,SE,us,UNLABELED,1,000529526,Grade teacher.
mdp.39015056727715,1970,1970,SE,us,UNLABELED,1,000494090,Progress in experimental personality research.
mdp.39015057253372,1975,1970,SE,us,UNLABELED,1,000681497,International aerospace abstracts.
mdp.39015057834999,1971,1970,SE,us,UNLABELED,1,000519163,SIECUS study guide.
mdp.39015057981311,1977,1970,SE,us,UNLABELED,1,000502102,The New Yorker
mdp.39015059532443,1973,1970,SE,us,UNLABELED,1,000054431,Biographical memoirs.
mdp.39015060412080,1973,1970,SE,us,UNLABELED,1,000505626,Social forces
mdp.39015060419002,1972,1970,SE,us,UNLABELED,1,000494240,Industrial relations.
mdp.39015062185205,1970,1970,SE,us,UNLABELED,1,000638180,Economic geography.
mdp.39015063071073,1970,1970,SE,us,UNLABELED,1,000517800,Report of the director / Peabody Museum of Salem.
mdp.39015069909714,1970,1970,SE,us,UNLABELED,1,003915960,Research report.
mdp.39015070991131,1970,1970,SE,us,UNLABELED,1,004270417,Perceptual cognitive development / Galton Institute.
mdp.39015071258498,1970,1970,SE,us,UNLABELED,1,003144896,The Official National Collegiate Athletic Association football guide.
mdp.39015071394418,1974,1970,SE,us,UNLABELED,1,003132628,Archives of DePauw University and Indiana Methodism : [annual report].
mdp.39015071754589,1972,1970,SE,us,UNLABELED,1,100818272,Michigan daily.
mdp.39015072164729,1976,1970,SE,us,UNLABELED,1,000530242,"Report of the Council for Tobacco Research--U.S.A., inc."
mdp.39015072488680,1971,1970,SE,us,UNLABELED,1,000681470,Jewish frontier.
mdp.39015073068697,1971,1970,SE,us,UNLABELED,1,000550804,Legislative and special analyses.
mdp.39015073797469,1975,1970,SE,us,UNLABELED,1,000932763,Manas.
mdp.39015074835862,1974,1970,SE,us,UNLABELED,1,000499744,Tactics.
mdp.39015076221079,1977,1970,SE,us,UNLABELED,1,000636018,Treaty series / United Nations = Recueil des traités / Nations Unies.
mdp.39015076224651,1974,1970,SE,us,UNLABELED,1,000636018,Treaty series / United Nations = Recueil des traités / Nations Unies.
mdp.39015076540676,1974,1970,SE,us,UNLABELED,1,000059680,Kansas studies in education.
mdp.39015078304477,1975,1970,SE,us,UNLABELED,1,002783525,"Decolonization : a publication of the United Nations Department of Political Affairs, Trusteeship, and Decolonization."
mdp.39015079622893,1977,1970,SE,us,UNLABELED,1,000600216,American book publishing record. BPR annual cumulative.
mdp.39015080289583,1974,1970,SE,us,UNLABELED,1,000642007,The Crescent of Gamma phi beta.
mdp.39015080296141,1978,1970,SE,us,UNLABELED,1,000495840,Peterson's annual guides to graduate study.
mdp.39015080317616,1975,1970,SE,us,UNLABELED,1,003482703,Current physics index.
mdp.39015080333555,1970,1970,SE,us,UNLABELED,1,000521186,Chemical abstracts.
mdp.39015081552005,1978,1970,SE,us,UNLABELED,1,002602026,Euronet DIANE news.
mdp.39015082129597,1972,1970,SE,us,UNLABELED,1,000545001,Furniture news.
mdp.39015083037013,1973,1970,SE,us,UNLABELED,1,000503452,Sales.
mdp.39015084421349,1974,1970,SE,us,UNLABELED,1,000552173,Annual report.
mdp.39015086937177,1970,1970,SE,us,UNLABELED,1,000636022,Commodity trade statistics
mdp.39015087584333,1978,1970,SE,us,UNLABELED,1,000517561,Arkansas average covered employment and earnings by county and industry.
mdp.39076000056676,1979,1970,SE,us,UNLABELED,1,000635392,Bell Laboratories record.
mdp.39076001706352,1979,1970,SE,us,UNLABELED,1,009923577,Inter-university Case Program.
mdp.39076005143677,1974,1970,SE,us,UNLABELED,1,009905321,The Emanuel Saxe distinguished lectures in accounting.
mdp.39076007051480,1973,1970,SE,us,UNLABELED,1,009909355,Atlas of protein sequence and structure. Supplement.
mdp.49015002876481,1978,1970,SE,us,UNLABELED,1,004448443,Tax Court memorandum decisions / CCH.
miua.5402717.1972.001,1972,1970,SE,us,UNLABELED,1,005402717,Report of the Detroit and Toledo Shore Line Railroad Company : year ending ...
nyp.33433059674139,1978,1970,SE,us,UNLABELED,1,103036087,Report / National Cooperative Highway Research Program.
osu.32435022598726,1979,1970,SE,us,UNLABELED,1,000636079,Annual report / Board of Governors of the Federal Reserve System
osu.32435057456915,1970,1970,SE,us,UNLABELED,1,009065506,Economics information report.
osu.32435064205701,1974,1970,SE,us,UNLABELED,1,000546966,Annual report - National Academy of Sciences.
osu.32435065463184,1970,1970,SE,us,UNLABELED,1,000521254,Memorandum.
osu.32437010386007,1978,1970,SE,us,UNLABELED,1,100711186,[Bills of the Ohio Senate]
pst.000001384444,1978,1970,SE,us,UNLABELED,1,007823548,Reports.
pst.000007553035,1971,1970,SE,us,UNLABELED,1,008574657,Proceedings of the annual convention.
pst.000060112316,1976,1970,SE,us,UNLABELED,1,009892624,Maine fish and wildlife.
pst.000070380057,1971,1970,SE,us,UNLABELED,1,000055381,The New York red book.
rul.39030016186217,1970,1970,SE,us,UNLABELED,1,006269714,Annual report of the Division of Local Finance.
txu.059173023431571,1976,1970,SE,us,UNLABELED,1,101181362,Focus : anthropology news / State University of New York at Buffalo.
txu.059173025438298,1974,1970,SE,us,UNLABELED,1,101150771,The Cuban teacher.
txu.059173026971509,1978,1970,SE,us,UNLABELED,1,101042063,Contact.
txu.059173027053487,1972,1970,SE,us,UNLABELED,1,000677697,New generation.
uc1.$b202690,1972,1970,SE,us,UNLABELED,1,000498411,Soviet education.
uc1.$b634825,1970,1970,SE,us,UNLABELED,1,007879342,Transactions.
uc1.$b678620,1972,1970,SE,us,UNLABELED,1,000503452,Sales.
uc1.$b678763,1972,1970,SE,us,UNLABELED,1,000503452,Sales.
uc1.$b679971,1972,1970,SE,us,UNLABELED,1,000503452,Sales.
uc1.$b680001,1972,1970,SE,us,UNLABELED,1,000503452,Sales.
uc1.$b688991,1972,1970,SE,us,UNLABELED,1,000503452,Sales.
uc1.$b689019,1972,1970,SE,us,UNLABELED,1,000503452,Sales.
uc1.$b715399,1972,1970,SE,us,UNLABELED,2,000503452,Sales.
uc1.$b715411,1972,1970,SE,us,UNLABELED,2,000503452,Sales.
uc1.$c224658,1973,1970,SE,us,UNLABELED,1,101765054,"Report / Department of Computer Science, University of Illinois."
uc1.31158005883573,1975,1970,SE,us,UNLABELED,1,002611444,Texas linguistic forum.
uc1.31822004340717,1971,1970,SE,us,UNLABELED,1,009845967,EEE
uc1.31822009386335,1971,1970,SE,us,UNLABELED,1,000505586,"Archiv für Meteorologie, Geophysik und Bioklimatologie. Serie B, Klimatologie, Bioklimatologie, Strahlungsforschung = A"
uc1.31822009745878,1972,1970,SE,us,UNLABELED,1,000640769,Undersea technology
uc1.31822015766207,1971,1970,SE,us,UNLABELED,1,000545645,Electronics world
uc1.31822035080878,1979,1970,SE,us,UNLABELED,1,010745990,Cooking.
uc1.31822042955922,1974,1970,SE,us,UNLABELED,1,102447570,Deck log book of the R/V Dolphin
uc1.32106005837254,1972,1970,SE,us,UNLABELED,1,003778860,Proceedings of the Academy of Political Science
uc1.32106006120387,1975,1970,SE,us,UNLABELED,1,006200247,Historical studies in the physical sciences
uc1.32106019615670,1970,1970,SE,us,UNLABELED,1,007119238,Epos.
uc1.32106019615696,1972,1970,SE,us,UNLABELED,1,007119238,Epos.
uc1.32106020041007,1973,1970,SE,us,UNLABELED,1,000678551,Voyages.
uc1.b3045532,1976,1970,SE,us,UNLABELED,1,000677202,The American rose annual / American Rose Society.
uc1.b3078320,1974,1970,SE,us,UNLABELED,1,010120486,To you.
uc1.b3232254,1976,1970,SE,us,UNLABELED,1,010324683,Arnold newsletter.
uc1.b3282752,1972,1970,SE,us,UNLABELED,1,000549577,Occasional paper / National Bureau of Economic Research.
uc1.b3282767,1972,1970,SE,us,UNLABELED,1,000549577,Occasional paper / National Bureau of Economic Research.
uc1.b3297054,1971,1970,SE,us,UNLABELED,1,007925096,Taxes.
uc1.b3353141,1977,1970,SE,us,UNLABELED,1,000641840,Annual book of ASTM standards.
uc1.b3508316,1977,1970,SE,us,UNLABELED,1,002967344,Social sciences
uc1.b3585084,1976,1970,SE,us,UNLABELED,1,006665168,The Southeastern reporter.
uc1.b3630463,1973,1970,SE,us,UNLABELED,1,000498124,Advances in food research.
uc1.b3664691,1977,1970,SE,us,UNLABELED,1,000518789,Victorian poetry.
uc1.b3747572,1973,1970,SE,us,UNLABELED,1,000523640,Caribbean studies.
uc1.b3773462,1975,1970,SE,us,UNLABELED,1,000517958,Transportation science
uc1.b3899500,1978,1970,SE,us,UNLABELED,1,000677750,Biography.
uc1.b3960204,1971,1970,SE,us,UNLABELED,1,000642830,Transactions of the American Otological Society.
uc1.b3982759,1975,1970,SE,us,UNLABELED,1,010002045,Proceedings of the Annual Convention
uc1.b4000731,1979,1970,SE,us,UNLABELED,1,010001113,Festina lente
uc1.b4001604,1977,1970,SE,us,UNLABELED,1,010001201,Ohio State Bar Association.
uc1.b4019654,1970,1970,SE,us,UNLABELED,1,007858377,Proceedings.
uc1.b4093118,1979,1970,SE,us,UNLABELED,1,000599143,Cry California.
uc1.b4099203,1973,1970,SE,us,UNLABELED,1,010058043,Saunders monographs in clinical nursing.
uc1.b4159792,1978,1970,SE,us,UNLABELED,1,006171796,Counseling clients in the entertainment industry.
uc1.b4253543,1978,1970,SE,us,UNLABELED,1,006200937,ICAS report.
uc1.b4293370,1979,1970,SE,us,UNLABELED,1,010072033,Advances in urethane science and technology.
uc1.b4293381,1971,1970,SE,us,UNLABELED,1,000522317,Progress in separation and purification.
uc1.b4374915,1979,1970,SE,us,UNLABELED,1,010083737,Public acts passed by the General Assembly
uc1.b4392138,1973,1970,SE,us,UNLABELED,1,000676666,Behavioral biology.
uc1.b4425972,1976,1970,SE,us,UNLABELED,1,000498574,California State publications.
uc1.b4443093,1972,1970,SE,us,UNLABELED,1,010085598,Proceedings of the National Institute for Petroleum Landmen
uc1.b4479007,1976,1970,SE,us,UNLABELED,1,007172104,Acta zoologica Academiae Scientiarum Hungaricae.
uc1.b4481599,1974,1970,SE,us,UNLABELED,1,000522747,Bird-banding.
uc1.b4490326,1976,1970,SE,us,UNLABELED,1,000051187,Drugs in health care
uc1.b4492776,1974,1970,SE,us,UNLABELED,1,000551562,National energy study.
uc1.b5022797,1979,1970,SE,us,UNLABELED,1,000495983,Poultry science.
uc1.b5099779,1973,1970,SE,us,UNLABELED,1,003908309,Proceedings of the Steklov Institute of Mathematics
uc1.c033257797,1972,1970,SE,us,UNLABELED,1,000534051,Special distribution publication - State Geological Survey.
uc1.c058681309,1973,1970,SE,us,UNLABELED,1,101740058,"AXT / Cooperative Extension, University of California."
uc1.c070931726,1974,1970,SE,us,UNLABELED,1,100752410,The Hilltopper.
uc1.c104594274,1979,1970,SE,us,UNLABELED,1,102114413,California state highway log
uc1.c108461015,1979,1970,SE,us,UNLABELED,1,101829239,Reports / European Parliament.
uc1.l0050949403,1979,1970,SE,us,UNLABELED,1,009538978,The Deltasig.
uc1.l0067267823,1975,1970,SE,us,UNLABELED,1,000495916,Advances in neurology.
ucbk.ark:/28722/h2t43jn26,1972,1970,SE,us,UNLABELED,1,103003981,BAR
ufl.31262055454671,1977,1970,SE,us,UNLABELED,1,103215266,State rankings per capita of Federal aid to States.
ufl.31262100709095,1975,1970,SE,us,UNLABELED,1,103079269,Newsletter.
uga1.32108009737605,1972,1970,SE,us,UNLABELED,1,102918942,"Papers and proceedings, Idaho State Tax Institute."
uga1.32108026524366,1979,1970,SE,us,UNLABELED,1,009664213,Ecumene.
uiug.30112001539862,1974,1970,SE,us,UNLABELED,1,000047451,"Technical note, BN-"
uiug.30112008050350,1977,1970,SE,us,UNLABELED,1,000548544,Annual report / Conference on Electrical Insulation and Dielectric Phenomena.
uiug.30112008182286,1978,1970,SE,us,UNLABELED,1,011476000,Proceedings of Computer Networking Symposium.
uiug.30112018697950,1977,1970,SE,us,UNLABELED,1,000057142,Issues in media management.
uiug.30112019392890,1974,1970,SE,us,UNLABELED,1,006131933,South Dakota farm & home research.
uiug.30112027081600,1973,1970,SE,us,UNLABELED,1,000529147,California geology.
uiug.30112028171947,1977,1970,SE,us,UNLABELED,1,000534316,"Special report / Center for Great Lakes Studies, University of Wisconsin-Milwaukee."
uiug.30112028752647,1974,1970,SE,us,UNLABELED,1,100711773,University of Texas publications in astronomy.
uiug.30112039330581,1979,1970,SE,us,UNLABELED,1,000520602,Western European education.
uiug.30112048960501,1975,1970,SE,us,UNLABELED,1,000637322,Reports on population/family planning / issued by the Population Council and the International Institute for the Study o
uiug.30112053003031,1975,1970,SE,us,UNLABELED,1,000597675,Umoja.
uiug.30112067184397,1974,1970,SE,us,UNLABELED,1,011482411,Proceedings - Faculty Engineering Conference.
uiug.30112067189263,1971,1970,SE,us,UNLABELED,1,000680119,Report / Earthquake Engineering Research Center.
uiug.30112074753895,1978,1970,SE,us,UNLABELED,1,000680944,Report of archeological investigations.
uiug.30112087132897,1974,1970,SE,us,UNLABELED,1,010177839,Publication.
uiug.30112087784937,1976,1970,SE,us,UNLABELED,1,009882182,"North Carolina labor force estimates ... by county, defined multi-county labor areas, state, multi-county planning regio"
uiug.30112105874835,1977,1970,SE,us,UNLABELED,1,012369706,"Annual report / Indiana State Highway Commission, Safety Division."
uiug.30112106540906,1971,1970,SE,us,UNLABELED,1,000541475,CINDA.
uiug.30112106752626,1979,1970,SE,us,UNLABELED,1,000504407,World Bank staff working paper.
uiug.30112106793182,1972,1970,SE,us,UNLABELED,1,011450644,Proceedings - Governor's Conference on Aging (Ohio).
uiug.30112106891960,1975,1970,SE,us,UNLABELED,1,011451453,Letters & papers on the social sciences and humanities.
uiug.30112116716066,1974,1970,SE,us,UNLABELED,1,000682053,Current technical papers.
uiug.30112118316451,1979,1970,SE,us,UNLABELED,1,100787136,Summary of legislation / Kansas Legislature.
uiug.30112118472551,1970,1970,SE,us,UNLABELED,1,002132577,"CB policy paper / Coordinating Board, Texas College and University System."
uiug.30112120248312,1978,1970,SE,us,UNLABELED,1,101857889,Travel regulations for Secretary of State personnel.
uiug.30112121962945,1975,1970,SE,us,UNLABELED,1,102131887,The summary of engineering research.
uma.ark:/13960/t7dr4j01n,1979,1970,SE,us,UNLABELED,1,100123265,Wendell post.
umn.31951000575436a,1977,1970,SE,us,UNLABELED,1,009799901,dp-ed.
umn.319510005948787,1975,1970,SE,us,UNLABELED,1,000637838,Thrust.
umn.319510006412931,1979,1970,SE,us,UNLABELED,1,000049900,Educational series - Maryland Geological Survey.
umn.31951000694706t,1977,1970,SE,us,UNLABELED,1,000598876,American book publishing record.
umn.31951001233182q,1971,1970,SE,us,UNLABELED,1,100800516,Income tax act / State of Minnesota.
umn.319510012461477,1978,1970,SE,us,UNLABELED,1,000531582,Skeptic.
umn.31951001278022z,1975,1970,SE,us,UNLABELED,1,008442369,Nineteenth century
umn.31951d00408626h,1970,1970,SE,us,UNLABELED,1,010689988,Plywood and Panel.
umn.31951d00411430r,1974,1970,SE,us,UNLABELED,1,010588109,Crossties.
umn.31951d004711222,1975,1970,SE,us,UNLABELED,1,010364674,"""R"" publication series."
umn.31951d00955605b,1970,1970,SE,us,UNLABELED,1,010366259,"Special publication / Minnesota Dept. of Natural Resources, Division of Fish and Wildlife, Section of Fisheries."
umn.31951d013319960,1979,1970,SE,us,UNLABELED,1,007810151,Annual report.
umn.31951d01977057m,1979,1970,SE,us,UNLABELED,1,004930759,The Agency's accounts for ... / International Atomic Energy Agency.
umn.31951d03613766i,1978,1970,SE,us,UNLABELED,1,100755218,State register / State of Minnesota.
umn.31951p000170749,1979,1970,SE,us,UNLABELED,1,100887932,List of recent periodical articles.
umn.31951p00445288q,1977,1970,SE,us,UNLABELED,1,002951909,Statistics of road traffic accidents in Europe / Economic Commission for Europe = Statistiques des accidents de la circu
umn.31951p01112505i,1979,1970,SE,us,UNLABELED,1,010836180,Small mammal EHD investigations.
umn.31951p011371786,1978,1970,SE,us,UNLABELED,1,009193002,Maryland conservationist.
umn.31951p011374904,1972,1970,SE,us,UNLABELED,1,000521292,Outdoor California.
umn.31951t00228502l,1974,1970,SE,us,UNLABELED,1,009193165,Mosquito systematics.
umn.31951t00232240d,1973,1970,SE,us,UNLABELED,1,009189852,South Dakota conservation digest.
uva.x000022621,1974,1970,SE,us,UNLABELED,1,004529260,U.S. news & world report
uva.x000205257,1977,1970,SE,us,UNLABELED,1,000676543,Studies in medieval culture.
uva.x000214516,1975,1970,SE,us,UNLABELED,1,002133607,Corks and curls.
uva.x001677509,1973,1970,SE,us,UNLABELED,1,000496047,Automotive engineering.
uva.x001897599,1973,1970,SE,us,UNLABELED,1,000636013,The Print collector's newsletter.
uva.x002028007,1976,1970,SE,us,UNLABELED,1,000499697,Feminist studies : FS.
uva.x002051517,1972,1970,SE,us,UNLABELED,1,006102222,The New records.
uva.x002173168,1974,1970,SE,us,UNLABELED,1,102006393,"Schwann-1, record & tape guide."
uva.x004761639,1976,1970,SE,us,UNLABELED,1,001295774,"Technical report - Massachusetts Institute of Technology, Research Laboratory of Electronics."
uva.x004946741,1976,1970,SE,us,UNLABELED,1,009195180,Textile technology digest.
uva.x030739327,1976,1970,SE,us,UNLABELED,1,000597528,Resources.
uva.x030740925,1971,1970,SE,us,UNLABELED,1,102072178,Received or planned current fishery and oceanography translations.
wu.89007408453,1979,1970,SE,us,UNLABELED,1,000062002,Chiefs of state and cabinet ministers of the American Republics.
wu.89055207989,1971,1970,SE,us,UNLABELED,1,000526137,Transactions / The Society of Naval Architects and Marine Engineers
wu.89055208003,1972,1970,SE,us,UNLABELED,1,000526137,Transactions / The Society of Naval Architects and Marine Engineers
wu.89058344011,1973,1970,SE,us,UNLABELED,1,003150984,The Cross and the Flag.
wu.89058657248,1979,1970,SE,us,UNLABELED,1,008557670,Committee of correspondence.
wu.89062940903,1973,1970,SE,us,UNLABELED,1,005802397,The Genealogical helper.
wu.89067362327,1979,1970,SE,us,UNLABELED,1,000640900,Appalachian notes.
wu.89092637354,1975,1970,SE,us,UNLABELED,1,007972518,Connections 2.
wu.89100804434,1978,1970,SE,us,UNLABELED,1,007562837,County jail and detention facility report.
